general,roleModel,leaving,dropOut,equal,department,groups,gender,confident,intimidated,pressure,peer_respect,staff_respect,prove_myself,tell_peers,tell_professors,School Year,Asks in Lecture,Professor Same Background,Asks in OH,OH Same Background,Asks on Forum,Gender,Acceptance Race,Acceptance Gender,Acceptance Orientation,Acceptance Disability,Acceptance FirstGen,Acceptance Income,Job Race,Job Gender,Job Orientation,Job Disability,Job FirstGen,Job Income,Bias Race,Bias Gender,Bias Orientation,Bias Disability,Bias ParentEducation,Bias Income,Bias Other,Microagression,Interrupted,Respected in Group,African American/Black,Hispanic/Latine,Middle Eastern/North African,Asian,Pacific Islander/Hawaiian,Native America/Alaskan Native/First Nations,White,Major,Asexual,Bisexual,Gay/Lesbian,Heterosexual,Pansexual,Queer,Other,Transgender Students,Students with Disabilities,First-Generation Students,Low-income Students,International Students
False,No,Yes,No,No,Yes,Yes,Man,0,1,1,1,0,1,0,0,Sophomore,0,0,0,0,0,Man,0,0,0,0,0,0,0,0,0,0,0,0,1,1,1,1,1,1,0,1,1,0,0,0,0,0,0,0,1,Engineering-based,0,0,0,0,0,1,0,No,No,Yes,Prefer not to say,Yes
False,Yes,Yes,Yes,No,No,Yes,Man,0,1,1,1,0,1,1,0,Sophomore,0,1,0,1,1,Man,1,0,0,0,0,0,0,0,0,0,0,0,1,1,1,1,0,1,0,1,1,1,1,0,1,0,0,0,0,Computer Science,0,0,0,1,0,0,0,No,Yes,Yes,No,No
False,No,Yes,No,Maybe,Yes,Yes,Woman,0,1,1,1,1,0,0,0,Sophomore,0,1,1,1,1,Woman,0,0,0,0,0,0,0,0,0,0,0,0,1,1,1,1,1,1,0,0,0,1,0,0,0,1,0,0,0,Computer Science,0,0,0,1,0,0,0,No,No,No,No,No
False,Yes,No,No,Yes,Yes,No,Man,1,0,1,1,1,0,1,1,Senior,1,0,1,0,1,Man,0,0,0,0,0,0,0,0,0,0,0,0,0,0,0,0,0,0,0,0,0,1,0,1,0,0,0,0,0,Life Sciences,0,0,0,1,0,0,0,No,No,No,No,Yes
False,Yes,Yes,No,Maybe,Maybe,Yes,Man,1,1,1,1,0,1,1,1,Freshman,1,1,1,1,1,Man,0,0,0,0,0,0,0,0,0,0,0,0,1,1,0,0,0,1,0,0,1,1,0,0,0,1,0,0,0,Computer Science,0,0,0,1,0,0,0,No,No,Yes,Yes,Yes
False,No,Yes,No,Maybe,Yes,Yes,Woman,1,0,0,1,1,0,0,0,Junior,1,0,1,0,0,Woman,0,0,0,0,0,0,0,0,0,0,0,0,1,1,1,1,1,1,0,0,1,1,0,1,0,0,0,0,1,Computer Science,0,0,0,1,0,0,0,No,No,No,No,Yes
False,No,No,No,Yes,Yes,Yes,Man,1,0,0,1,1,0,0,0,Sophomore,1,0,1,0,1,Man,0,0,0,0,0,0,0,0,0,0,0,0,1,1,1,1,0,0,0,0,0,1,0,0,0,1,0,0,0,Computer Science,0,0,0,1,0,0,0,No,No,No,No,No
False,Maybe,Yes,No,No,Yes,Yes,Woman,0,1,1,1,1,1,0,0,Sophomore,0,1,1,0,0,Woman,0,1,0,0,0,1,0,1,0,0,0,0,1,1,1,1,1,1,0,1,1,1,0,0,0,1,0,0,0,Computer Science,0,0,0,1,0,0,0,No,No,No,No,No
False,Yes,Maybe,No,No,Yes,Yes,Woman,1,1,1,1,1,0,0,0,Senior,0,1,0,1,1,Woman,0,0,0,0,0,0,0,1,0,0,0,0,1,1,1,1,1,0,0,0,1,0,0,0,0,1,0,0,0,Computer Science,0,0,0,1,0,0,0,No,No,No,No,No
False,Yes,No,No,Yes,Yes,Yes,Man,1,0,0,1,1,0,1,1,Sophomore,1,0,1,0,1,Man,0,0,0,0,0,0,0,0,0,0,0,1,1,1,1,1,1,1,0,0,0,1,0,0,0,1,0,0,0,Engineering-based,0,1,0,1,0,0,0,No,No,Yes,No,Yes
False,No,Yes,Yes,No,No,Yes,Woman,0,1,1,0,0,1,0,0,Junior,0,1,0,1,0,Woman,1,1,0,0,1,1,1,1,0,0,0,0,1,1,1,1,1,1,0,1,1,0,1,1,0,0,0,0,0,Life Sciences,0,1,0,0,1,0,0,No,No,Yes,No,No
False,Maybe,No,No,Yes,Yes,Yes,Woman,1,0,0,1,1,0,0,0,Junior,1,0,1,0,1,Woman,0,0,0,0,0,0,0,0,0,0,0,0,1,1,0,1,0,0,0,0,0,0,0,0,0,1,0,0,0,Computer Science,0,1,0,0,0,0,0,No,No,Yes,Yes,No
False,Maybe,Yes,No,No,Yes,Yes,Man,0,1,1,1,1,1,1,0,Sophomore,1,0,1,1,1,Man,1,0,0,0,0,1,0,0,0,0,0,0,1,1,1,1,1,1,0,1,0,1,0,1,0,0,0,0,0,Mathematics,0,0,0,1,0,0,0,No,No,No,Yes,No
False,Yes,Yes,No,Maybe,Yes,Yes,Man,1,0,1,1,1,0,1,1,Sophomore,1,0,1,0,1,Man,0,0,0,0,0,0,0,0,0,0,0,0,1,1,1,1,0,1,0,0,0,1,0,0,0,0,0,0,1,Computer Science,0,0,0,1,0,0,0,No,No,No,No,No
False,Maybe,No,No,No,Maybe,Yes,Woman,1,0,1,0,0,1,1,0,Senior,0,1,1,0,1,Woman,0,0,0,0,0,0,0,1,0,0,0,0,1,1,1,1,0,1,0,0,0,0,0,0,0,1,0,0,1,Computer Science,0,1,0,0,0,0,0,No,No,No,No,No
False,Yes,No,No,Yes,Yes,Yes,Woman,1,0,0,1,1,0,1,1,Senior,1,1,1,0,1,Woman,1,0,0,0,0,0,0,0,0,1,0,0,1,0,0,1,1,1,0,0,0,1,1,0,0,0,0,0,0,Life Sciences,0,0,0,1,0,0,0,No,Yes,No,Yes,No
False,Maybe,No,No,Maybe,Maybe,Yes,Man,1,0,1,1,1,0,1,0,Sophomore,0,0,1,0,1,Man,0,0,0,0,0,0,0,0,0,0,0,0,1,1,1,0,0,1,0,0,0,1,0,0,0,1,0,0,0,Computer Science,0,0,0,1,0,0,0,No,No,No,No,No
False,Yes,No,No,Yes,Yes,Yes,Woman,1,1,1,1,1,1,0,0,Senior,0,1,1,1,0,Woman,0,0,0,0,0,0,0,1,0,0,0,0,1,1,1,1,1,1,0,1,1,1,0,0,0,1,0,0,1,Computer Science,0,0,0,1,0,0,0,No,No,No,No,No
False,Maybe,Yes,No,Yes,Yes,Yes,Man,0,1,1,1,1,0,1,1,Junior,0,0,0,1,0,Man,0,0,0,0,0,0,0,0,0,0,0,0,1,1,1,1,0,1,0,0,0,1,0,0,0,1,0,0,0,Engineering-based,0,0,0,1,0,0,0,No,No,No,No,No
False,No,No,No,Yes,No,Yes,Man,1,0,0,1,0,1,0,0,Junior,0,0,0,0,0,Man,0,0,0,0,0,0,0,0,0,0,0,0,1,1,1,1,1,1,0,0,1,0,0,0,0,1,0,0,0,Computer Science,1,0,0,0,0,0,0,No,No,No,Yes,No
False,Yes,No,No,No,Yes,Yes,Woman,1,1,1,1,1,0,1,0,Senior,0,0,1,0,0,Woman,0,0,0,0,0,0,0,0,0,0,0,0,1,1,1,1,1,1,0,0,1,1,0,0,0,1,0,0,0,Mathematics,0,0,0,1,0,0,0,No,No,No,No,No
False,Yes,No,No,No,Yes,Yes,Woman,0,1,1,0,0,1,0,0,Senior,0,1,1,0,1,Woman,0,0,0,0,0,0,0,0,0,0,0,0,1,1,1,1,1,1,0,0,0,0,0,0,0,1,0,0,0,Life Sciences,0,0,0,1,0,0,0,No,No,No,No,No
False,No,No,No,Yes,Yes,Yes,Woman,1,1,1,1,1,1,0,1,Sophomore,1,1,1,0,1,Woman,0,1,0,0,0,1,0,0,0,0,0,0,1,1,1,1,1,1,0,0,0,0,0,0,0,1,0,0,0,Undecided,0,1,0,1,0,0,0,No,No,No,No,No
False,Yes,No,No,Maybe,Yes,Yes,Woman,1,0,1,1,1,0,0,1,Junior,1,0,1,0,1,Woman,0,0,0,0,0,0,0,0,0,0,0,0,1,1,1,1,0,0,0,1,0,1,0,0,0,1,0,0,0,Life Sciences,0,0,0,1,0,0,0,No,No,No,No,No
False,No,No,No,No,No,Yes,Man,1,0,1,0,0,1,0,0,Sophomore,0,1,1,1,1,Man,1,0,0,0,1,1,1,0,0,0,0,0,1,1,1,1,0,1,0,0,1,1,0,1,0,0,0,0,0,Computer Science,0,0,0,1,0,0,0,No,No,Yes,Yes,No
False,Maybe,Yes,No,Yes,No,Yes,Man,0,1,1,1,0,1,0,0,Junior,0,0,1,0,1,Man,1,0,0,0,0,1,0,0,0,0,0,0,1,1,1,1,1,1,0,1,1,0,0,0,0,0,0,0,1,Computer Science,0,1,0,0,0,0,0,No,No,No,No,Yes
False,Maybe,No,No,Maybe,Yes,Yes,Man,1,0,1,1,1,0,1,0,Freshman,1,0,0,0,1,Man,0,0,0,0,0,0,0,0,0,0,0,0,1,1,0,1,0,0,0,0,0,1,0,0,0,1,0,0,0,Computer Science,0,0,0,1,0,0,0,No,No,No,No,No
False,No,No,No,Yes,Yes,Yes,Woman,1,1,1,1,0,0,1,0,Sophomore,0,0,1,0,1,Woman,0,0,0,0,0,0,0,1,0,0,0,0,1,1,1,1,1,1,0,1,0,1,0,0,0,0,0,0,1,Computer Science,0,0,0,1,0,0,0,No,No,No,No,No
False,No,Yes,No,No,No,Maybe,Man,0,1,1,0,0,1,1,0,Sophomore,0,0,0,0,1,Man,0,0,0,0,0,0,0,0,0,0,0,0,1,1,0,1,0,1,0,0,0,0,0,0,0,0,0,0,1,Computer Science,1,0,0,0,0,0,0,No,No,No,Yes,No
False,No,No,No,No,Maybe,Yes,Woman,0,1,1,0,0,1,0,1,Sophomore,0,1,1,0,1,Woman,0,1,0,0,1,1,0,1,0,0,0,0,1,1,1,1,1,1,0,1,1,0,0,0,0,1,0,0,0,Computer Science,0,0,1,0,0,1,0,No,No,Yes,Yes,No
False,Yes,Yes,No,Yes,Yes,Yes,Man,1,1,1,1,1,0,0,0,Senior,1,1,1,1,1,Man,0,0,0,0,0,0,0,0,0,0,0,0,1,1,1,1,1,1,0,0,1,1,0,0,0,1,0,0,0,Mathematics,0,0,0,1,0,0,0,No,No,No,No,No
False,No,Yes,Yes,No,No,Yes,Woman,0,1,1,0,0,1,1,1,Junior,0,1,0,1,1,Woman,1,0,0,0,1,1,0,0,0,0,0,0,1,1,1,1,1,1,0,1,1,0,0,0,0,1,0,0,0,Computer Science,0,1,0,0,0,0,0,No,Yes,Yes,Yes,No
False,No,No,No,Yes,Yes,No,Man,1,0,1,1,1,0,0,0,Freshman,0,0,1,0,0,Man,0,0,0,0,0,0,0,0,0,0,0,0,1,1,1,1,0,1,0,0,0,1,0,0,0,1,0,0,0,Computer Science,0,0,0,1,0,0,0,No,No,No,No,No
False,Yes,No,No,Maybe,Maybe,Maybe,Man,1,0,0,1,1,1,1,0,Graduate Student,1,0,1,0,0,Man,0,0,0,0,0,0,0,0,0,0,0,0,1,1,1,1,0,1,0,0,0,1,0,0,0,0,0,0,1,Computer Science,0,0,0,1,0,0,0,No,No,No,Prefer not to say,No
False,No,No,No,No,Yes,Yes,Woman,0,1,1,1,1,1,1,1,Sophomore,0,1,1,0,1,Woman,0,0,0,0,0,0,0,0,0,0,0,1,1,1,1,1,1,1,0,0,0,1,0,0,0,1,0,0,1,Computer Science,0,1,0,0,0,0,0,No,No,No,No,No
False,No,No,No,Yes,Yes,Yes,Man,1,0,0,1,1,0,1,1,Sophomore,1,0,1,0,1,Man,0,0,0,0,0,0,0,0,0,0,0,0,1,1,1,1,1,1,0,0,0,1,0,0,0,0,0,0,1,Computer Science,1,0,0,0,0,0,0,No,No,No,No,No
False,No,No,No,No,Maybe,Yes,Woman,0,1,1,1,0,0,0,0,Senior,0,1,1,1,1,Woman,0,0,0,0,0,0,0,0,0,0,0,0,1,1,1,1,1,1,0,0,1,0,0,0,0,0,0,0,1,Computer Science,0,0,1,0,0,0,0,No,No,No,No,No
False,Maybe,Yes,No,No,Yes,Yes,Man,1,0,1,1,1,0,1,0,Sophomore,1,1,1,1,1,Man,0,0,0,0,0,0,0,0,0,0,0,0,1,1,1,1,0,0,0,0,0,1,0,0,0,1,0,0,0,Computer Science,0,0,0,1,0,0,0,No,No,No,No,Yes
False,Yes,Yes,No,Maybe,Maybe,Yes,Woman,0,1,0,1,1,1,0,0,Junior,0,0,1,0,1,Woman,0,0,0,0,0,1,0,0,0,0,0,0,1,1,1,1,1,1,0,0,1,1,0,0,0,0,0,0,1,Undecided,0,0,0,1,0,0,0,No,No,No,No,No
False,No,No,No,Yes,Yes,Yes,Woman,1,0,1,1,1,0,0,0,Junior,0,0,1,0,0,Woman,0,1,0,0,0,0,0,1,0,0,0,0,0,1,0,0,0,0,0,0,0,1,0,0,0,1,0,0,0,Computer Science,0,0,0,1,0,0,0,No,No,No,No,Yes
False,No,Maybe,No,Yes,Yes,No,Man,0,0,1,1,1,0,0,0,Junior,0,0,0,0,1,Man,0,0,0,0,0,0,0,0,0,0,0,0,0,0,0,0,0,0,0,0,0,1,0,0,0,0,0,0,1,Computer Science,0,0,0,1,0,0,0,No,No,No,No,No
False,No,Yes,No,No,No,Yes,Non-binary,0,1,1,0,0,1,0,0,Junior,0,1,0,0,1,Other,0,0,0,0,0,0,0,0,0,0,0,0,1,1,1,1,0,1,0,0,1,0,0,0,0,1,0,0,0,Computer Science,1,1,0,0,0,1,0,No,No,No,Yes,No
False,Yes,No,No,Yes,Yes,Yes,Man,1,0,1,1,1,0,1,1,Junior,1,0,1,0,1,Man,0,0,0,0,0,0,0,0,0,0,0,0,1,1,1,1,1,1,0,0,0,1,0,0,0,0,0,0,1,Computer Science,0,0,0,1,0,0,0,No,No,No,No,No
False,Maybe,No,No,Maybe,Yes,Yes,Woman,1,0,1,1,0,1,0,1,Senior,1,1,1,1,1,Woman,0,1,0,0,0,0,0,1,0,0,0,0,1,1,1,1,1,1,0,1,1,0,0,0,0,0,0,0,1,Computer Science,0,0,0,1,0,0,0,No,No,No,No,No
False,Yes,Yes,No,Maybe,Maybe,Yes,Woman,0,0,1,1,1,1,1,0,Sophomore,0,1,1,0,0,Woman,0,0,0,0,0,0,0,0,0,0,0,0,1,1,1,1,1,1,0,1,1,1,0,0,0,1,0,0,0,Computer Science,0,0,0,1,0,0,0,No,No,Yes,No,No
False,Maybe,Maybe,No,Yes,Yes,Yes,Man,0,1,1,1,0,0,1,1,Junior,0,1,1,0,1,Man,0,0,0,0,0,1,0,0,0,0,0,0,1,1,1,1,0,1,0,0,0,0,0,0,0,1,0,0,0,Mathematics,0,0,0,1,0,0,0,No,No,No,No,Yes
False,Yes,No,No,Maybe,Yes,Yes,Woman,1,0,0,1,1,0,0,0,Junior,0,0,1,0,1,Woman,0,0,0,0,0,0,0,0,0,0,0,0,1,1,1,1,1,1,0,0,0,1,1,0,0,1,0,0,0,Computer Science,0,0,0,1,0,0,0,No,No,No,No,No
False,Yes,Maybe,No,No,No,Yes,Woman,0,1,1,1,1,1,1,1,Senior,0,1,1,0,1,Woman,0,0,0,0,0,0,1,1,0,0,0,0,1,1,1,1,1,1,0,1,1,0,0,1,0,0,0,0,1,Computer Science,0,1,0,1,0,0,0,No,No,No,No,No
False,Yes,No,No,Maybe,Yes,Yes,Man,0,0,1,1,1,0,1,1,Sophomore,0,0,1,0,1,Man,0,0,0,0,0,0,0,0,0,0,0,0,1,1,1,1,1,1,0,0,0,1,0,0,0,0,0,0,1,Engineering-based,0,0,0,1,0,0,0,No,No,No,No,No
False,Yes,No,No,No,Yes,Yes,Woman,1,1,1,1,1,0,1,0,Junior,0,0,1,0,1,Woman,0,0,0,0,0,0,0,1,0,0,0,0,1,1,1,1,1,1,0,0,1,1,0,0,0,1,0,0,0,Computer Science,0,0,0,1,0,0,0,No,No,No,No,Yes
False,Yes,Maybe,No,No,Maybe,Yes,Man,1,1,1,0,1,0,1,1,Sophomore,0,1,0,1,1,Man,0,0,1,0,1,0,0,0,0,0,0,0,1,1,1,1,1,1,0,1,1,1,0,0,0,0,0,0,1,Life Sciences,0,0,1,0,0,0,0,No,No,Yes,No,No
False,No,Yes,No,Maybe,Maybe,Yes,Woman,0,1,1,0,1,1,0,0,Graduate Student,0,1,0,1,0,Woman,1,1,0,0,0,0,1,1,0,0,0,0,1,1,0,1,1,1,0,1,0,0,0,0,0,0,0,0,1,Computer Science,0,0,0,1,0,0,0,No,Yes,Yes,No,Yes
False,No,No,No,Yes,Yes,Yes,Man,1,0,0,1,1,0,1,1,Freshman,1,0,1,0,0,Man,0,0,0,0,0,0,0,0,0,0,0,0,0,0,0,0,0,1,0,0,0,1,0,0,0,1,0,0,0,Computer Science,0,0,0,1,0,0,0,No,No,Prefer not to say,Prefer not to say,Yes
False,Yes,No,No,Maybe,Yes,Yes,Man,1,0,0,1,1,0,1,1,Senior,1,0,1,0,1,Man,0,0,0,0,0,0,0,0,0,0,0,0,1,1,1,1,1,1,0,0,0,1,0,0,0,1,0,0,0,Computer Science,0,0,0,1,0,0,0,No,No,No,No,Yes
False,Yes,Yes,No,Yes,Yes,No,Prefer not to say,0,1,1,1,0,1,1,1,Junior,0,0,1,0,1,Other,0,0,0,0,0,0,0,0,0,0,0,0,1,0,0,0,0,0,0,0,0,1,0,0,0,0,0,0,0,Computer Science,0,0,0,0,0,0,0,Prefer not to say,Prefer not to say,Prefer not to say,Prefer not to say,Prefer not to say
False,Yes,Yes,No,No,Yes,Yes,Man,1,1,1,1,1,0,1,1,Sophomore,0,1,1,0,1,Man,0,0,0,0,0,0,0,0,0,0,0,0,1,1,1,1,1,1,0,0,0,1,0,0,0,1,0,0,0,Life Sciences,0,0,0,1,0,0,0,No,No,No,No,No
False,Yes,Maybe,Maybe,No,No,No,Man,1,0,1,1,0,1,0,0,Junior,0,1,0,1,1,Man,0,0,0,0,0,0,0,0,0,0,0,0,1,1,1,1,1,1,0,0,1,0,0,0,1,0,0,0,0,Computer Science,0,0,0,1,0,0,0,No,No,No,No,Yes
False,No,No,No,Maybe,Yes,Yes,Man,1,0,1,1,1,0,1,0,Senior,1,0,1,1,1,Man,0,0,0,0,0,0,0,0,0,0,0,0,1,1,1,1,0,1,0,0,0,1,0,0,0,1,0,0,0,Computer Science,0,0,0,1,0,0,0,No,No,No,No,No
False,Yes,Yes,No,Maybe,Yes,Yes,Woman,1,0,1,1,1,0,1,1,Sophomore,0,0,1,0,1,Woman,0,0,0,0,0,1,0,0,0,0,0,1,1,1,0,0,0,0,0,0,0,1,0,0,0,1,0,0,0,Computer Science,0,0,0,1,0,0,0,No,No,No,No,Yes
False,Maybe,Maybe,No,No,Yes,Yes,Man,1,1,1,1,1,0,1,0,Junior,1,0,1,0,1,Man,0,0,0,0,0,0,0,0,0,0,0,0,1,1,1,1,1,1,0,0,0,1,0,0,0,0,0,0,1,Computer Science,0,0,0,1,0,0,0,No,No,No,No,No
False,Maybe,No,No,No,Yes,Yes,Man,1,0,1,1,1,0,1,1,Sophomore,0,0,1,0,1,Man,0,0,0,0,0,0,0,0,0,0,0,0,1,1,1,1,0,1,0,0,1,1,0,0,0,0,0,0,1,Computer Science,0,0,0,1,0,0,0,No,No,No,No,No
False,Yes,Yes,No,Maybe,Yes,Yes,Man,1,1,1,1,1,0,1,1,Junior,1,0,1,0,1,Man,0,0,0,0,0,0,0,0,0,0,0,0,1,1,1,1,1,1,0,0,1,1,0,0,0,0,0,0,1,Computer Science,0,0,0,1,0,0,0,No,No,No,No,No
False,No,Yes,No,Yes,Yes,Yes,Woman,1,1,1,1,1,1,1,1,Senior,1,1,1,1,1,Woman,0,1,0,0,0,0,1,1,0,0,0,0,1,1,0,0,0,0,0,1,1,0,0,0,0,1,0,0,0,Computer Science,0,0,0,1,0,0,0,No,No,No,No,No
False,Maybe,No,No,Yes,Yes,Maybe,Man,1,0,1,1,1,0,1,0,Senior,0,1,1,0,0,Man,0,0,0,0,0,1,0,0,0,0,0,0,1,1,1,1,1,1,0,0,1,1,0,0,0,1,0,0,0,Computer Science,0,0,0,1,0,0,0,No,Yes,No,No,Yes
False,Maybe,No,No,No,Maybe,Yes,Man,0,0,1,1,0,0,0,0,Senior,0,0,1,0,1,Man,1,0,0,0,0,1,0,0,0,0,0,1,1,1,1,1,1,1,0,1,0,1,0,0,1,0,0,0,0,Computer Science,0,0,0,1,0,0,0,No,No,No,Yes,Yes
False,Yes,Maybe,No,Maybe,Maybe,Yes,Woman,1,1,1,1,1,1,1,1,Sophomore,1,1,1,1,1,Woman,0,0,0,0,0,0,0,0,0,0,0,0,1,1,1,1,1,1,0,0,1,1,0,0,0,1,0,0,1,Computer Science,1,0,1,0,0,0,0,Yes,Yes,No,No,No
False,Yes,No,No,No,Yes,Yes,Man,1,1,1,0,0,0,1,0,Senior,0,0,1,0,1,Man,0,0,0,0,0,0,0,0,0,0,0,0,1,1,1,1,1,1,0,0,0,1,0,0,0,0,0,0,1,Computer Science,0,0,0,1,0,0,0,No,No,No,No,No
False,Maybe,No,No,Maybe,Yes,Yes,Woman,1,0,0,1,1,0,1,0,Sophomore,0,1,1,0,1,Woman,0,0,0,0,0,0,0,1,0,0,0,0,1,1,1,1,1,1,0,1,1,1,0,0,0,0,0,0,1,Computer Science,0,0,0,0,0,0,0,No,No,No,No,No
False,Yes,No,No,Yes,Yes,Yes,Man,0,0,1,1,1,0,1,1,Junior,1,0,1,0,1,Man,0,0,0,0,0,0,0,0,0,0,0,0,1,0,0,0,0,0,0,0,0,1,0,0,0,1,0,0,0,Computer Science,0,0,0,1,0,0,0,No,No,No,No,No
False,No,Yes,No,Maybe,Maybe,Yes,Man,0,1,1,0,1,0,0,0,Senior,0,0,1,0,1,Man,0,0,0,0,0,0,0,0,0,0,0,0,1,0,1,1,1,1,0,0,0,1,0,0,0,1,0,0,0,Life Sciences,0,0,0,1,0,0,0,No,No,No,Yes,No
False,Yes,No,No,Yes,Yes,Yes,Woman,0,1,1,0,1,1,0,0,Junior,1,0,1,1,0,Woman,0,0,0,0,0,0,0,0,0,0,0,0,1,1,1,1,1,1,0,1,1,1,0,0,0,0,0,0,1,Undecided,0,0,0,1,0,0,0,No,Yes,Yes,Yes,No
True,No,Yes,No,No,No,Yes,Man,1,1,1,0,0,1,0,0,Senior,0,1,0,1,0,Man,1,0,0,0,1,1,1,0,0,0,1,1,1,1,1,1,1,1,0,1,1,0,1,0,0,0,0,0,0,Computer Science,1,0,0,1,0,0,0,No,No,Yes,Yes,No
True,No,Yes,No,No,No,Yes,Man,1,1,1,0,0,1,0,0,Senior,0,1,0,1,0,Man,1,0,0,0,1,1,1,0,0,0,1,1,1,1,1,1,1,1,0,1,1,0,1,0,0,0,0,0,0,Computer Science,1,0,0,1,0,0,0,No,No,Yes,Yes,No
False,Yes,No,No,Maybe,No,Maybe,Man,1,0,1,1,1,1,1,0,Junior,0,1,1,1,1,Man,0,0,0,0,0,0,0,0,0,0,0,0,1,1,0,1,0,0,0,0,0,1,0,0,0,1,0,0,0,Computer Science,0,0,0,1,0,0,0,No,No,No,No,Yes
True,Yes,No,No,Yes,Yes,Yes,Woman,1,0,1,0,1,1,0,0,Senior,1,0,1,0,1,Woman,0,0,0,0,0,0,0,0,0,0,0,0,1,1,1,1,0,1,0,1,1,0,0,0,0,1,0,0,0,Computer Science,0,0,0,1,0,0,0,No,No,No,No,No
True,Yes,No,No,Yes,Yes,Yes,Woman,0,1,1,1,1,0,0,0,Senior,0,0,0,0,1,Woman,0,1,0,0,0,0,0,1,0,0,0,0,1,1,0,0,0,0,0,0,0,0,0,0,0,1,0,0,0,Computer Science,0,0,0,1,0,0,0,No,No,No,No,Yes
True,Maybe,No,No,Yes,Yes,Yes,Non-binary,1,0,1,1,1,0,1,1,Sophomore,0,1,1,1,1,Other,0,1,0,0,0,0,0,1,0,0,0,0,1,1,1,1,1,1,0,0,0,1,0,0,0,1,0,0,0,Computer Science,0,1,0,0,0,0,0,No,No,No,No,No
True,Yes,No,No,Yes,Yes,Maybe,Man,1,0,0,1,1,0,1,1,Senior,1,0,0,0,0,Man,0,0,0,0,0,0,0,0,0,0,0,0,1,0,0,1,0,0,0,0,0,1,0,0,0,1,0,0,0,Computer Science,0,0,0,1,0,0,0,No,No,No,No,Yes
True,Yes,No,No,Yes,Yes,Yes,Woman,0,1,1,1,1,0,0,0,Graduate Student,0,0,1,0,0,Woman,0,0,0,0,0,0,0,0,0,0,0,0,1,1,0,0,0,0,0,1,1,0,0,0,0,1,0,0,0,Computer Science,0,0,0,1,0,0,0,No,No,No,No,Yes
True,Yes,No,No,Yes,Yes,Maybe,Man,1,0,0,1,1,0,1,1,Senior,1,0,0,0,0,Man,0,0,0,0,0,0,0,0,0,0,0,0,1,0,0,1,0,0,0,0,0,1,0,0,0,1,0,0,0,Computer Science,0,0,0,1,0,0,0,No,No,No,No,Yes
True,No,Yes,Yes,Maybe,Yes,Yes,Woman,0,1,1,1,1,1,0,0,Senior,0,1,0,0,0,Woman,0,1,0,0,0,0,0,1,0,0,0,0,1,1,1,1,1,1,0,1,1,1,0,0,0,0,0,0,1,Computer Science,1,0,0,0,0,0,0,No,Yes,No,No,No
True,Yes,No,No,Yes,Yes,Yes,Woman,0,1,1,1,1,0,0,0,Graduate Student,0,0,1,0,0,Woman,0,0,0,0,0,0,0,0,0,0,0,0,1,1,0,0,0,0,0,1,1,0,0,0,0,1,0,0,0,Computer Science,0,0,0,1,0,0,0,No,No,No,No,Yes
True,No,Yes,Yes,Maybe,Yes,Yes,Woman,0,1,1,1,1,1,0,0,Senior,0,1,0,0,0,Woman,0,1,0,0,0,0,0,1,0,0,0,0,1,1,1,1,1,1,0,1,1,1,0,0,0,0,0,0,1,Computer Science,1,0,0,0,0,0,0,No,Yes,No,No,No
True,Yes,No,No,Yes,Yes,Yes,Man,1,0,1,1,1,0,1,1,Sophomore,1,0,1,0,1,Man,0,0,0,0,0,1,0,0,0,0,0,0,1,1,1,1,0,1,0,0,0,1,0,0,0,1,0,0,0,Computer Science,0,0,0,1,0,0,0,No,No,No,No,Yes
True,Yes,No,No,Yes,Yes,Yes,Man,1,0,1,1,1,0,1,1,Sophomore,1,0,1,0,1,Man,0,0,0,0,0,1,0,0,0,0,0,0,1,1,1,1,0,1,0,0,0,1,0,0,0,1,0,0,0,Computer Science,0,0,0,1,0,0,0,No,No,No,No,Yes
True,Yes,No,No,Yes,Yes,Yes,Man,1,0,1,1,1,0,1,1,Sophomore,1,0,1,0,1,Man,0,0,0,0,0,1,0,0,0,0,0,0,1,1,1,1,0,1,0,0,0,1,0,0,0,1,0,0,0,Computer Science,0,0,0,1,0,0,0,No,No,No,No,Yes
True,Yes,No,No,Yes,Maybe,No,Man,1,1,1,1,0,0,0,0,Freshman,1,0,0,0,1,Man,0,0,0,0,0,0,0,0,0,0,0,0,0,0,0,0,0,0,0,0,0,1,0,0,0,0,0,0,1,Computer Science,0,0,0,1,0,0,0,No,No,No,No,No
True,Yes,No,No,Yes,Maybe,No,Man,1,1,1,1,0,0,0,0,Freshman,1,0,0,0,1,Man,0,0,0,0,0,0,0,0,0,0,0,0,0,0,0,0,0,0,0,0,0,1,0,0,0,0,0,0,1,Computer Science,0,0,0,1,0,0,0,No,No,No,No,No
True,No,No,No,Yes,Yes,Yes,Woman,0,0,1,1,1,0,1,1,Junior,1,0,1,1,1,Woman,0,0,0,0,0,0,0,0,0,0,0,0,1,1,1,0,0,0,0,0,1,0,0,0,0,1,0,0,0,Computer Science,0,1,0,0,0,0,0,No,No,No,No,No
True,No,No,No,Yes,Yes,Yes,Woman,0,0,1,1,1,0,1,1,Junior,1,0,1,1,1,Woman,0,0,0,0,0,0,0,0,0,0,0,0,1,1,1,0,0,0,0,0,1,0,0,0,0,1,0,0,0,Computer Science,0,1,0,0,0,0,0,No,No,No,No,No
True,No,No,No,Yes,Yes,Yes,Woman,0,0,1,1,1,0,1,1,Junior,1,0,1,1,1,Woman,0,0,0,0,0,0,0,0,0,0,0,0,1,1,1,0,0,0,0,0,1,0,0,0,0,1,0,0,0,Computer Science,0,1,0,0,0,0,0,No,No,No,No,No
True,Yes,No,No,Maybe,Yes,Yes,Woman,1,0,0,1,1,0,1,1,Senior,1,0,1,0,1,Woman,0,0,1,0,0,0,0,0,0,0,0,0,1,1,1,1,0,1,0,1,1,1,0,0,0,1,0,0,0,Computer Science,0,0,0,1,0,0,0,No,No,No,No,No
True,No,Yes,Yes,Maybe,No,Yes,Prefer not to say,0,1,1,1,0,0,1,1,Sophomore,0,1,1,0,1,Other,0,1,0,0,0,0,0,1,0,0,0,0,0,1,0,0,1,1,0,1,0,1,0,0,0,0,0,0,0,Computer Science,0,0,0,0,0,0,0,Prefer not to say,Prefer not to say,Prefer not to say,Prefer not to say,No
True,No,Yes,No,Maybe,Yes,Yes,Man,1,1,1,1,1,0,1,1,Graduate Student,1,0,0,0,1,Man,0,0,0,0,0,0,0,0,0,0,0,0,1,1,1,1,1,1,0,1,1,1,0,0,0,1,0,0,0,Computer Science,0,0,0,1,0,0,0,No,No,No,No,Yes
True,No,No,No,Maybe,Maybe,Yes,Woman,1,0,1,1,1,0,0,0,Senior,0,0,0,1,1,Woman,0,0,0,0,0,0,0,0,0,0,0,0,1,1,0,1,0,0,0,0,0,1,0,0,0,0,0,0,1,Computer Science,1,1,0,0,0,0,0,No,No,No,No,No
True,Yes,No,No,Maybe,Yes,Yes,Woman,1,0,1,1,1,0,1,1,Graduate Student,0,0,1,0,0,Woman,0,0,0,0,0,0,0,0,0,0,0,0,1,1,1,1,1,1,0,0,1,0,0,0,0,0,0,0,1,Computer Science,0,0,0,1,0,0,0,No,No,No,No,Yes
True,Yes,No,No,Maybe,Maybe,Yes,Woman,0,1,1,1,1,1,0,0,Senior,0,1,1,0,1,Woman,0,1,0,0,0,0,0,1,0,0,0,0,1,1,1,1,0,0,0,1,1,0,0,0,0,1,0,0,0,Computer Science,0,0,0,1,0,0,0,No,No,No,No,No
True,No,No,No,No,Yes,Yes,Man,0,0,1,0,1,0,1,0,Junior,0,0,1,0,1,Man,0,0,0,0,0,0,0,0,0,0,0,0,1,1,1,1,1,1,0,0,0,1,0,0,0,1,0,0,0,Computer Science,0,0,0,1,0,0,0,No,No,No,No,No
True,No,No,No,No,Yes,Yes,Man,0,0,1,0,1,0,1,0,Junior,0,0,1,0,1,Man,0,0,0,0,0,0,0,0,0,0,0,0,1,1,1,1,1,1,0,0,0,1,0,0,0,1,0,0,0,Computer Science,0,0,0,1,0,0,0,No,No,No,No,No
True,No,Maybe,No,Maybe,Maybe,Yes,Woman,0,1,1,0,0,0,0,0,Junior,0,1,1,1,0,Woman,0,1,0,0,0,0,0,1,0,0,0,0,1,1,0,0,0,0,0,0,1,0,0,0,0,1,0,0,0,Computer Science,0,0,0,1,0,0,0,No,No,No,No,No
True,No,Maybe,No,Maybe,Maybe,Yes,Woman,0,1,1,0,0,0,0,0,Junior,0,1,1,1,0,Woman,0,1,0,0,0,0,0,1,0,0,0,0,1,1,0,0,0,0,0,0,1,0,0,0,0,1,0,0,0,Computer Science,0,0,0,1,0,0,0,No,No,No,No,No
True,No,No,No,No,Maybe,Yes,Man,1,0,1,1,1,0,1,0,Freshman,0,0,1,0,1,Man,0,0,0,0,0,0,1,1,1,0,0,1,1,1,1,1,1,1,0,0,1,1,0,1,0,0,0,0,1,Computer Science,0,0,0,1,0,0,0,No,Prefer not to say,No,No,No
True,Yes,No,No,No,Yes,No,Man,1,0,0,1,1,0,1,0,Junior,1,0,1,0,1,Man,0,0,0,0,0,0,0,0,0,0,0,0,1,1,1,0,0,1,0,0,0,1,0,0,0,1,0,0,0,Computer Science,0,0,0,1,0,0,0,No,No,No,No,Yes
True,No,Yes,Yes,No,No,No,Non-binary,0,1,1,0,0,0,0,1,Graduate Student,0,0,0,0,0,Other,1,1,1,1,1,1,1,1,1,1,1,1,1,1,1,1,1,1,0,1,1,0,0,0,0,0,0,0,0,Computer Science,1,1,1,1,1,1,0,Yes,Yes,Yes,Yes,Yes
True,Maybe,No,No,Yes,Yes,Yes,Woman,1,1,1,1,1,1,0,1,Junior,0,0,0,1,1,Woman,1,1,0,0,0,0,1,1,0,0,0,0,1,1,1,1,0,0,0,0,1,1,0,0,0,1,0,0,1,Computer Science,0,0,0,1,0,0,0,No,No,No,No,No
True,No,No,Yes,Yes,Yes,Yes,Man,0,0,1,0,1,1,0,0,Graduate Student,0,0,1,0,1,Man,0,0,0,0,0,0,0,1,0,0,0,0,1,1,1,1,1,1,0,1,1,1,0,0,0,1,0,0,0,Computer Science,0,0,0,1,0,0,0,No,No,Yes,Yes,No
True,No,No,Yes,Yes,Yes,Yes,Man,0,0,1,0,1,1,0,0,Graduate Student,0,0,1,0,1,Man,0,0,0,0,0,0,0,1,0,0,0,0,1,1,1,1,1,1,0,1,1,1,0,0,0,1,0,0,0,Computer Science,0,0,0,1,0,0,0,No,No,Yes,Yes,No
True,No,No,No,Yes,No,Maybe,Man,0,0,1,1,1,0,0,0,Senior,0,0,1,0,1,Man,0,0,0,0,0,0,0,0,0,0,0,0,1,1,0,0,0,0,0,0,0,1,0,0,0,1,0,0,0,Computer Science,0,0,0,1,0,0,0,No,No,No,No,No
True,No,No,No,Yes,No,Maybe,Man,0,0,1,1,1,0,0,0,Senior,0,0,1,0,1,Man,0,0,0,0,0,0,0,0,0,0,0,0,1,1,0,0,0,0,0,0,0,1,0,0,0,1,0,0,0,Computer Science,0,0,0,1,0,0,0,No,No,No,No,No
True,No,No,No,Yes,No,Maybe,Man,0,0,1,1,1,0,0,0,Senior,0,0,1,0,1,Man,0,0,0,0,0,0,0,0,0,0,0,0,1,1,0,0,0,0,0,0,0,1,0,0,0,1,0,0,0,Computer Science,0,0,0,1,0,0,0,No,No,No,No,No
True,No,No,No,Yes,No,Maybe,Man,0,0,1,1,1,0,0,0,Senior,0,0,1,0,1,Man,0,0,0,0,0,0,0,0,0,0,0,0,1,1,0,0,0,0,0,0,0,1,0,0,0,1,0,0,0,Computer Science,0,0,0,1,0,0,0,No,No,No,No,No
True,Yes,Yes,No,Yes,Yes,No,Woman,0,1,1,1,1,0,0,0,Junior,1,0,1,0,1,Woman,0,1,0,0,0,0,0,1,0,0,0,0,1,1,0,0,0,0,0,1,0,1,0,0,0,0,0,0,1,Computer Science,0,0,0,1,0,0,0,No,No,No,No,No
True,Yes,No,No,Yes,Yes,Yes,Man,1,1,1,1,1,0,1,0,Graduate Student,1,0,1,0,1,Man,0,0,0,0,0,0,0,1,0,0,0,0,1,1,1,1,1,1,0,0,0,1,0,0,0,1,0,0,0,Computer Science,0,0,0,1,0,0,0,No,No,No,No,No
True,Yes,No,No,No,Yes,Yes,Man,1,0,0,1,1,0,0,1,Senior,1,0,1,0,1,Man,0,0,0,0,0,0,0,0,1,0,0,0,1,1,1,1,1,1,0,1,0,1,0,0,0,0,0,0,1,Computer Science,0,1,0,0,0,0,0,No,No,No,No,No
True,Maybe,No,No,Yes,Yes,Yes,Woman,1,0,1,1,1,0,1,1,Sophomore,1,0,1,0,1,Woman,0,1,0,0,0,0,0,1,0,0,0,0,0,1,0,0,0,0,0,0,1,1,0,0,0,0,0,0,1,Computer Science,0,0,0,1,0,0,0,No,No,No,No,No
True,Maybe,No,No,Yes,Yes,No,Prefer not to say,1,0,0,1,1,1,0,0,Graduate Student,1,0,1,0,0,Other,0,0,0,0,0,0,0,0,0,0,0,0,0,0,0,0,0,0,0,0,0,1,0,0,0,0,0,0,0,Computer Science,0,0,0,0,0,0,0,No,No,No,No,Yes
True,Yes,Yes,No,Yes,Yes,Yes,Woman,1,1,1,1,1,1,1,1,Senior,1,0,1,0,1,Woman,0,1,0,1,0,0,0,1,0,1,0,0,1,1,1,1,1,1,0,1,1,0,0,0,0,1,0,0,0,Computer Science,0,0,0,1,0,0,0,No,Yes,No,No,No
True,Yes,Maybe,No,No,No,Yes,Woman,1,0,1,0,0,1,0,0,Senior,0,1,1,0,1,Woman,0,0,0,0,0,0,0,0,0,0,0,0,1,1,1,1,1,1,0,0,1,0,0,0,0,0,0,0,1,Computer Science,1,1,0,0,0,1,0,No,No,No,No,No
True,Yes,Yes,No,Yes,Yes,Yes,Woman,1,1,1,1,1,1,1,1,Senior,1,0,1,0,1,Woman,0,1,0,1,0,0,0,1,0,1,0,0,1,1,1,1,1,1,0,1,1,0,0,0,0,1,0,0,0,Computer Science,0,0,0,1,0,0,0,No,Yes,No,No,No
True,Yes,No,No,Yes,Yes,Yes,Man,1,0,0,1,1,0,1,1,Freshman,1,0,1,0,0,Man,0,0,0,0,0,0,0,0,0,0,0,0,1,1,1,1,1,1,0,0,0,1,0,0,0,1,0,0,1,Computer Science,0,0,0,1,0,0,0,No,No,No,No,No
True,Yes,No,No,Yes,Yes,Yes,Man,1,0,0,1,1,0,1,1,Freshman,1,0,1,0,0,Man,0,0,0,0,0,0,0,0,0,0,0,0,1,1,1,1,1,1,0,0,0,1,0,0,0,1,0,0,1,Computer Science,0,0,0,1,0,0,0,No,No,No,No,No
True,Yes,No,No,Yes,Yes,Yes,Man,1,0,0,1,1,0,1,1,Freshman,1,0,1,0,0,Man,0,0,0,0,0,0,0,0,0,0,0,0,1,1,1,1,1,1,0,0,0,1,0,0,0,1,0,0,1,Computer Science,0,0,0,1,0,0,0,No,No,No,No,No
True,Maybe,Yes,No,Yes,Maybe,Yes,Woman,0,1,1,1,0,1,0,0,Sophomore,0,0,0,1,1,Woman,1,0,0,0,0,0,0,0,0,0,0,0,1,1,1,1,1,1,0,1,0,1,0,0,0,1,0,0,0,Computer Science,0,0,0,1,0,0,0,No,No,No,No,No
True,Maybe,No,No,Maybe,Yes,Yes,Woman,1,0,1,1,1,0,0,0,Sophomore,0,0,0,0,1,Woman,1,0,0,0,0,0,1,1,1,0,0,0,1,1,1,1,1,1,0,1,1,1,0,0,0,0,0,0,1,Computer Science,0,0,1,0,0,0,0,Yes,No,No,No,No
True,No,No,No,Yes,No,Yes,Man,1,0,1,1,1,0,1,0,Junior,1,0,1,0,1,Man,1,0,0,0,0,1,1,0,0,0,0,0,1,1,1,1,1,1,0,0,1,1,0,1,0,0,0,0,1,Computer Science,0,0,0,1,0,0,0,No,No,No,No,No
True,No,No,No,Yes,Yes,Yes,Man,1,0,1,1,1,0,1,0,Junior,1,1,1,0,1,Man,0,0,0,0,0,0,0,0,0,0,0,0,1,1,1,1,1,1,0,0,1,0,0,0,0,1,0,0,0,Computer Science,0,0,0,1,0,0,0,No,No,Yes,Yes,No
True,No,No,No,Yes,No,Yes,Man,1,0,1,1,1,0,1,0,Junior,1,0,1,0,1,Man,1,0,0,0,0,1,1,0,0,0,0,0,1,1,1,1,1,1,0,0,1,1,0,1,0,0,0,0,1,Computer Science,0,0,0,1,0,0,0,No,No,No,No,No
True,Yes,Yes,No,No,No,Yes,Woman,0,1,1,0,0,1,0,0,Junior,0,1,1,0,1,Woman,1,0,0,0,1,0,1,1,0,0,0,0,1,1,0,0,0,1,0,1,1,0,0,1,0,0,0,0,0,Computer Science,0,0,0,1,0,0,0,No,No,Yes,No,No
True,No,No,No,No,No,Yes,Woman,0,1,0,1,1,1,0,0,Graduate Student,0,0,0,0,0,Woman,0,1,0,0,0,0,0,0,0,0,0,0,1,1,0,0,0,1,0,0,1,1,0,0,0,0,0,0,1,Computer Science,0,0,0,1,0,0,0,No,No,No,No,No
True,No,No,No,No,No,Yes,Woman,0,1,0,1,1,1,0,0,Graduate Student,0,0,0,0,0,Woman,0,1,0,0,0,0,0,0,0,0,0,0,1,1,0,0,0,1,0,0,1,1,0,0,0,0,0,0,1,Computer Science,0,0,0,1,0,0,0,No,No,No,No,No
True,Yes,No,No,Yes,Yes,Yes,Woman,1,1,0,1,1,0,1,0,Junior,1,0,1,1,1,Woman,0,1,0,0,0,0,0,1,0,0,0,0,0,1,0,0,0,0,0,0,0,1,0,0,0,1,0,0,0,Computer Science,0,0,0,1,0,0,0,No,No,No,No,No
True,Yes,No,No,Maybe,Yes,Maybe,Man,0,1,1,1,0,1,0,0,Sophomore,1,0,1,0,1,Man,0,0,0,0,0,0,0,0,0,0,0,0,1,1,0,1,0,0,0,0,1,0,0,0,0,1,0,0,0,Computer Science,0,0,0,1,0,0,0,No,No,No,No,Yes
True,Yes,No,No,Maybe,Yes,Yes,Woman,1,0,1,1,1,0,0,0,Junior,0,0,1,0,0,Woman,0,0,0,0,0,0,0,0,0,0,0,0,1,1,1,1,0,0,0,0,0,1,0,0,0,1,0,0,0,Computer Science,0,0,0,1,0,0,0,No,No,No,No,No
True,Maybe,No,No,Maybe,Maybe,Yes,Woman,1,1,1,1,1,0,0,0,Junior,1,1,1,0,1,Woman,0,0,0,0,0,0,0,0,1,0,0,0,1,1,1,1,1,1,0,0,1,0,0,0,0,1,0,0,0,Computer Science,0,0,0,1,0,0,0,No,No,No,No,No
True,Yes,Yes,No,No,No,Yes,Man,0,1,1,1,1,0,1,1,Graduate Student,0,1,1,1,1,Man,1,1,1,0,0,1,1,1,1,0,0,1,1,1,1,1,1,1,0,0,0,1,0,0,0,0,0,0,1,Computer Science,0,0,0,0,0,0,0,No,No,No,No,No
True,Yes,No,No,Yes,Yes,Yes,Man,1,0,1,1,1,0,1,1,Senior,1,0,1,0,1,Man,1,0,0,0,0,1,0,0,0,0,0,1,1,1,1,1,1,1,0,0,0,1,0,0,0,0,0,0,1,Computer Science,0,0,0,1,0,0,0,No,No,No,No,No
True,Yes,No,No,Maybe,Yes,Yes,Man,1,0,1,1,1,0,1,1,Junior,1,0,1,0,1,Man,0,0,0,0,0,0,0,0,0,0,0,0,0,0,0,0,0,0,0,0,1,1,0,0,0,0,0,0,1,Computer Science,0,0,0,1,0,0,0,No,Yes,No,No,No
True,Yes,Yes,No,Yes,Yes,No,Woman,0,0,1,1,1,0,0,0,Graduate Student,1,0,0,0,1,Woman,0,0,0,0,0,0,0,1,0,0,0,0,1,0,0,0,1,0,0,0,0,0,0,0,0,1,0,0,0,Computer Science,0,0,0,1,0,0,0,No,No,Yes,No,Yes
True,Yes,No,No,Yes,No,Yes,Woman,1,0,1,1,1,0,1,1,Sophomore,0,0,1,0,0,Woman,0,1,0,0,0,0,0,1,0,0,0,0,1,1,0,0,0,0,0,1,1,0,0,0,0,1,0,0,0,Computer Science,0,0,0,1,0,0,0,No,No,No,No,No
True,Yes,Yes,No,No,Maybe,Yes,Woman,0,1,1,1,0,0,0,0,Fifth year+,0,1,0,1,1,Woman,0,1,0,0,0,0,1,1,0,0,0,0,1,1,1,1,1,1,0,1,1,0,0,0,0,1,0,0,0,Computer Science,0,0,0,1,0,0,0,No,No,No,No,No
True,Yes,No,No,Yes,No,Yes,Woman,1,0,1,1,1,0,1,1,Sophomore,0,0,1,0,0,Woman,0,1,0,0,0,0,0,1,0,0,0,0,1,1,0,0,0,0,0,1,1,0,0,0,0,1,0,0,0,Computer Science,0,0,0,1,0,0,0,No,No,No,No,No
True,No,Maybe,No,Yes,Yes,Maybe,Man,1,1,1,1,1,1,1,1,Junior,1,0,1,0,1,Man,1,1,0,0,0,0,1,1,0,0,0,0,1,1,1,1,1,1,0,1,1,1,0,0,0,0,0,0,1,Computer Science,0,0,0,1,0,0,0,No,No,No,No,No
True,No,No,No,Maybe,Yes,Yes,Man,1,0,1,1,1,0,1,0,Sophomore,0,1,1,1,1,Man,0,0,0,0,0,0,0,0,0,0,0,0,1,1,1,1,1,1,0,1,1,1,0,0,0,1,0,0,0,Computer Science,0,0,0,1,0,0,0,No,No,No,No,No
True,No,No,No,Maybe,Yes,Yes,Man,1,0,1,1,1,0,1,0,Sophomore,0,1,1,1,1,Man,0,0,0,0,0,0,0,0,0,0,0,0,1,1,1,1,1,1,0,1,1,1,0,0,0,1,0,0,0,Computer Science,0,0,0,1,0,0,0,No,No,No,No,No
True,No,Maybe,No,Maybe,No,Yes,Woman,0,1,1,1,1,0,0,1,Graduate Student,0,0,1,0,1,Woman,0,0,0,0,0,0,0,0,0,0,0,0,0,1,0,0,0,0,0,0,0,0,0,0,0,1,0,0,0,Statistics/DS,0,0,0,1,0,0,0,No,No,Yes,Yes,Yes
True,No,Maybe,No,Maybe,No,Yes,Woman,0,1,1,1,1,0,0,1,Graduate Student,0,0,1,0,1,Woman,0,0,0,0,0,0,0,0,0,0,0,0,0,1,0,0,0,0,0,0,0,0,0,0,0,1,0,0,0,Statistics/DS,0,0,0,1,0,0,0,No,No,Yes,Yes,Yes
True,Maybe,No,No,Yes,Yes,Yes,Man,1,0,1,1,1,0,1,1,Graduate Student,1,0,1,0,1,Man,1,0,0,0,0,0,0,0,0,0,0,0,1,1,1,0,0,0,0,0,0,1,0,0,0,0,0,0,1,Computer Science,0,0,0,1,0,0,0,No,No,No,No,No
True,Yes,No,No,Maybe,Yes,Yes,Man,1,0,1,1,0,1,0,0,Junior,1,1,0,1,0,Man,0,0,0,0,0,0,0,0,0,0,0,0,1,1,0,0,0,0,0,1,0,0,0,0,0,1,0,0,0,Computer Science,0,1,0,1,0,0,0,No,No,No,No,Yes
True,Yes,No,No,Yes,Yes,Yes,Man,0,0,1,1,1,0,1,0,Freshman,1,0,1,0,0,Man,1,0,0,0,0,0,0,0,0,0,0,0,1,1,1,1,0,1,0,0,0,1,0,1,0,0,0,0,1,Computer Science,0,0,0,1,0,0,0,No,No,No,No,No
True,Maybe,No,No,Yes,Yes,Maybe,Man,1,0,0,1,1,0,1,1,Freshman,1,0,1,0,1,Man,0,0,0,0,0,0,0,0,0,0,0,0,1,1,1,1,1,1,0,0,0,1,0,0,0,1,0,0,1,Computer Science,0,0,0,1,0,0,0,No,No,No,No,No
True,Maybe,No,No,Yes,Yes,Maybe,Man,1,0,0,1,1,0,1,1,Freshman,1,0,1,0,1,Man,0,0,0,0,0,0,0,0,0,0,0,0,1,1,1,1,1,1,0,0,0,1,0,0,0,1,0,0,1,Computer Science,0,0,0,1,0,0,0,No,No,No,No,No
True,Yes,No,No,Yes,Yes,Yes,Man,1,0,1,1,1,0,1,1,Junior,1,0,1,0,1,Man,0,0,0,0,0,0,0,0,0,0,0,0,1,0,0,0,0,1,0,0,0,0,0,0,0,1,0,0,0,Computer Science,0,0,0,1,0,0,0,No,No,No,No,Yes
True,Yes,Yes,Yes,Yes,Yes,Yes,rip george floyd,1,1,1,1,1,1,1,1,Fifth year+,1,1,1,1,1,Other,1,1,1,1,1,1,1,1,1,1,1,1,1,1,1,1,1,1,0,1,1,1,1,1,1,1,1,1,0,Computer Science,1,1,1,0,1,1,0,Yes,Yes,Yes,Yes,Yes
True,Yes,Yes,Yes,Yes,Yes,Yes,rip george floyd,1,1,1,1,1,1,1,1,Fifth year+,1,1,1,1,1,Other,1,1,1,1,1,1,1,1,1,1,1,1,1,1,1,1,1,1,0,1,1,1,1,1,1,1,1,1,0,Computer Science,1,1,1,0,1,1,0,Yes,Yes,Yes,Yes,Yes
True,Yes,Yes,Yes,Yes,Yes,Yes,rip george floyd,1,1,1,1,1,1,1,1,Fifth year+,1,1,1,1,1,Other,1,1,1,1,1,1,1,1,1,1,1,1,1,1,1,1,1,1,0,1,1,1,1,1,1,1,1,1,0,Computer Science,1,1,1,0,1,1,0,Yes,Yes,Yes,Yes,Yes
True,Yes,Yes,Yes,Yes,Yes,Yes,rip george floyd,1,1,1,1,1,1,1,1,Fifth year+,1,1,1,1,1,Other,1,1,1,1,1,1,1,1,1,1,1,1,1,1,1,1,1,1,0,1,1,1,1,1,1,1,1,1,0,Computer Science,1,1,1,0,1,1,0,Yes,Yes,Yes,Yes,Yes
True,Yes,Yes,Yes,Yes,Yes,Yes,rip george floyd,1,1,1,1,1,1,1,1,Fifth year+,1,1,1,1,1,Other,1,1,1,1,1,1,1,1,1,1,1,1,1,1,1,1,1,1,0,1,1,1,1,1,1,1,1,1,0,Computer Science,1,1,1,0,1,1,0,Yes,Yes,Yes,Yes,Yes
True,Yes,Yes,Yes,Yes,Yes,Yes,rip george floyd,1,1,1,1,1,1,1,1,Fifth year+,1,1,1,1,1,Other,1,1,1,1,1,1,1,1,1,1,1,1,1,1,1,1,1,1,0,1,1,1,1,1,1,1,1,1,0,Computer Science,1,1,1,0,1,1,0,Yes,Yes,Yes,Yes,Yes
True,Yes,Yes,Yes,Yes,Yes,Yes,rip george floyd,1,1,1,1,1,1,1,1,Fifth year+,1,1,1,1,1,Other,1,1,1,1,1,1,1,1,1,1,1,1,1,1,1,1,1,1,0,1,1,1,1,1,1,1,1,1,0,Computer Science,1,1,1,0,1,1,0,Yes,Yes,Yes,Yes,Yes
True,Yes,Yes,Yes,Yes,Yes,Yes,rip george floyd,1,1,1,1,1,1,1,1,Fifth year+,1,1,1,1,1,Other,1,1,1,1,1,1,1,1,1,1,1,1,1,1,1,1,1,1,0,1,1,1,1,1,1,1,1,1,0,Computer Science,1,1,1,0,1,1,0,Yes,Yes,Yes,Yes,Yes
True,No,No,No,Yes,Yes,Maybe,Woman,1,0,1,0,0,1,0,0,Junior,1,0,1,0,1,Woman,0,0,0,0,0,0,0,0,0,0,0,0,1,1,0,0,0,1,0,1,1,0,0,0,0,1,0,0,0,Computer Science,0,0,0,1,0,0,0,No,No,No,No,Yes
True,Yes,No,No,Yes,Yes,Yes,Woman,1,1,1,1,1,1,1,0,Graduate Student,0,1,1,1,1,Woman,0,0,0,0,0,0,0,0,0,0,0,0,1,1,1,1,1,1,0,1,1,1,0,0,0,1,0,0,0,Computer Science,0,0,0,1,0,0,0,No,No,Yes,Yes,No
True,Yes,Yes,No,Yes,Yes,Maybe,Man,1,0,1,1,1,0,1,1,Graduate Student,1,0,1,0,1,Man,1,0,0,0,0,0,1,0,0,0,0,0,1,0,0,1,0,1,0,1,1,1,0,0,0,0,0,0,1,Computer Science,0,0,0,1,0,0,0,No,No,No,No,No
True,Maybe,No,No,No,Yes,Yes,Man,1,0,0,1,1,0,1,0,Senior,1,0,1,0,1,Man,0,0,0,0,0,0,0,0,0,0,0,0,1,1,1,1,1,1,0,0,1,1,0,0,0,0,0,0,1,Computer Science,0,0,0,1,0,0,0,No,No,No,No,No
True,Yes,No,No,Maybe,Yes,Yes,Man,1,0,1,1,1,0,1,1,Junior,1,0,1,0,1,Man,0,0,0,0,0,0,0,0,0,0,0,0,1,0,0,1,0,0,0,0,0,1,0,0,0,1,0,0,0,Computer Science,0,0,0,1,0,0,0,No,No,No,No,No
True,Yes,No,No,Yes,Yes,Yes,Woman,1,0,0,1,1,0,1,1,Junior,1,0,1,0,0,Woman,0,0,0,0,0,0,0,0,0,0,0,0,1,1,1,1,1,1,0,0,0,1,0,0,0,0,0,0,1,Computer Science,0,0,0,1,0,0,0,No,No,No,No,No
True,Yes,No,No,No,Yes,Yes,Woman,0,1,1,1,1,1,0,1,Sophomore,0,1,1,1,1,Woman,0,1,0,0,0,0,0,0,0,0,0,0,1,1,1,1,1,1,0,1,1,1,0,0,0,1,0,0,0,Computer Science,0,0,0,1,0,0,0,No,No,No,No,No
True,Yes,Yes,No,Maybe,Yes,Yes,Woman,1,0,1,1,1,1,1,1,Junior,1,0,1,0,1,Woman,0,1,0,0,0,1,0,1,0,0,0,0,1,1,1,1,1,1,0,1,1,0,0,0,0,0,0,0,1,Computer Science,0,0,0,1,0,0,0,No,No,No,No,No
True,Yes,No,No,No,Yes,Yes,Woman,1,1,1,0,1,1,0,1,Junior,0,1,1,1,1,Woman,0,1,0,0,0,0,0,1,0,0,0,0,1,1,0,1,0,0,0,1,1,1,0,0,0,1,0,0,0,Computer Science,0,1,0,0,0,0,0,No,No,No,No,No
True,Yes,Yes,No,Maybe,Yes,Yes,Woman,1,0,1,1,1,1,1,1,Junior,1,0,1,0,1,Woman,0,1,0,0,0,1,0,1,0,0,0,0,1,1,1,1,1,1,0,1,1,0,0,0,0,0,0,0,1,Computer Science,0,0,0,1,0,0,0,No,No,No,No,No
True,Yes,No,No,No,Yes,Yes,Woman,1,1,1,0,1,1,0,1,Junior,0,1,1,1,1,Woman,0,1,0,0,0,0,0,1,0,0,0,0,1,1,0,1,0,0,0,1,1,1,0,0,0,1,0,0,0,Computer Science,0,1,0,0,0,0,0,No,No,No,No,No
True,Yes,No,No,No,Yes,Yes,Woman,0,1,1,1,1,1,0,1,Sophomore,0,1,1,1,1,Woman,0,1,0,0,0,0,0,0,0,0,0,0,1,1,1,1,1,1,0,1,1,1,0,0,0,1,0,0,0,Computer Science,0,0,0,1,0,0,0,No,No,No,No,No
True,Yes,Yes,No,Maybe,Yes,Yes,Woman,1,0,1,1,1,1,1,1,Junior,1,0,1,0,1,Woman,0,1,0,0,0,1,0,1,0,0,0,0,1,1,1,1,1,1,0,1,1,0,0,0,0,0,0,0,1,Computer Science,0,0,0,1,0,0,0,No,No,No,No,No
True,Yes,Yes,No,Maybe,Yes,Yes,Woman,1,0,1,1,1,1,1,1,Junior,1,0,1,0,1,Woman,0,1,0,0,0,1,0,1,0,0,0,0,1,1,1,1,1,1,0,1,1,0,0,0,0,0,0,0,1,Computer Science,0,0,0,1,0,0,0,No,No,No,No,No
True,Maybe,No,No,No,Yes,Yes,Prefer not to say,1,0,1,1,1,1,1,1,Senior,1,0,1,0,1,Other,1,0,0,0,0,0,1,0,0,0,0,0,1,1,1,1,0,1,0,0,1,1,0,0,0,0,0,0,0,Computer Science,0,0,0,0,0,0,0,Prefer not to say,Prefer not to say,Prefer not to say,Prefer not to say,Prefer not to say
True,Maybe,No,No,No,Yes,Yes,Prefer not to say,1,0,1,1,1,1,1,1,Senior,1,0,1,0,1,Other,1,0,0,0,0,0,1,0,0,0,0,0,1,1,1,1,0,1,0,0,1,1,0,0,0,0,0,0,0,Computer Science,0,0,0,0,0,0,0,Prefer not to say,Prefer not to say,Prefer not to say,Prefer not to say,Prefer not to say
True,Maybe,No,No,No,Yes,Maybe,Man,1,0,0,1,1,1,1,0,Graduate Student,0,0,0,0,1,Man,0,0,0,0,0,0,0,1,0,0,0,0,1,1,1,0,0,0,0,0,0,0,0,0,0,1,0,0,0,Computer Science,0,1,0,0,0,0,0,No,No,No,No,Yes
True,Maybe,Yes,No,No,No,Yes,Man,1,0,1,1,1,1,1,1,Fifth year+,1,1,1,0,0,Man,1,0,0,0,0,0,1,0,0,0,0,0,1,1,1,1,1,1,0,1,0,0,1,0,0,0,0,0,0,Computer Science,0,0,0,1,0,0,0,No,Yes,Yes,Yes,No
True,No,Maybe,No,Maybe,Maybe,Yes,Woman,1,1,1,1,1,0,1,0,Junior,0,1,1,0,1,Woman,0,0,0,0,0,0,0,1,0,0,0,0,1,1,1,1,0,1,0,1,1,1,0,0,0,1,0,0,0,Computer Science,0,1,0,0,0,0,0,No,No,No,No,No
True,No,Maybe,No,Maybe,Maybe,Yes,Woman,1,1,1,1,1,0,1,0,Junior,0,1,1,0,1,Woman,0,0,0,0,0,0,0,1,0,0,0,0,1,1,1,1,0,1,0,1,1,1,0,0,0,1,0,0,0,Computer Science,0,1,0,0,0,0,0,No,No,No,No,No
True,Yes,Maybe,No,No,Maybe,Yes,Woman,0,1,1,1,1,0,1,1,Sophomore,1,1,1,0,1,Woman,0,1,0,1,0,1,0,1,0,0,0,0,1,1,0,1,0,0,0,1,1,1,0,0,0,1,0,0,0,Computer Science,0,0,0,1,0,0,0,No,Yes,No,No,No
True,Yes,No,No,No,Maybe,Yes,Man,1,0,1,0,0,1,0,0,Senior,0,0,1,0,1,Man,0,0,0,0,0,0,0,0,0,0,0,0,1,1,1,1,1,1,0,0,1,1,0,0,0,1,0,0,0,Computer Science,0,0,0,1,0,0,0,No,No,No,No,No
True,Yes,No,No,No,Maybe,Yes,Man,1,0,1,0,0,1,0,0,Senior,0,0,1,0,1,Man,0,0,0,0,0,0,0,0,0,0,0,0,1,1,1,1,1,1,0,0,1,1,0,0,0,1,0,0,0,Computer Science,0,0,0,1,0,0,0,No,No,No,No,No
True,No,No,No,Maybe,Yes,Yes,Woman,1,0,1,1,1,0,1,0,Sophomore,0,0,1,0,1,Woman,0,1,0,0,0,0,0,1,0,0,0,0,1,1,1,1,1,1,0,1,1,1,0,0,0,1,0,0,0,Computer Science,0,0,0,1,0,0,0,No,No,No,No,No
True,Yes,Maybe,No,Maybe,Maybe,Yes,Woman,0,1,1,1,1,0,1,0,Senior,0,1,0,0,0,Woman,1,0,0,0,0,0,0,0,0,0,0,0,1,1,1,1,1,1,0,0,1,0,0,1,0,0,0,0,1,Computer Science,0,0,0,1,0,0,0,No,No,No,No,No
True,No,No,No,Yes,Maybe,Yes,Man,1,0,1,1,1,0,1,1,Junior,1,0,1,0,1,Man,1,0,0,0,0,0,1,0,0,0,0,0,1,1,1,1,1,1,0,1,0,0,0,1,0,0,0,0,1,Computer Science,0,0,0,1,0,0,0,No,No,No,Prefer not to say,No
True,No,No,No,Yes,Maybe,Yes,Man,1,0,1,1,1,0,1,1,Junior,1,0,1,0,1,Man,1,0,0,0,0,0,1,0,0,0,0,0,1,1,1,1,1,1,0,1,0,0,0,1,0,0,0,0,1,Computer Science,0,0,0,1,0,0,0,No,No,No,Prefer not to say,No
True,No,No,No,Yes,Maybe,Yes,Man,1,0,1,1,1,0,1,1,Junior,1,0,1,0,1,Man,1,0,0,0,0,0,1,0,0,0,0,0,1,1,1,1,1,1,0,1,0,0,0,1,0,0,0,0,1,Computer Science,0,0,0,1,0,0,0,No,No,No,Prefer not to say,No
True,No,No,No,Yes,Maybe,Yes,Man,1,0,1,1,1,0,1,1,Junior,1,0,1,0,1,Man,1,0,0,0,0,0,1,0,0,0,0,0,1,1,1,1,1,1,0,1,0,0,0,1,0,0,0,0,1,Computer Science,0,0,0,1,0,0,0,No,No,No,Prefer not to say,No
True,No,No,No,Yes,Maybe,Yes,Man,1,0,1,1,1,0,1,1,Junior,1,0,1,0,1,Man,1,0,0,0,0,0,1,0,0,0,0,0,1,1,1,1,1,1,0,1,0,0,0,1,0,0,0,0,1,Computer Science,0,0,0,1,0,0,0,No,No,No,Prefer not to say,No
True,Maybe,No,No,Yes,Yes,Yes,Woman,0,1,1,1,1,0,1,1,Freshman,1,0,0,0,1,Woman,1,1,0,0,0,0,0,0,0,0,0,0,1,1,1,1,1,1,0,1,0,0,0,0,0,1,0,0,0,Computer Science,0,0,0,1,0,0,0,No,No,No,No,No
True,No,Yes,No,No,Yes,Maybe,Man,1,1,1,1,1,0,1,0,Senior,1,1,1,1,1,Man,0,0,0,0,0,0,0,0,0,0,0,0,1,1,1,1,1,1,0,0,1,1,0,0,0,1,0,0,0,Computer Science,0,0,0,1,0,0,0,No,No,No,No,No
True,No,No,No,Yes,Yes,Yes,Woman,0,1,1,1,1,1,0,0,Freshman,0,1,1,1,1,Woman,0,1,0,0,0,0,0,0,0,0,0,0,1,1,1,1,1,1,0,0,1,1,0,0,0,1,0,0,0,Computer Science,0,0,0,1,0,0,0,No,No,No,No,No
True,No,No,No,Maybe,Maybe,Yes,Woman,1,0,1,1,1,1,1,1,Freshman,0,1,1,0,1,Woman,0,0,0,0,0,1,0,0,0,0,0,0,1,1,1,1,1,1,0,0,1,0,0,0,0,0,0,0,1,Computer Science,0,0,0,1,0,0,0,No,No,No,No,No
True,No,No,No,Maybe,Maybe,Yes,Woman,1,0,1,1,1,1,1,1,Freshman,0,1,1,0,1,Woman,0,0,0,0,0,1,0,0,0,0,0,0,1,1,1,1,1,1,0,0,1,0,0,0,0,0,0,0,1,Computer Science,0,0,0,1,0,0,0,No,No,No,No,No
True,No,Yes,No,No,Yes,Maybe,Man,1,1,1,1,1,0,1,0,Senior,1,1,1,1,1,Man,0,0,0,0,0,0,0,0,0,0,0,0,1,1,1,1,1,1,0,0,1,1,0,0,0,1,0,0,0,Computer Science,0,0,0,1,0,0,0,No,No,No,No,No
True,Maybe,Yes,No,No,Yes,Yes,Woman,0,1,1,0,0,1,1,1,Sophomore,0,1,1,0,1,Woman,0,1,0,0,0,0,0,1,0,0,0,0,1,1,1,1,0,1,0,0,1,0,0,0,0,1,0,0,0,Computer Science,0,0,0,1,0,0,0,No,No,No,No,No
True,Maybe,Yes,Yes,Maybe,Yes,Yes,Man,1,0,1,1,1,1,1,1,Fifth year+,1,0,1,0,1,Man,0,0,0,0,0,0,0,0,0,0,0,0,1,1,1,1,1,1,0,0,1,1,0,0,0,1,0,0,1,Computer Science,0,0,0,1,0,0,0,No,No,No,No,No
True,Yes,No,No,Maybe,Yes,Yes,Man,1,0,1,1,1,1,1,1,Graduate Student,0,0,1,0,1,Man,0,0,0,0,0,0,0,0,0,0,0,0,1,1,1,1,1,1,0,0,1,1,0,0,0,1,0,0,0,Computer Science,0,0,0,1,0,0,0,No,No,No,No,Yes
True,No,No,No,Yes,Yes,Yes,Woman,1,0,1,1,1,1,0,0,Junior,0,0,1,0,1,Woman,1,0,0,0,0,1,1,1,0,0,0,1,1,1,1,1,1,1,0,0,0,1,0,0,0,0,0,0,1,Computer Science,0,0,0,1,0,0,0,No,No,No,No,No
True,Maybe,Yes,No,Yes,Yes,Maybe,Man,0,1,1,1,1,0,0,0,Sophomore,1,0,1,0,1,Man,1,0,0,0,0,0,0,0,0,0,0,0,0,0,0,0,0,0,0,1,0,0,0,1,0,0,0,1,1,Computer Science,0,0,0,1,0,0,0,No,No,No,No,No
True,Yes,Yes,No,Maybe,Maybe,Yes,Woman,0,1,1,1,1,0,1,1,Freshman,1,0,1,0,1,Woman,0,0,0,0,0,0,0,1,0,0,0,1,1,1,1,1,1,1,0,0,1,0,0,0,0,1,0,0,1,Computer Science,0,1,0,0,0,0,0,No,No,No,No,Yes
True,Yes,Yes,Yes,No,No,Yes,Man,0,1,0,1,0,1,1,1,Senior,0,0,0,0,1,Man,0,0,0,0,0,1,0,0,0,0,0,0,1,1,1,1,1,1,0,1,1,1,0,0,0,1,0,0,0,Computer Science,0,0,0,1,0,0,0,No,Yes,No,No,No
True,No,No,No,No,Yes,No,Man,0,1,1,1,1,0,1,1,Freshman,0,0,0,0,0,Man,1,0,0,0,0,0,0,0,0,0,0,0,1,1,0,0,1,1,0,1,0,0,0,1,0,0,0,1,1,Computer Science,0,0,0,1,0,0,0,No,No,No,No,No
True,No,No,No,No,Yes,No,Man,0,1,1,1,1,0,1,1,Freshman,0,0,0,0,0,Man,1,0,0,0,0,0,0,0,0,0,0,0,1,1,0,0,1,1,0,1,0,0,0,1,0,0,0,1,1,Computer Science,0,0,0,1,0,0,0,No,No,No,No,No
True,Yes,No,No,Yes,Yes,Yes,Woman,1,1,1,1,1,0,0,0,Freshman,1,1,1,0,1,Woman,0,1,0,0,0,0,0,1,0,0,0,0,1,1,1,1,0,1,0,1,1,0,0,0,0,1,0,0,0,Computer Science,0,0,0,1,0,0,0,No,No,No,No,No
True,Yes,Maybe,No,Maybe,Yes,Maybe,Man,0,1,1,0,1,0,1,1,Junior,1,0,0,0,1,Man,0,0,0,0,0,0,0,0,0,0,0,0,1,1,1,1,0,0,0,0,0,1,0,0,0,1,0,0,1,Computer Science,0,0,0,0,0,0,0,No,No,No,No,No
True,Maybe,Maybe,No,Yes,Yes,Maybe,Woman,1,1,1,1,1,0,0,0,Senior,0,0,1,0,0,Woman,0,0,0,0,0,0,0,0,0,0,0,0,0,0,0,1,0,0,0,0,0,1,0,0,0,1,0,0,0,Computer Science,0,0,0,1,0,0,0,No,No,No,No,No
True,No,No,No,Maybe,Yes,No,Man,1,0,1,1,1,0,1,0,Junior,1,0,1,0,1,Man,0,0,0,0,0,0,0,0,0,0,0,0,0,0,0,0,0,1,0,0,0,1,0,0,0,1,0,0,0,Computer Science,0,0,0,1,0,0,0,No,No,No,No,No
True,Maybe,No,No,Maybe,Yes,Yes,Woman,0,0,1,1,1,0,1,1,Freshman,1,0,1,0,1,Woman,1,0,0,0,0,1,0,0,0,0,0,0,1,1,1,1,0,0,0,0,0,1,0,0,0,1,0,0,0,Computer Science,0,0,0,1,0,0,0,No,No,No,No,No
True,Yes,Yes,No,No,No,Yes,Woman,0,1,1,1,1,0,1,0,Junior,0,1,1,0,1,Woman,0,1,0,0,0,0,0,0,0,0,0,0,1,1,1,1,0,1,0,1,1,1,0,0,0,1,0,0,0,Computer Science,0,0,0,0,0,0,0,No,Yes,No,Prefer not to say,Yes
True,No,No,No,Yes,Yes,No,Man,1,0,1,0,0,0,0,0,Sophomore,0,0,1,0,1,Man,0,0,0,0,0,0,0,0,0,0,0,0,1,1,1,1,1,1,0,0,0,1,0,0,0,1,0,0,0,Computer Science,0,0,0,1,0,0,0,No,No,No,No,No
True,Yes,No,No,No,Yes,Yes,Man,1,0,0,1,1,0,1,1,Senior,1,0,1,0,1,Man,0,0,0,0,0,0,0,0,0,0,0,0,1,1,1,1,1,1,0,0,0,1,0,1,0,0,0,0,1,Computer Science,0,0,0,1,0,0,0,No,No,No,No,No
True,Yes,No,No,No,Yes,Yes,Man,1,0,0,1,1,0,1,1,Senior,1,0,1,0,1,Man,0,0,0,0,0,0,0,0,0,0,0,0,1,1,1,1,1,1,0,0,0,1,0,1,0,0,0,0,1,Computer Science,0,0,0,1,0,0,0,No,No,No,No,No
True,No,No,No,Maybe,Yes,Yes,Man,1,0,1,1,1,0,1,0,Junior,0,0,1,0,1,Man,0,0,0,0,0,0,0,1,0,0,0,0,1,1,1,1,1,1,0,1,0,0,0,0,0,1,0,0,0,Computer Science,0,0,0,0,0,1,0,Yes,No,Yes,No,No
True,No,No,No,Maybe,Yes,Yes,Man,1,0,1,1,1,0,1,0,Junior,0,0,1,0,1,Man,0,0,0,0,0,0,0,1,0,0,0,0,1,1,1,1,1,1,0,1,0,0,0,0,0,1,0,0,0,Computer Science,0,0,0,0,0,1,0,Yes,No,Yes,No,No
True,No,Maybe,No,Maybe,Yes,Yes,Woman,0,0,0,1,1,0,0,0,Senior,0,0,0,1,1,Woman,0,1,0,0,0,0,0,1,0,0,0,0,1,1,1,1,1,1,0,1,1,0,0,0,0,0,0,0,0,Computer Science,0,0,0,1,0,0,0,No,No,No,No,No
True,No,Maybe,No,Maybe,Yes,Yes,Woman,0,0,0,1,1,0,0,0,Senior,0,0,0,1,1,Woman,0,1,0,0,0,0,0,1,0,0,0,0,1,1,1,1,1,1,0,1,1,0,0,0,0,0,0,0,0,Computer Science,0,0,0,1,0,0,0,No,No,No,No,No
True,No,No,No,Yes,Yes,Maybe,Man,1,0,1,1,1,0,0,0,Junior,0,0,1,0,0,Man,0,0,0,0,0,0,0,0,0,0,0,0,1,1,1,1,0,1,0,0,1,1,0,0,0,0,0,0,1,Computer Science,0,0,0,1,0,0,0,No,Yes,No,No,No
True,Maybe,Yes,No,Maybe,Maybe,Yes,Non-binary,0,1,1,1,1,0,0,1,Graduate Student,1,0,1,0,1,Other,0,0,0,0,0,0,0,0,0,0,0,0,1,1,1,1,1,1,0,1,0,1,0,0,0,1,0,0,0,Computer Science,0,0,0,0,0,1,0,No,No,Yes,No,No
True,Yes,No,No,No,Yes,Yes,Woman,0,0,1,1,1,0,1,0,Junior,0,0,0,0,1,Woman,0,1,0,0,0,0,0,1,0,0,0,0,1,1,1,1,1,1,0,1,1,1,0,0,0,1,0,0,0,Computer Science,0,0,0,1,0,0,0,No,No,No,No,No
True,Yes,No,No,Maybe,Maybe,Yes,Man,1,0,1,1,1,1,1,0,Junior,1,0,1,0,1,Man,1,0,0,0,0,1,0,0,0,0,0,0,1,1,1,1,1,1,0,1,1,1,0,1,0,0,0,0,1,Computer Science,0,0,0,1,0,0,0,No,Prefer not to say,No,No,No
True,Yes,No,No,No,No,Yes,Man,1,0,1,1,1,0,1,1,Graduate Student,0,0,0,1,1,Man,0,0,0,0,0,0,0,0,0,0,0,0,1,1,1,0,0,0,0,1,1,1,0,0,0,1,0,0,0,Computer Science,0,0,1,0,0,0,0,No,No,No,No,Yes
True,Maybe,No,Yes,Yes,Yes,Yes,Man,1,0,1,0,1,0,0,0,Graduate Student,0,0,0,0,1,Man,0,0,0,0,0,0,0,0,0,0,0,0,1,0,0,0,0,0,0,0,0,0,0,0,0,1,0,0,0,Computer Science,0,0,0,1,0,0,0,No,No,No,No,Yes
True,No,No,No,No,No,Yes,Man,1,1,1,1,0,0,1,0,Graduate Student,0,0,0,0,1,Man,0,0,0,0,0,0,0,0,0,0,0,0,1,1,1,1,1,1,0,0,1,1,0,0,0,1,0,0,0,Computer Science,0,1,0,0,0,0,0,No,No,No,No,Yes
True,No,No,No,No,No,Yes,Man,1,1,1,1,0,0,1,0,Graduate Student,0,0,0,0,1,Man,0,0,0,0,0,0,0,0,0,0,0,0,1,1,1,1,1,1,0,0,1,1,0,0,0,1,0,0,0,Computer Science,0,1,0,0,0,0,0,No,No,No,No,Yes
True,Yes,No,No,Maybe,Yes,Yes,Woman,1,0,1,1,1,0,1,1,Senior,0,0,1,0,1,Woman,0,1,0,0,0,0,0,1,0,0,0,0,1,1,1,1,0,1,0,1,0,0,0,0,0,1,0,0,1,Computer Science,0,0,0,1,0,0,0,No,No,No,No,No
True,Maybe,No,No,Yes,Yes,No,Man,1,0,1,1,1,0,0,0,Freshman,1,0,1,0,0,Man,0,0,0,0,0,0,0,0,0,0,0,0,0,0,0,1,1,1,0,1,0,1,0,0,0,1,0,0,0,Computer Science,0,0,0,1,0,0,0,No,No,No,No,No
True,Maybe,No,No,Yes,Yes,No,Man,1,0,1,1,1,0,0,0,Freshman,1,0,1,0,0,Man,0,0,0,0,0,0,0,0,0,0,0,0,0,0,0,1,1,1,0,1,0,1,0,0,0,1,0,0,0,Computer Science,0,0,0,1,0,0,0,No,No,No,No,No
True,Yes,No,No,Maybe,Yes,Yes,Woman,1,0,1,1,1,0,1,1,Senior,0,0,1,1,1,Woman,1,0,0,0,0,0,0,0,0,0,0,0,1,1,1,1,1,1,0,1,0,1,1,0,0,0,0,1,1,Computer Science,0,0,0,1,0,0,0,No,No,No,No,No
True,Yes,No,No,Maybe,Yes,Yes,Woman,1,0,1,1,1,0,1,1,Senior,0,0,1,1,1,Woman,1,0,0,0,0,0,0,0,0,0,0,0,1,1,1,1,1,1,0,1,0,1,1,0,0,0,0,1,1,Computer Science,0,0,0,1,0,0,0,No,No,No,No,No
True,No,No,No,Maybe,Yes,Maybe,Woman,1,0,1,1,1,0,1,1,Junior,0,0,1,0,1,Woman,0,1,0,0,0,0,0,1,0,0,0,0,1,1,0,1,0,0,0,0,0,1,0,0,0,1,0,0,0,Computer Science,0,0,0,1,0,0,0,No,No,No,No,No
True,Maybe,Maybe,No,Maybe,Yes,Maybe,Man,1,0,1,1,1,0,0,0,Senior,1,0,1,0,1,Man,1,1,1,0,0,0,1,1,1,0,0,0,1,1,1,1,1,1,0,0,0,1,0,0,0,0,0,0,1,Computer Science,0,0,0,1,0,0,0,No,No,No,No,No
True,Maybe,Maybe,No,Yes,Yes,Maybe,Man,1,0,1,1,1,0,1,1,Senior,1,0,1,0,1,Man,0,0,0,0,0,0,0,0,0,0,0,0,1,1,1,0,0,1,0,0,0,1,0,0,0,1,0,0,0,Computer Science,0,0,0,1,0,0,0,No,No,No,No,Yes
True,Maybe,Maybe,No,Yes,Yes,Maybe,Man,1,0,1,1,1,0,1,1,Senior,1,0,1,0,1,Man,0,0,0,0,0,0,0,0,0,0,0,0,1,1,1,0,0,1,0,0,0,1,0,0,0,1,0,0,0,Computer Science,0,0,0,1,0,0,0,No,No,No,No,Yes
True,Yes,Yes,Yes,No,No,Yes,Non-binary,1,0,1,0,1,1,0,0,Junior,1,0,1,0,0,Other,0,0,0,0,0,0,0,0,0,1,1,1,1,1,1,1,1,1,0,1,1,0,0,0,0,0,0,0,1,Computer Science,1,1,1,0,1,1,0,No,Yes,Yes,Yes,No
True,Maybe,No,No,No,Yes,Yes,Woman,1,0,1,1,1,1,1,0,Junior,0,1,1,1,1,Woman,0,1,0,0,0,0,1,1,0,0,0,0,1,1,1,1,0,1,0,1,0,1,0,0,0,1,0,0,0,Computer Science,0,0,0,1,0,0,0,No,No,No,No,Yes
True,Yes,No,No,Yes,Yes,Maybe,Man,1,0,0,1,1,0,1,0,Graduate Student,0,0,0,0,0,Man,0,0,0,0,0,0,0,0,0,0,0,0,0,0,0,0,0,0,0,0,0,1,0,0,0,1,0,0,0,Computer Science,0,0,0,1,0,0,0,No,No,No,No,Yes
True,Yes,No,No,Yes,Yes,Maybe,Man,1,0,0,1,1,0,1,0,Graduate Student,0,0,0,0,0,Man,0,0,0,0,0,0,0,0,0,0,0,0,0,0,0,0,0,0,0,0,0,1,0,0,0,1,0,0,0,Computer Science,0,0,0,1,0,0,0,No,No,No,No,Yes
True,Yes,No,No,Yes,Yes,Maybe,Man,1,0,0,1,1,0,1,0,Graduate Student,0,0,0,0,0,Man,0,0,0,0,0,0,0,0,0,0,0,0,0,0,0,0,0,0,0,0,0,1,0,0,0,1,0,0,0,Computer Science,0,0,0,1,0,0,0,No,No,No,No,Yes
True,Yes,No,No,Maybe,Yes,Yes,Man,1,1,1,0,1,1,0,0,Graduate Student,1,0,0,0,0,Man,0,0,0,0,0,0,0,0,0,0,0,0,1,1,1,1,1,1,0,0,0,1,0,0,0,0,0,0,1,Computer Science,0,0,0,1,0,0,0,No,No,No,No,No
True,No,No,No,Yes,Yes,Maybe,Man,1,0,0,1,1,0,0,0,Graduate Student,1,0,1,0,0,Man,1,0,0,0,0,0,1,0,0,0,0,0,0,0,0,0,0,0,0,0,0,1,0,1,0,0,0,0,0,Computer Science,0,0,0,1,0,0,0,No,No,No,No,No
True,Maybe,No,No,Maybe,Yes,Yes,Woman,1,1,1,1,0,1,1,0,Senior,1,0,1,0,1,Woman,0,1,0,0,0,0,0,1,0,0,0,0,1,1,1,1,1,1,0,1,1,1,0,0,0,1,0,0,0,Computer Science,0,0,0,0,0,0,0,No,No,No,No,No
True,Yes,Yes,Yes,No,No,Yes,Woman,0,1,1,0,0,1,0,0,Senior,0,0,0,0,1,Woman,0,0,0,0,0,0,0,1,0,0,0,0,1,1,1,1,1,1,0,1,1,0,0,0,0,0,0,0,1,Computer Science,0,1,0,0,0,0,0,No,Yes,No,Yes,No
True,Yes,Yes,Yes,No,No,Yes,Woman,0,1,1,0,0,1,0,0,Senior,0,0,0,0,1,Woman,0,0,0,0,0,0,0,1,0,0,0,0,1,1,1,1,1,1,0,1,1,0,0,0,0,0,0,0,1,Computer Science,0,1,0,0,0,0,0,No,Yes,No,Yes,No
True,Yes,Yes,Yes,No,No,Yes,Woman,0,1,1,0,0,1,0,0,Senior,0,0,0,0,1,Woman,0,0,0,0,0,0,0,1,0,0,0,0,1,1,1,1,1,1,0,1,1,0,0,0,0,0,0,0,1,Computer Science,0,1,0,0,0,0,0,No,Yes,No,Yes,No
True,No,Maybe,No,No,No,Yes,Woman,0,1,1,1,1,0,0,0,Senior,0,1,1,1,1,Woman,0,1,0,0,0,0,0,0,1,0,0,0,1,1,1,1,1,1,0,1,1,1,0,0,0,1,0,0,0,Computer Science,0,0,0,1,0,0,0,No,Yes,No,No,No
True,Yes,No,No,Yes,Yes,Yes,Man,1,0,1,1,1,0,1,1,Sophomore,1,0,1,0,1,Man,0,0,0,0,0,0,0,0,0,0,0,0,1,1,1,1,1,1,0,0,0,1,0,0,0,0,0,0,1,Computer Science,0,0,0,1,0,0,0,No,No,No,No,No
True,No,Maybe,No,No,No,Yes,Woman,0,1,1,1,1,0,0,0,Senior,0,1,1,1,1,Woman,0,1,0,0,0,0,0,0,1,0,0,0,1,1,1,1,1,1,0,1,1,1,0,0,0,1,0,0,0,Computer Science,0,0,0,1,0,0,0,No,Yes,No,No,No
True,No,Maybe,No,No,No,Yes,Woman,0,1,1,1,1,0,0,0,Senior,0,1,1,1,1,Woman,0,1,0,0,0,0,0,0,1,0,0,0,1,1,1,1,1,1,0,1,1,1,0,0,0,1,0,0,0,Computer Science,0,0,0,1,0,0,0,No,Yes,No,No,No
True,Yes,Yes,No,No,Maybe,Yes,Man,0,1,1,0,1,1,1,1,Sophomore,1,1,1,0,1,Man,1,0,0,0,1,1,0,0,0,0,0,0,1,1,1,1,1,1,0,0,1,1,0,1,0,0,0,0,1,Computer Science,0,0,1,0,0,0,0,No,No,Yes,Yes,No
True,No,No,No,Yes,Yes,Yes,Woman,1,0,0,1,1,0,1,0,Graduate Student,1,0,1,0,1,Woman,0,0,0,0,0,0,0,0,0,0,0,0,1,0,0,0,0,0,0,0,0,1,0,0,0,0,0,0,1,Computer Science,0,0,0,1,0,0,0,No,Yes,No,No,No
True,No,Maybe,No,Yes,Yes,Yes,Woman,1,1,1,1,1,0,1,1,Freshman,1,0,1,0,1,Woman,0,0,0,0,0,0,0,0,0,0,0,0,1,1,1,1,1,1,0,0,1,0,0,0,0,1,0,0,0,Computer Science,0,0,0,1,0,0,0,No,No,No,No,No
True,Yes,No,No,Maybe,Yes,Yes,Woman,1,0,1,1,1,1,0,1,Sophomore,1,1,1,0,1,Woman,0,1,0,0,0,0,0,1,0,0,0,0,1,1,0,1,0,0,0,1,0,1,0,0,0,1,0,0,0,Computer Science,0,0,0,1,0,0,0,No,No,No,No,No
True,Yes,No,No,Maybe,Yes,Yes,Woman,1,0,1,1,1,1,0,1,Sophomore,1,1,1,0,1,Woman,0,1,0,0,0,0,0,1,0,0,0,0,1,1,0,1,0,0,0,1,0,1,0,0,0,1,0,0,0,Computer Science,0,0,0,1,0,0,0,No,No,No,No,No
True,Maybe,Yes,No,Maybe,Yes,Yes,Woman,0,0,1,1,1,0,0,0,Graduate Student,0,1,1,0,1,Woman,0,1,0,0,0,0,0,1,0,0,0,0,1,1,1,1,1,1,0,1,0,0,0,0,0,1,0,0,0,Computer Science,0,0,0,1,0,0,0,No,No,No,No,Yes
True,No,No,No,Yes,Yes,Yes,Woman,0,1,1,0,1,0,0,0,Sophomore,0,1,0,0,1,Woman,0,0,0,0,0,0,0,0,0,0,0,0,1,1,1,1,1,1,0,1,1,0,0,0,0,1,0,0,0,Computer Science,0,0,0,1,0,0,0,No,No,No,No,No
True,No,No,No,Yes,Yes,Yes,Woman,0,1,1,0,1,0,0,0,Sophomore,0,1,0,0,1,Woman,0,0,0,0,0,0,0,0,0,0,0,0,1,1,1,1,1,1,0,1,1,0,0,0,0,1,0,0,0,Computer Science,0,0,0,1,0,0,0,No,No,No,No,No
True,Yes,Maybe,No,Maybe,No,Yes,Woman,0,1,1,0,1,1,1,1,Graduate Student,1,0,1,0,1,Woman,0,0,0,0,0,0,0,0,0,0,0,0,1,0,0,1,0,1,0,1,1,0,0,0,0,1,0,0,0,Computer Science,0,0,0,0,0,0,0,No,Yes,No,Prefer not to say,Yes
True,Yes,Maybe,No,Maybe,No,Yes,Woman,0,1,1,0,1,1,1,1,Graduate Student,1,0,1,0,1,Woman,0,0,0,0,0,0,0,0,0,0,0,0,1,0,0,1,0,1,0,1,1,0,0,0,0,1,0,0,0,Computer Science,0,0,0,0,0,0,0,No,Yes,No,Prefer not to say,Yes
True,Yes,Yes,Maybe,No,No,Yes,Man,1,1,1,1,0,1,0,0,Senior,1,0,1,0,1,Man,0,0,0,0,0,0,0,0,0,0,0,0,1,1,1,1,1,1,0,1,1,1,0,0,0,0,0,0,1,Computer Science,0,1,0,0,0,0,0,No,No,No,No,No
True,Yes,Maybe,No,Maybe,No,Yes,Woman,0,1,1,0,1,1,1,1,Graduate Student,1,0,1,0,1,Woman,0,0,0,0,0,0,0,0,0,0,0,0,1,0,0,1,0,1,0,1,1,0,0,0,0,1,0,0,0,Computer Science,0,0,0,0,0,0,0,No,Yes,No,Prefer not to say,Yes
True,Yes,Maybe,No,Maybe,No,Yes,Woman,0,1,1,0,1,1,1,1,Graduate Student,1,0,1,0,1,Woman,0,0,0,0,0,0,0,0,0,0,0,0,1,0,0,1,0,1,0,1,1,0,0,0,0,1,0,0,0,Computer Science,0,0,0,0,0,0,0,No,Yes,No,Prefer not to say,Yes
True,Yes,Maybe,No,Maybe,No,Yes,Woman,0,1,1,0,1,1,1,1,Graduate Student,1,0,1,0,1,Woman,0,0,0,0,0,0,0,0,0,0,0,0,1,0,0,1,0,1,0,1,1,0,0,0,0,1,0,0,0,Computer Science,0,0,0,0,0,0,0,No,Yes,No,Prefer not to say,Yes
True,Yes,Maybe,No,Maybe,No,Yes,Woman,0,1,1,0,1,1,1,1,Graduate Student,1,0,1,0,1,Woman,0,0,0,0,0,0,0,0,0,0,0,0,1,0,0,1,0,1,0,1,1,0,0,0,0,1,0,0,0,Computer Science,0,0,0,0,0,0,0,No,Yes,No,Prefer not to say,Yes
True,Yes,Maybe,No,Maybe,No,Yes,Woman,0,1,1,0,1,1,1,1,Graduate Student,1,0,1,0,1,Woman,0,0,0,0,0,0,0,0,0,0,0,0,1,0,0,1,0,1,0,1,1,0,0,0,0,1,0,0,0,Computer Science,0,0,0,0,0,0,0,No,Yes,No,Prefer not to say,Yes
True,Yes,Maybe,No,Maybe,No,Yes,Woman,0,1,1,0,1,1,1,1,Graduate Student,1,0,1,0,1,Woman,0,0,0,0,0,0,0,0,0,0,0,0,1,0,0,1,0,1,0,1,1,0,0,0,0,1,0,0,0,Computer Science,0,0,0,0,0,0,0,No,Yes,No,Prefer not to say,Yes
True,No,Maybe,No,Maybe,Yes,Yes,Woman,0,1,1,1,0,0,1,0,Sophomore,0,1,1,1,1,Woman,0,1,0,0,0,0,0,0,0,0,0,0,1,1,1,1,0,0,0,1,0,1,0,0,0,1,0,0,0,Computer Science,0,0,0,1,0,0,0,No,No,No,No,No
True,Yes,Maybe,No,Yes,Maybe,Yes,Woman,0,1,1,1,1,1,0,0,Junior,0,0,0,1,0,Woman,0,1,0,0,0,0,0,1,0,0,0,0,1,1,1,1,1,1,0,1,1,1,0,0,0,1,0,0,0,Computer Science,0,0,0,1,0,0,0,No,No,No,No,No
True,Yes,No,No,No,No,Yes,Man,1,0,1,1,0,0,1,0,Graduate Student,0,0,0,0,0,Man,0,0,0,0,0,0,0,0,0,0,0,0,1,1,0,1,1,1,0,0,0,1,0,0,0,0,0,0,1,Computer Science,0,0,0,1,0,0,0,No,Yes,No,No,No
True,Yes,No,No,No,No,Yes,Man,1,0,1,1,0,0,1,0,Graduate Student,0,0,0,0,0,Man,0,0,0,0,0,0,0,0,0,0,0,0,1,1,0,1,1,1,0,0,0,1,0,0,0,0,0,0,1,Computer Science,0,0,0,1,0,0,0,No,Yes,No,No,No
True,No,No,No,Maybe,Yes,Yes,Woman,0,1,1,0,0,1,0,0,Freshman,0,1,1,1,0,Woman,0,1,0,0,0,0,0,1,0,0,0,0,1,1,1,1,1,1,0,1,1,0,0,0,0,1,0,0,0,Computer Science,0,0,0,1,0,0,0,No,No,No,No,No
True,Maybe,No,No,No,Yes,Yes,Woman,1,1,1,1,0,0,0,0,Senior,1,1,1,0,0,Woman,0,1,0,0,0,0,0,1,0,0,0,0,1,1,0,0,0,0,0,0,1,0,0,0,0,1,0,0,0,Computer Science,0,0,0,1,0,0,0,No,No,No,No,Yes
True,Maybe,No,No,No,Yes,Yes,Woman,1,1,1,1,0,0,0,0,Senior,1,1,1,0,0,Woman,0,1,0,0,0,0,0,1,0,0,0,0,1,1,0,0,0,0,0,0,1,0,0,0,0,1,0,0,0,Computer Science,0,0,0,1,0,0,0,No,No,No,No,Yes
True,Maybe,No,No,Maybe,Maybe,Yes,Woman,1,0,1,1,1,0,1,0,Graduate Student,0,0,1,0,0,Woman,0,1,0,0,0,0,0,1,0,0,0,0,1,1,0,0,0,0,0,1,0,0,0,0,0,1,0,0,0,Computer Science,0,0,0,1,0,0,0,No,No,Yes,No,Yes
True,No,No,No,Yes,Yes,Yes,Man,1,0,1,1,1,0,1,1,Graduate Student,1,1,1,1,1,Man,1,0,0,0,0,0,0,0,0,0,0,0,1,1,1,0,1,1,0,1,1,1,0,0,0,1,0,0,0,Computer Science,0,0,0,1,0,0,0,No,No,No,No,No
True,No,No,No,Yes,Yes,Yes,Man,1,0,1,1,1,0,1,1,Graduate Student,1,1,1,1,1,Man,1,0,0,0,0,0,0,0,0,0,0,0,1,1,1,0,1,1,0,1,1,1,0,0,0,1,0,0,0,Computer Science,0,0,0,1,0,0,0,No,No,No,No,No
True,No,No,No,Yes,Yes,Yes,Man,1,0,1,1,1,0,1,1,Graduate Student,1,1,1,1,1,Man,1,0,0,0,0,0,0,0,0,0,0,0,1,1,1,0,1,1,0,1,1,1,0,0,0,1,0,0,0,Computer Science,0,0,0,1,0,0,0,No,No,No,No,No
True,Yes,Yes,No,Maybe,Maybe,Yes,Woman,0,1,1,0,0,1,0,0,Graduate Student,0,0,1,0,0,Woman,0,0,0,0,0,0,0,1,0,0,0,0,1,1,1,1,1,1,0,0,0,1,0,0,0,1,0,0,0,Computer Science,0,0,0,1,0,0,0,No,No,No,No,No
True,Yes,Yes,No,Maybe,Maybe,Yes,Woman,0,1,1,0,0,1,0,0,Graduate Student,0,0,1,0,0,Woman,0,0,0,0,0,0,0,1,0,0,0,0,1,1,1,1,1,1,0,0,0,1,0,0,0,1,0,0,0,Computer Science,0,0,0,1,0,0,0,No,No,No,No,No
True,Maybe,No,No,Yes,Maybe,Maybe,Man,1,0,0,1,1,0,0,0,Freshman,0,0,0,0,0,Man,0,0,0,0,0,0,0,0,0,0,0,0,1,1,0,1,0,1,0,0,0,1,0,1,0,0,0,0,1,Computer Science,0,0,0,1,0,0,0,No,Yes,No,Prefer not to say,No
True,Yes,No,No,No,No,Yes,Woman,0,1,1,0,0,1,1,1,Senior,0,0,1,0,1,Woman,1,1,0,0,0,1,0,1,0,0,0,0,1,1,0,0,1,0,0,1,1,1,0,0,0,1,0,0,0,Computer Science,0,0,0,1,0,0,0,No,No,Yes,No,No
True,Yes,No,No,No,No,Yes,Woman,0,1,1,0,0,1,1,1,Senior,0,0,1,0,1,Woman,1,1,0,0,0,1,0,1,0,0,0,0,1,1,0,0,1,0,0,1,1,1,0,0,0,1,0,0,0,Computer Science,0,0,0,1,0,0,0,No,No,Yes,No,No
True,Yes,No,No,No,No,Yes,Woman,0,1,1,0,0,1,1,1,Senior,0,0,1,0,1,Woman,1,1,0,0,0,1,0,1,0,0,0,0,1,1,0,0,1,0,0,1,1,1,0,0,0,1,0,0,0,Computer Science,0,0,0,1,0,0,0,No,No,Yes,No,No
True,Maybe,Maybe,No,Maybe,Yes,Yes,Woman,0,1,1,1,1,0,0,1,Sophomore,0,0,1,0,1,Woman,0,0,0,0,0,0,0,0,0,0,0,0,1,1,1,1,0,0,0,0,0,1,0,0,0,1,0,0,0,Computer Science,0,0,0,1,0,0,0,No,No,No,No,No
True,Maybe,Maybe,No,Maybe,Yes,Yes,Woman,0,1,1,1,1,0,0,1,Sophomore,0,0,1,0,1,Woman,0,0,0,0,0,0,0,0,0,0,0,0,1,1,1,1,0,0,0,0,0,1,0,0,0,1,0,0,0,Computer Science,0,0,0,1,0,0,0,No,No,No,No,No
True,No,Yes,No,Maybe,Maybe,Maybe,Woman,1,0,1,1,1,0,0,0,Senior,1,0,1,0,0,Woman,0,0,0,0,0,0,0,0,0,0,0,0,1,1,0,0,0,0,0,0,0,1,0,0,0,1,0,0,0,Computer Science,0,0,0,1,0,0,0,No,No,No,No,No
True,Yes,No,No,No,No,Yes,Woman,0,1,1,1,1,0,1,0,Senior,1,1,1,0,1,Woman,0,1,0,0,0,0,0,1,0,0,0,0,1,1,1,1,1,1,0,1,1,1,0,0,0,1,0,0,0,Computer Science,0,0,0,1,0,0,0,No,No,No,No,Yes
True,Yes,No,No,No,No,Yes,Woman,0,1,1,1,1,0,1,0,Senior,1,1,1,0,1,Woman,0,1,0,0,0,0,0,1,0,0,0,0,1,1,1,1,1,1,0,1,1,1,0,0,0,1,0,0,0,Computer Science,0,0,0,1,0,0,0,No,No,No,No,Yes
True,No,No,No,No,Yes,Yes,Woman,0,1,1,1,1,1,1,1,Freshman,0,1,0,1,1,Woman,0,1,1,0,0,0,0,1,1,0,0,0,1,1,1,1,1,1,0,1,1,1,0,0,0,0,0,0,1,Computer Science,0,0,1,0,0,1,0,No,No,No,No,No
True,No,No,No,No,Yes,Yes,Woman,0,1,1,1,1,1,1,1,Freshman,0,1,0,1,1,Woman,0,1,1,0,0,0,0,1,1,0,0,0,1,1,1,1,1,1,0,1,1,1,0,0,0,0,0,0,1,Computer Science,0,0,1,0,0,1,0,No,No,No,No,No
True,Yes,Maybe,No,Yes,Yes,Yes,Woman,0,1,1,1,0,0,0,0,Sophomore,0,1,0,1,1,Woman,0,1,0,0,0,0,0,1,0,0,0,0,1,0,1,1,0,1,0,0,0,1,0,0,0,1,0,0,0,Computer Science,0,0,0,1,0,0,0,No,No,No,No,No
True,Yes,No,No,Maybe,Yes,Yes,Man,1,0,1,1,1,0,0,0,Graduate Student,1,0,1,0,1,Man,0,0,0,0,0,0,0,0,0,0,0,0,1,0,0,0,0,0,0,0,0,1,0,0,0,1,0,0,0,Computer Science,0,0,0,0,0,1,0,No,No,No,No,No
True,No,No,No,Maybe,Maybe,Yes,Woman,1,0,0,1,1,0,0,0,Graduate Student,1,0,1,0,1,Woman,0,0,0,0,0,0,1,0,0,0,0,0,1,1,1,1,0,1,0,1,1,1,1,0,0,0,0,0,0,Computer Science,0,0,0,1,0,0,0,No,No,No,No,No
True,Maybe,Maybe,No,Maybe,No,Yes,Woman,0,1,1,1,0,1,1,0,Junior,0,1,1,1,1,Woman,0,1,0,0,0,0,0,1,0,0,0,0,1,1,0,1,0,0,0,1,1,1,0,0,0,1,0,0,0,Computer Science,0,0,0,1,0,0,0,No,No,No,No,No
True,Maybe,Maybe,No,Yes,No,Maybe,Man,1,0,1,1,1,1,1,0,Graduate Student,0,0,1,0,1,Man,0,0,0,0,0,0,0,0,0,0,0,0,1,0,0,0,0,0,0,0,0,1,0,0,0,1,0,0,0,Computer Science,0,1,0,1,0,0,0,No,No,No,Yes,Yes
True,Yes,Yes,No,Yes,Yes,Yes,Man,0,1,0,0,0,1,1,1,Graduate Student,1,0,1,0,1,Man,0,0,0,0,0,0,0,0,0,0,0,0,1,0,0,1,1,1,0,0,1,0,0,0,0,1,0,0,0,Computer Science,0,0,0,1,0,0,0,No,No,No,Yes,Yes
True,Yes,Yes,No,Yes,Yes,Yes,Man,0,1,0,0,0,1,1,1,Graduate Student,1,0,1,0,1,Man,0,0,0,0,0,0,0,0,0,0,0,0,1,0,0,1,1,1,0,0,1,0,0,0,0,1,0,0,0,Computer Science,0,0,0,1,0,0,0,No,No,No,Yes,Yes
True,Yes,No,No,Yes,Yes,Yes,Man,1,0,1,1,1,1,1,1,Junior,1,0,1,0,1,Man,0,0,0,0,0,0,0,0,0,0,0,0,1,1,1,1,0,1,0,0,1,1,0,0,0,0,0,0,1,Computer Science,0,0,0,1,0,0,0,No,No,No,No,No
True,Yes,No,No,Yes,Yes,Yes,Man,1,0,1,1,1,1,1,1,Junior,1,0,1,0,1,Man,0,0,0,0,0,0,0,0,0,0,0,0,1,1,1,1,0,1,0,0,1,1,0,0,0,0,0,0,1,Computer Science,0,0,0,1,0,0,0,No,No,No,No,No
True,Yes,Yes,No,Maybe,Maybe,Yes,Woman,0,1,1,1,1,1,0,0,Junior,0,0,1,0,1,Woman,1,1,0,0,0,0,1,1,0,0,0,0,1,1,1,1,1,1,0,1,1,0,0,0,0,1,0,0,0,Computer Science,0,0,0,0,0,0,0,No,No,No,No,No
True,No,Yes,No,Maybe,Maybe,Yes,Man,1,0,1,1,0,0,0,0,Senior,1,0,0,0,1,Man,0,0,0,0,0,0,0,0,0,0,0,0,0,0,0,0,0,0,0,0,1,1,0,0,0,1,0,0,0,Computer Science,0,0,0,1,0,0,0,No,No,No,No,No
True,Yes,No,No,Yes,Yes,Yes,Man,1,1,1,1,1,0,1,0,Freshman,1,0,0,0,1,Man,0,0,0,0,1,1,0,0,0,0,0,0,1,1,1,1,1,1,0,0,1,1,0,0,0,1,0,0,0,Computer Science,0,1,0,0,0,0,0,No,No,Yes,Yes,No
True,Yes,Yes,Yes,No,No,Yes,Woman,0,1,1,1,1,1,1,1,Junior,0,1,1,1,0,Woman,1,1,0,1,0,0,0,1,0,0,0,0,1,1,1,1,1,1,0,1,1,0,0,0,0,0,0,0,1,Computer Science,0,1,0,0,0,0,0,No,Yes,No,No,No
True,Yes,Yes,Yes,No,No,Yes,Woman,0,1,1,1,1,1,1,1,Junior,0,1,1,1,0,Woman,1,1,0,1,0,0,0,1,0,0,0,0,1,1,1,1,1,1,0,1,1,0,0,0,0,0,0,0,1,Computer Science,0,1,0,0,0,0,0,No,Yes,No,No,No
True,Yes,Yes,Yes,No,No,Yes,Woman,0,1,1,1,1,1,1,1,Junior,0,1,1,1,0,Woman,1,1,0,1,0,0,0,1,0,0,0,0,1,1,1,1,1,1,0,1,1,0,0,0,0,0,0,0,1,Computer Science,0,1,0,0,0,0,0,No,Yes,No,No,No
True,No,No,No,Yes,Yes,Yes,Man,1,1,1,1,1,0,1,0,Senior,1,0,1,0,1,Man,0,1,0,0,0,1,1,1,0,0,0,1,1,1,1,1,1,1,0,0,1,1,0,0,0,0,0,0,1,Computer Science,0,0,0,1,0,0,0,No,No,No,No,No
True,Maybe,Maybe,No,Maybe,Maybe,Yes,Woman,0,1,1,1,1,0,0,0,Sophomore,0,1,1,0,0,Woman,0,1,0,0,0,1,0,1,0,0,0,0,1,1,1,1,0,0,0,0,1,1,0,0,0,1,0,0,0,Computer Science,0,0,0,1,0,0,0,No,No,No,Prefer not to say,No
True,Yes,No,Yes,Yes,Yes,Yes,Man,1,0,0,1,1,1,0,0,Graduate Student,0,0,1,0,1,Man,0,0,0,0,0,0,0,0,0,0,0,0,1,1,0,0,0,0,0,0,1,1,0,0,0,1,0,0,0,Computer Science,0,0,0,1,0,0,0,No,No,Yes,No,Yes
True,Maybe,No,No,Maybe,Maybe,Yes,Woman,0,1,1,0,1,1,0,1,Freshman,0,0,1,0,0,Woman,0,1,0,0,0,0,0,0,0,0,0,0,1,1,1,1,0,1,0,0,1,0,0,0,0,1,0,0,0,Computer Science,0,0,0,1,0,0,0,No,No,No,No,No
True,Maybe,No,No,Maybe,Maybe,Yes,Woman,0,1,1,0,1,1,0,1,Freshman,0,0,1,0,0,Woman,0,1,0,0,0,0,0,0,0,0,0,0,1,1,1,1,0,1,0,0,1,0,0,0,0,1,0,0,0,Computer Science,0,0,0,1,0,0,0,No,No,No,No,No
True,Maybe,No,No,Yes,Yes,Maybe,Man,1,0,1,1,1,0,0,0,Freshman,0,0,0,0,1,Man,0,0,0,0,0,0,0,0,0,0,0,0,0,0,0,0,0,0,0,0,0,0,0,0,0,1,0,0,0,Computer Science,0,0,0,1,0,0,0,No,No,No,No,Yes
True,Maybe,No,No,Yes,Yes,Maybe,Man,1,0,1,1,1,0,0,0,Freshman,0,0,0,0,1,Man,0,0,0,0,0,0,0,0,0,0,0,0,0,0,0,0,0,0,0,0,0,0,0,0,0,1,0,0,0,Computer Science,0,0,0,1,0,0,0,No,No,No,No,Yes
True,Yes,Maybe,No,No,Maybe,Maybe,Man,1,1,1,1,1,1,1,0,Graduate Student,1,1,1,0,1,Man,1,0,0,0,0,0,1,1,1,0,0,0,1,1,0,0,0,0,0,1,1,1,0,0,0,0,0,0,1,Computer Science,0,0,0,1,0,0,0,Prefer not to say,No,No,No,No
True,Yes,Maybe,No,No,Maybe,Maybe,Man,1,1,1,1,1,1,1,0,Graduate Student,1,1,1,0,1,Man,1,0,0,0,0,0,1,1,1,0,0,0,1,1,0,0,0,0,0,1,1,1,0,0,0,0,0,0,1,Computer Science,0,0,0,1,0,0,0,Prefer not to say,No,No,No,No
True,No,No,Yes,Yes,No,Yes,Man,0,1,1,0,0,0,0,0,Sophomore,0,0,1,0,1,Man,0,0,0,0,0,0,0,0,0,0,0,0,1,1,1,1,1,1,0,0,1,0,0,0,0,1,0,0,0,Computer Science,0,0,0,1,0,0,0,No,No,Yes,Yes,No
True,No,No,Yes,Yes,No,Yes,Man,0,1,1,0,0,0,0,0,Sophomore,0,0,1,0,1,Man,0,0,0,0,0,0,0,0,0,0,0,0,1,1,1,1,1,1,0,0,1,0,0,0,0,1,0,0,0,Computer Science,0,0,0,1,0,0,0,No,No,Yes,Yes,No
True,Yes,No,No,Yes,Yes,Yes,Woman,0,1,1,1,1,1,1,0,Sophomore,0,0,1,1,1,Woman,0,1,0,0,0,0,0,1,0,0,0,0,1,1,0,1,0,1,0,1,0,0,0,0,0,1,0,0,0,Computer Science,0,1,0,0,0,0,0,No,No,No,No,Yes
True,Yes,Yes,No,Yes,Yes,Yes,Man,1,0,1,1,1,1,1,1,Graduate Student,1,0,1,0,1,Man,0,0,0,0,0,0,0,0,0,0,0,0,1,1,1,0,0,0,0,1,1,1,0,0,0,1,0,0,0,Statistics/DS,0,0,0,1,0,0,0,No,No,No,No,Yes
True,Yes,No,No,Yes,Yes,Yes,Man,0,1,0,0,0,0,0,0,Graduate Student,1,1,1,1,1,Man,0,0,0,0,0,0,0,0,0,0,0,0,1,1,1,1,1,1,0,1,1,0,1,0,0,0,0,0,0,Computer Science,0,0,0,0,0,0,0,No,Yes,Yes,Yes,No
True,Yes,No,No,Maybe,Yes,Yes,Man,1,1,0,0,0,0,0,0,Freshman,1,0,1,0,1,Man,0,0,0,0,0,0,0,0,0,0,0,0,1,1,1,1,1,1,0,0,0,1,0,0,0,1,0,0,0,Computer Science,1,0,0,0,0,0,0,No,No,No,No,No
True,Yes,No,No,Maybe,Yes,Yes,Man,1,1,0,0,0,0,0,0,Freshman,1,0,1,0,1,Man,0,0,0,0,0,0,0,0,0,0,0,0,1,1,1,1,1,1,0,0,0,1,0,0,0,1,0,0,0,Computer Science,1,0,0,0,0,0,0,No,No,No,No,No
True,Yes,No,No,Yes,Yes,Yes,Man,0,1,0,0,0,0,0,0,Graduate Student,1,1,1,1,1,Man,0,0,0,0,0,0,0,0,0,0,0,0,1,1,1,1,1,1,0,1,1,0,1,0,0,0,0,0,0,Computer Science,0,0,0,0,0,0,0,No,Yes,Yes,Yes,No
True,No,Yes,Yes,Yes,Yes,Yes,Man,0,1,1,1,0,1,1,1,Graduate Student,0,1,0,1,1,Man,0,0,0,0,0,0,0,0,0,0,0,0,1,1,1,0,0,0,0,1,1,1,0,0,0,1,0,0,0,Computer Science,0,1,0,0,0,0,0,No,No,No,Yes,Yes
True,No,No,No,No,No,Yes,Non-binary,0,1,0,0,0,0,0,0,Graduate Student,0,0,0,0,1,Other,0,0,0,0,0,0,0,0,0,0,0,0,1,1,1,1,0,1,0,0,0,0,0,0,0,1,0,0,0,Computer Science,0,0,0,0,0,0,0,Prefer not to say,No,No,No,No
True,No,No,No,No,No,Yes,Non-binary,0,1,0,0,0,0,0,0,Graduate Student,0,0,0,0,1,Other,0,0,0,0,0,0,0,0,0,0,0,0,1,1,1,1,0,1,0,0,0,0,0,0,0,1,0,0,0,Computer Science,0,0,0,0,0,0,0,Prefer not to say,No,No,No,No
True,No,No,No,No,No,Yes,Non-binary,0,1,0,0,0,0,0,0,Graduate Student,0,0,0,0,1,Other,0,0,0,0,0,0,0,0,0,0,0,0,1,1,1,1,0,1,0,0,0,0,0,0,0,1,0,0,0,Computer Science,0,0,0,0,0,0,0,Prefer not to say,No,No,No,No
True,No,No,No,No,No,Yes,Non-binary,0,1,0,0,0,0,0,0,Graduate Student,0,0,0,0,1,Other,0,0,0,0,0,0,0,0,0,0,0,0,1,1,1,1,0,1,0,0,0,0,0,0,0,1,0,0,0,Computer Science,0,0,0,0,0,0,0,Prefer not to say,No,No,No,No
True,No,No,No,No,No,Yes,Non-binary,0,1,0,0,0,0,0,0,Graduate Student,0,0,0,0,1,Other,0,0,0,0,0,0,0,0,0,0,0,0,1,1,1,1,0,1,0,0,0,0,0,0,0,1,0,0,0,Computer Science,0,0,0,0,0,0,0,Prefer not to say,No,No,No,No
True,No,No,No,No,No,Yes,Non-binary,0,1,0,0,0,0,0,0,Graduate Student,0,0,0,0,1,Other,0,0,0,0,0,0,0,0,0,0,0,0,1,1,1,1,0,1,0,0,0,0,0,0,0,1,0,0,0,Computer Science,0,0,0,0,0,0,0,Prefer not to say,No,No,No,No
True,No,No,No,No,No,Yes,Non-binary,0,1,0,0,0,0,0,0,Graduate Student,0,0,0,0,1,Other,0,0,0,0,0,0,0,0,0,0,0,0,1,1,1,1,0,1,0,0,0,0,0,0,0,1,0,0,0,Computer Science,0,0,0,0,0,0,0,Prefer not to say,No,No,No,No
True,No,No,No,No,No,Yes,Non-binary,0,1,0,0,0,0,0,0,Graduate Student,0,0,0,0,1,Other,0,0,0,0,0,0,0,0,0,0,0,0,1,1,1,1,0,1,0,0,0,0,0,0,0,1,0,0,0,Computer Science,0,0,0,0,0,0,0,Prefer not to say,No,No,No,No
True,No,Maybe,No,Maybe,Maybe,Yes,Man,0,1,1,0,0,1,1,1,Graduate Student,1,1,1,1,1,Man,1,0,0,0,0,0,0,0,0,0,0,0,1,0,0,0,0,0,0,1,1,0,0,0,0,1,0,0,0,Computer Science,0,0,0,1,0,0,0,No,No,Yes,Yes,Yes
True,Yes,Yes,No,No,Yes,Yes,Woman,1,1,1,1,0,1,1,1,Sophomore,0,1,0,1,1,Woman,0,1,0,0,0,0,0,1,0,0,0,0,1,1,1,1,1,1,0,0,0,0,0,0,0,1,0,0,0,Computer Science,0,0,0,0,0,0,0,No,No,No,No,No
True,No,No,No,Yes,Yes,Yes,Prefer not to say,0,1,1,0,1,0,0,0,Freshman,1,1,1,0,0,Other,0,0,0,0,0,0,0,0,0,0,0,0,1,1,1,1,0,1,0,1,0,1,0,1,0,0,0,0,1,Computer Science,0,1,0,0,1,0,0,Yes,No,No,No,No
True,No,No,No,Yes,Yes,Yes,Prefer not to say,0,1,1,0,1,0,0,0,Freshman,1,1,1,0,0,Other,0,0,0,0,0,0,0,0,0,0,0,0,1,1,1,1,0,1,0,1,0,1,0,1,0,0,0,0,1,Computer Science,0,1,0,0,1,0,0,Yes,No,No,No,No
True,Maybe,No,No,Maybe,Yes,Yes,Woman,0,0,1,0,1,1,1,0,Graduate Student,0,1,1,1,0,Woman,0,0,0,0,0,0,0,1,0,0,0,0,1,1,1,1,1,1,0,0,1,1,0,0,0,1,0,0,0,Computer Science,0,0,0,1,0,0,0,No,No,No,No,No
True,Yes,No,No,Yes,Yes,No,Man,1,0,0,1,1,0,1,1,Graduate Student,1,1,1,1,1,Man,0,0,0,0,0,0,0,0,0,0,0,0,0,0,0,0,0,0,0,0,0,1,0,0,0,1,0,0,0,Computer Science,1,0,0,1,0,0,0,No,No,No,Yes,Yes
True,Yes,No,No,Yes,Yes,No,Man,1,0,0,1,1,0,1,1,Graduate Student,1,1,1,1,1,Man,0,0,0,0,0,0,0,0,0,0,0,0,0,0,0,0,0,0,0,0,0,1,0,0,0,1,0,0,0,Computer Science,1,0,0,1,0,0,0,No,No,No,Yes,Yes
True,Yes,No,No,Yes,Yes,No,Man,1,0,0,1,1,0,1,1,Graduate Student,1,1,1,1,1,Man,0,0,0,0,0,0,0,0,0,0,0,0,0,0,0,0,0,0,0,0,0,1,0,0,0,1,0,0,0,Computer Science,1,0,0,1,0,0,0,No,No,No,Yes,Yes
True,Maybe,Maybe,Yes,No,No,Yes,Woman,0,1,1,0,0,1,1,0,Graduate Student,0,1,1,1,0,Woman,1,1,0,0,1,1,1,1,0,0,0,1,1,1,1,1,1,1,0,1,1,0,1,0,0,0,0,1,0,Computer Science,0,0,0,1,0,0,0,No,Yes,Yes,Yes,No
True,Maybe,Maybe,Yes,No,No,Yes,Woman,0,1,1,0,0,1,1,0,Graduate Student,0,1,1,1,0,Woman,1,1,0,0,1,1,1,1,0,0,0,1,1,1,1,1,1,1,0,1,1,0,1,0,0,0,0,1,0,Computer Science,0,0,0,1,0,0,0,No,Yes,Yes,Yes,No
True,Maybe,Maybe,Yes,No,No,Yes,Woman,0,1,1,0,0,1,1,0,Graduate Student,0,1,1,1,0,Woman,1,1,0,0,1,1,1,1,0,0,0,1,1,1,1,1,1,1,0,1,1,0,1,0,0,0,0,1,0,Computer Science,0,0,0,1,0,0,0,No,Yes,Yes,Yes,No
True,Yes,Yes,No,Yes,Yes,Yes,Woman,0,1,1,1,1,0,1,1,Graduate Student,1,0,1,0,1,Woman,0,1,0,0,0,0,0,1,0,0,0,0,1,1,1,1,1,1,0,0,0,1,0,0,0,1,0,0,0,Computer Science,1,1,0,0,1,0,0,No,No,No,Yes,Yes
True,Yes,Yes,No,Yes,Yes,Yes,Woman,0,1,1,1,1,0,1,1,Graduate Student,1,0,1,0,1,Woman,0,1,0,0,0,0,0,1,0,0,0,0,1,1,1,1,1,1,0,0,0,1,0,0,0,1,0,0,0,Computer Science,1,1,0,0,1,0,0,No,No,No,Yes,Yes
True,Yes,No,No,Maybe,Maybe,Yes,Man,1,0,0,1,1,0,0,0,Sophomore,1,0,1,0,1,Man,0,0,0,0,0,0,0,0,0,0,0,0,1,1,0,1,1,1,0,1,0,1,0,0,0,1,0,0,0,Computer Science,0,0,0,1,0,0,0,No,No,No,No,Yes
True,Yes,No,No,Maybe,Maybe,Yes,Man,1,0,0,1,1,0,0,0,Sophomore,1,0,1,0,1,Man,0,0,0,0,0,0,0,0,0,0,0,0,1,1,0,1,1,1,0,1,0,1,0,0,0,1,0,0,0,Computer Science,0,0,0,1,0,0,0,No,No,No,No,Yes
True,Maybe,No,No,Maybe,Yes,Maybe,Man,1,0,0,1,1,0,0,0,Graduate Student,1,0,1,0,1,Man,0,0,0,0,0,0,0,0,0,0,0,0,1,1,1,1,0,1,0,0,0,1,0,0,0,1,0,0,0,Computer Science,0,0,0,1,0,0,0,No,No,No,No,Yes
True,Maybe,No,No,Maybe,Yes,Maybe,Man,1,0,0,1,1,0,0,0,Graduate Student,1,0,1,0,1,Man,0,0,0,0,0,0,0,0,0,0,0,0,1,1,1,1,0,1,0,0,0,1,0,0,0,1,0,0,0,Computer Science,0,0,0,1,0,0,0,No,No,No,No,Yes
True,Maybe,Maybe,No,Maybe,Maybe,Maybe,Woman,0,1,1,1,1,0,1,0,Sophomore,1,0,1,0,1,Woman,0,1,0,0,0,0,0,0,0,0,0,0,1,1,1,1,0,1,0,0,1,1,0,0,0,1,0,0,0,Computer Science,0,0,0,0,0,0,0,No,No,No,Yes,No
True,Maybe,Maybe,No,Maybe,Maybe,Maybe,Woman,0,1,1,1,1,0,1,0,Sophomore,1,0,1,0,1,Woman,0,1,0,0,0,0,0,0,0,0,0,0,1,1,1,1,0,1,0,0,1,1,0,0,0,1,0,0,0,Computer Science,0,0,0,0,0,0,0,No,No,No,Yes,No
True,Maybe,Yes,No,Yes,Yes,Yes,Woman,1,1,1,1,0,0,0,0,Senior,0,0,1,0,1,Woman,0,1,0,0,0,0,0,1,0,0,0,0,1,1,1,1,1,1,0,0,1,1,0,0,0,1,0,0,0,Computer Science,0,0,0,1,0,0,0,No,No,No,No,No
True,No,No,No,No,Yes,Yes,Woman,1,0,1,1,1,0,1,0,Sophomore,1,0,1,0,1,Woman,0,1,0,0,0,0,0,0,0,0,0,0,1,1,1,1,0,1,0,0,0,1,0,0,0,1,0,0,0,Computer Science,1,0,0,0,0,0,0,No,No,No,No,No
True,Maybe,No,No,Maybe,Maybe,Yes,Woman,0,1,1,1,1,1,0,0,Sophomore,0,1,1,0,1,Woman,0,0,0,0,0,0,0,1,0,0,0,0,1,1,1,1,1,1,0,1,1,1,0,0,0,0,0,0,1,Computer Science,0,0,0,1,0,0,0,No,No,No,No,No
True,Maybe,Yes,No,Maybe,Maybe,Yes,Woman,0,1,1,1,1,0,0,1,Sophomore,0,1,0,0,1,Woman,0,1,0,0,0,0,0,1,0,0,0,0,1,1,1,1,0,0,0,1,0,1,0,0,0,1,0,0,0,Computer Science,0,0,0,1,0,0,0,No,No,No,No,No
True,Maybe,Yes,No,Maybe,Maybe,Yes,Woman,0,1,1,1,1,0,0,1,Sophomore,0,1,0,0,1,Woman,0,1,0,0,0,0,0,1,0,0,0,0,1,1,1,1,0,0,0,1,0,1,0,0,0,1,0,0,0,Computer Science,0,0,0,1,0,0,0,No,No,No,No,No
True,Yes,Maybe,No,Yes,Yes,Yes,Man,0,1,1,1,1,1,1,0,Graduate Student,0,0,0,0,0,Man,0,0,0,0,0,0,0,0,0,0,0,0,1,1,1,0,0,0,0,1,1,1,0,0,0,1,0,0,0,Computer Science,0,0,0,1,0,0,0,No,No,Yes,Yes,Yes
True,Maybe,No,No,Maybe,Maybe,Yes,Woman,0,1,1,1,1,1,0,0,Sophomore,0,1,1,0,1,Woman,0,0,0,0,0,0,0,1,0,0,0,0,1,1,1,1,1,1,0,1,1,1,0,0,0,0,0,0,1,Computer Science,0,0,0,1,0,0,0,No,No,No,No,No
True,Yes,No,No,Yes,Yes,Yes,Woman,0,1,1,1,1,0,1,1,Freshman,0,0,1,0,1,Woman,0,1,0,0,0,0,0,1,0,0,0,0,1,1,1,0,0,1,0,0,1,1,0,0,0,1,0,0,0,Computer Science,0,0,0,1,0,0,0,No,No,No,No,No
True,Maybe,No,No,Maybe,Yes,Yes,Woman,1,1,1,1,1,0,0,1,Sophomore,1,0,1,0,1,Woman,0,0,0,0,0,0,0,1,0,0,0,0,1,1,1,1,1,1,0,1,1,1,0,0,0,1,0,0,0,Computer Science,1,0,0,0,0,0,0,No,No,No,No,No
True,Yes,Yes,No,Yes,Yes,Yes,Man,1,1,0,1,1,1,1,1,Freshman,1,0,1,0,1,Man,0,0,0,0,0,0,0,0,0,0,0,0,1,1,0,1,0,1,0,0,0,1,0,0,0,1,0,0,0,Computer Science,0,0,0,1,0,0,0,No,No,No,No,Yes
True,Yes,No,Maybe,Maybe,Maybe,Yes,Man,1,1,1,1,1,1,0,0,Graduate Student,1,0,1,1,1,Man,1,0,0,0,0,1,1,0,0,0,0,1,1,1,1,1,1,1,0,1,1,1,0,0,0,0,0,0,1,Computer Science,0,0,0,1,0,0,0,No,No,No,No,No
True,No,Maybe,No,No,No,No,Woman,0,1,1,0,0,0,0,0,Sophomore,0,0,1,0,1,Woman,0,1,0,0,0,0,0,1,0,0,0,0,1,1,1,1,1,1,0,1,1,0,0,0,0,1,0,0,0,Computer Science,0,0,0,1,0,0,0,No,No,No,Yes,No
True,Yes,Maybe,No,No,Yes,Yes,Man,0,1,1,1,1,1,0,0,Junior,0,1,1,0,0,Man,0,0,0,0,0,0,0,0,0,0,0,0,1,0,0,0,1,0,0,0,0,1,0,0,0,1,0,0,0,Computer Science,0,0,0,1,0,0,0,No,No,No,No,Yes
True,Yes,Maybe,No,No,Yes,Yes,Man,0,1,1,1,1,1,0,0,Junior,0,1,1,0,0,Man,0,0,0,0,0,0,0,0,0,0,0,0,1,0,0,0,1,0,0,0,0,1,0,0,0,1,0,0,0,Computer Science,0,0,0,1,0,0,0,No,No,No,No,Yes
True,Maybe,No,No,Yes,Yes,Maybe,Man,1,0,0,1,1,0,1,1,Graduate Student,1,0,1,0,1,Man,0,0,0,0,0,0,0,0,0,0,0,0,1,1,1,0,0,0,0,0,0,1,0,0,0,1,0,0,0,Computer Science,0,0,0,1,0,0,0,No,No,No,No,No
True,Maybe,Yes,No,Maybe,Yes,No,Man,1,1,1,0,1,0,0,0,Senior,1,1,1,0,1,Man,0,0,0,0,0,0,0,0,0,0,0,0,0,1,0,1,0,0,0,1,1,1,0,0,0,1,0,0,0,Computer Science,0,0,0,1,0,0,0,No,No,No,No,No
True,Yes,Maybe,No,No,Maybe,Yes,Man,0,1,1,1,1,1,1,0,Junior,1,0,1,0,0,Man,0,0,0,0,0,0,0,0,0,0,0,0,1,1,1,1,1,1,0,0,1,1,0,0,0,1,0,0,0,Computer Science,0,0,0,1,0,0,0,No,No,No,No,Yes
True,Maybe,No,No,No,Maybe,Yes,Man,1,0,1,1,1,1,1,0,Sophomore,0,1,1,0,0,Man,0,0,0,0,0,0,0,0,0,0,0,0,1,1,1,1,1,1,0,1,1,1,0,0,1,0,0,0,1,Computer Science,0,0,0,1,0,0,0,No,No,No,No,Yes
True,Maybe,Yes,No,Maybe,Maybe,Yes,Woman,0,1,1,0,0,1,0,0,Sophomore,0,0,1,0,1,Woman,0,0,0,0,0,0,0,0,0,0,0,0,1,1,1,1,0,1,0,0,1,0,0,0,0,1,0,0,0,Computer Science,0,0,0,1,0,0,0,No,No,No,No,No
True,Maybe,Yes,No,Maybe,Maybe,Yes,Woman,0,1,1,0,0,1,0,0,Sophomore,0,0,1,0,1,Woman,0,0,0,0,0,0,0,0,0,0,0,0,1,1,1,1,0,1,0,0,1,0,0,0,0,1,0,0,0,Computer Science,0,0,0,1,0,0,0,No,No,No,No,No
True,No,No,No,Yes,Yes,No,Man,1,0,0,1,1,0,1,1,Graduate Student,1,0,1,0,1,Man,0,0,0,0,0,0,0,0,0,0,0,0,0,0,0,0,0,0,0,0,0,1,0,0,0,0,0,0,0,Computer Science,0,0,0,0,0,0,0,No,No,No,No,Yes
True,No,No,No,Yes,Yes,No,Man,1,0,0,1,1,0,1,1,Graduate Student,1,0,1,0,1,Man,0,0,0,0,0,0,0,0,0,0,0,0,0,0,0,0,0,0,0,0,0,1,0,0,0,0,0,0,0,Computer Science,0,0,0,0,0,0,0,No,No,No,No,Yes
True,Maybe,No,No,Yes,Yes,Yes,Man,1,1,1,1,1,0,0,0,Freshman,1,0,0,0,1,Man,0,0,0,0,0,0,0,0,0,0,0,0,1,1,1,0,0,1,0,0,0,1,1,0,0,0,0,0,0,Computer Science,0,0,0,1,0,0,0,No,No,No,Yes,No
True,Maybe,No,No,Yes,Yes,Yes,Man,1,1,1,1,1,0,0,0,Freshman,1,0,0,0,1,Man,0,0,0,0,0,0,0,0,0,0,0,0,1,1,1,0,0,1,0,0,0,1,1,0,0,0,0,0,0,Computer Science,0,0,0,1,0,0,0,No,No,No,Yes,No
True,Maybe,No,No,Yes,Yes,Yes,Man,1,1,1,1,1,0,0,0,Freshman,1,0,0,0,1,Man,0,0,0,0,0,0,0,0,0,0,0,0,1,1,1,0,0,1,0,0,0,1,1,0,0,0,0,0,0,Computer Science,0,0,0,1,0,0,0,No,No,No,Yes,No
True,Maybe,No,No,Maybe,Yes,Yes,Man,1,0,1,1,1,0,1,0,Sophomore,1,0,1,0,1,Man,0,0,0,0,0,0,1,0,0,0,0,0,1,1,1,1,0,1,0,0,0,1,0,1,0,0,0,0,1,Computer Science,0,0,0,1,0,0,0,No,No,No,No,No
True,Maybe,No,No,Yes,Yes,Yes,Woman,0,0,1,1,1,0,1,0,Freshman,0,0,0,0,1,Woman,0,0,0,0,0,0,0,0,0,0,0,0,1,1,1,1,0,1,0,0,0,1,0,0,0,1,0,0,0,Computer Science,0,0,0,1,0,0,0,No,No,No,No,No
True,Yes,No,No,Maybe,No,Yes,Woman,1,0,1,0,1,0,0,0,Senior,0,0,0,0,1,Woman,0,0,0,0,0,0,0,1,0,0,0,0,1,1,1,1,0,1,0,1,1,0,0,1,0,0,0,0,1,Computer Science,1,0,0,0,0,0,0,No,No,No,No,No
True,Yes,No,No,Yes,Yes,Yes,Woman,0,1,1,0,1,0,0,0,Sophomore,0,1,1,0,0,Woman,0,1,0,0,0,0,0,0,0,0,0,0,1,1,1,1,0,1,0,0,0,0,0,0,0,1,0,0,0,Computer Science,0,0,0,1,0,0,0,No,Yes,No,No,No
True,Yes,No,No,Yes,Yes,Maybe,Man,1,0,1,1,0,0,0,0,Freshman,1,0,0,0,1,Man,0,0,0,0,0,0,0,0,0,0,0,0,1,1,1,1,0,0,0,0,0,0,0,0,0,1,0,0,0,Computer Science,0,0,0,1,0,0,0,No,No,No,No,No
True,No,No,No,Yes,Yes,Yes,Man,1,0,1,1,1,0,1,0,Sophomore,1,0,0,0,1,Man,0,0,0,0,0,0,0,0,0,0,0,0,1,1,1,1,0,1,0,0,0,1,0,0,0,0,0,0,1,Computer Science,0,0,0,1,0,0,0,No,No,No,No,No
True,Yes,No,No,No,Maybe,Yes,Woman,0,0,1,0,1,1,0,0,Sophomore,0,0,1,0,0,Woman,0,1,0,0,0,0,0,1,0,0,0,0,1,1,1,1,1,1,0,1,1,0,0,0,0,1,0,0,1,Computer Science,1,0,0,0,0,0,0,No,No,No,No,No
True,Yes,Yes,No,No,No,Yes,Non-binary,0,0,0,0,0,0,0,0,Graduate Student,0,1,0,1,0,Other,0,0,0,0,0,0,0,0,0,0,0,0,1,1,1,1,1,1,0,1,0,0,0,0,0,1,0,0,0,Computer Science,0,1,0,0,0,0,0,Yes,No,No,No,No
True,No,No,No,Yes,Yes,Yes,Man,0,1,1,0,1,1,0,1,Graduate Student,0,0,1,0,1,Man,0,0,0,0,0,0,0,0,0,0,0,0,1,1,1,1,0,1,0,0,1,0,0,0,0,1,0,0,0,Computer Science,0,0,0,1,0,0,0,No,No,No,No,Yes
True,Maybe,No,No,Maybe,Maybe,Yes,Man,0,1,1,1,1,1,0,0,Graduate Student,0,0,1,0,1,Man,0,0,0,0,0,0,0,0,0,0,0,0,1,1,0,1,1,1,0,0,1,0,0,0,0,1,0,0,0,Computer Science,0,0,0,1,0,0,0,No,No,No,Yes,Yes
True,Yes,Yes,No,No,Yes,Yes,Woman,1,1,1,1,1,1,0,0,Freshman,0,0,1,1,1,Woman,0,1,0,0,0,0,0,1,0,0,0,0,1,1,1,1,0,1,0,1,1,0,0,0,0,1,0,0,0,Computer Science,0,0,0,1,0,0,0,No,No,No,No,No
False,Yes,No,No,Yes,Yes,Yes,Man,1,1,0,1,1,1,1,1,Graduate Student,1,0,1,0,0,Man,0,0,0,0,0,0,0,0,0,0,0,0,1,1,1,1,1,1,0,0,1,1,0,0,0,0,0,0,1,Computer Science,0,0,0,1,0,0,0,No,No,No,No,No
True,Yes,Maybe,No,No,Maybe,Yes,Man,0,1,1,1,1,1,0,0,Senior,1,1,1,1,0,Man,1,0,0,0,1,1,1,0,0,0,0,0,1,1,1,1,1,1,0,1,1,0,1,1,0,0,0,0,0,Computer Science,0,0,0,1,0,0,0,No,No,Yes,Yes,No
True,Yes,Yes,No,Yes,Yes,Yes,Woman,1,0,1,1,0,1,1,0,Junior,0,0,1,0,0,Woman,0,1,0,0,0,0,1,1,0,0,0,0,1,1,1,1,1,1,0,1,1,1,0,0,0,1,0,0,0,Computer Science,0,0,0,1,0,0,0,No,No,No,No,No
True,No,Yes,Yes,No,Maybe,Yes,Woman,0,1,1,1,0,1,1,0,Junior,0,0,0,0,1,Woman,1,1,0,0,0,0,0,1,0,0,0,0,1,1,1,1,1,1,0,1,1,1,0,0,0,1,0,0,0,Computer Science,0,0,0,0,0,0,0,No,No,No,No,No
True,No,Yes,No,Yes,No,Yes,Woman,0,1,1,0,0,1,1,1,Senior,0,1,0,0,0,Woman,0,0,0,0,0,1,0,0,0,0,0,1,1,1,1,1,1,1,0,0,1,0,0,0,0,0,0,0,1,Computer Science,0,1,0,0,0,0,0,No,Yes,No,No,No
True,Yes,No,No,Yes,Yes,Yes,Woman,0,0,1,0,1,0,0,1,Sophomore,0,0,1,0,1,Woman,0,0,0,0,0,0,0,0,0,0,0,0,1,1,1,1,0,1,0,0,1,0,0,0,0,1,0,0,0,Computer Science,0,0,0,1,0,0,0,No,No,No,No,No
True,No,No,No,Maybe,Yes,Yes,Man,1,0,0,1,1,0,1,0,Sophomore,1,0,1,0,1,Man,0,0,0,0,0,0,0,0,0,0,0,0,1,1,1,1,0,1,0,0,0,1,0,0,0,0,0,0,1,Computer Science,0,0,0,1,0,0,0,No,Prefer not to say,No,No,No
True,No,No,No,Maybe,No,Maybe,Woman,0,0,0,1,1,0,1,1,Graduate Student,1,0,1,0,1,Woman,0,0,0,0,0,0,0,0,0,0,0,0,0,0,0,0,0,0,0,0,0,1,0,0,0,0,0,0,1,Undecided,0,0,0,1,0,0,0,No,No,No,No,No
True,Yes,No,No,No,Yes,Yes,Woman,1,0,1,1,1,0,1,1,Senior,1,1,1,1,1,Woman,1,1,0,0,0,0,1,1,0,0,0,0,1,1,1,1,1,1,0,1,1,1,1,0,0,0,0,0,0,Computer Science,0,1,0,0,0,0,0,No,No,No,No,No
True,No,No,No,Maybe,No,Yes,Man,0,1,0,1,1,0,1,1,Junior,0,0,0,0,0,Man,0,0,0,0,0,0,0,0,0,0,0,0,1,1,1,1,1,1,0,0,0,1,0,0,0,0,0,0,1,Computer Science,0,0,0,0,0,1,0,No,Yes,No,No,No
True,No,No,No,Yes,Yes,Yes,Woman,0,0,1,1,1,0,1,0,Senior,1,0,1,0,1,Woman,0,1,0,0,0,0,0,1,0,0,0,0,1,1,1,1,1,1,0,0,0,1,0,0,0,1,0,0,0,Computer Science,0,0,0,1,0,0,0,No,No,No,No,No
True,No,No,No,Yes,Yes,Yes,Woman,0,0,1,1,1,0,1,0,Senior,1,0,1,0,1,Woman,0,1,0,0,0,0,0,1,0,0,0,0,1,1,1,1,1,1,0,0,0,1,0,0,0,1,0,0,0,Computer Science,0,0,0,1,0,0,0,No,No,No,No,No
True,Maybe,Maybe,No,Maybe,Maybe,Yes,Woman,0,1,1,1,1,1,0,0,Sophomore,0,1,1,0,1,Woman,0,1,0,0,0,0,0,0,0,0,0,0,1,1,1,1,1,1,0,0,1,0,0,0,0,1,0,0,0,Computer Science,0,0,0,1,0,0,0,No,No,No,No,No
True,Maybe,No,No,Yes,Yes,No,Man,0,1,1,0,1,1,0,1,Junior,1,0,1,0,0,Man,0,0,0,0,0,0,0,0,0,0,0,0,1,1,1,1,1,1,0,0,1,1,0,0,0,1,0,0,0,Computer Science,0,0,0,1,0,0,0,No,No,No,No,Yes
True,Maybe,No,Yes,Maybe,No,Yes,Woman,1,0,1,0,0,1,0,0,Senior,0,0,0,0,0,Woman,1,1,0,0,0,0,1,1,0,0,0,0,1,1,1,1,1,1,0,1,1,1,0,0,0,1,0,0,0,Computer Science,0,0,0,1,0,0,0,No,No,No,No,No
True,Yes,No,No,No,Yes,Yes,Woman,1,0,0,1,1,0,0,0,Graduate Student,1,0,1,0,1,Woman,0,0,0,0,0,0,0,0,0,0,0,0,1,1,0,0,0,0,0,0,0,1,0,0,0,1,0,0,0,Computer Science,0,0,0,1,0,0,0,No,No,No,No,Yes
True,No,Yes,No,Yes,Yes,Maybe,Man,0,1,1,1,1,0,1,1,Graduate Student,1,0,1,0,0,Man,0,0,0,0,0,0,0,0,0,0,0,0,1,0,0,1,0,1,0,0,0,1,0,0,0,1,0,0,0,Computer Science,0,0,0,1,0,0,0,No,No,No,No,Yes
False,No,Yes,No,Maybe,Maybe,Yes,Woman,0,1,0,0,0,0,0,1,Graduate Student,0,1,0,1,1,Woman,0,0,0,0,0,0,0,0,0,0,0,0,1,1,1,1,1,1,0,1,0,1,0,0,0,0,0,0,1,Computer Science,0,1,0,0,1,0,0,Yes,No,No,No,No
True,No,No,No,Maybe,Maybe,Yes,Woman,1,1,1,1,1,0,0,1,Junior,0,0,0,1,1,Woman,0,0,0,0,0,0,0,0,0,0,0,0,1,1,0,1,0,1,0,0,1,0,0,0,0,1,0,0,0,Computer Science,0,0,0,1,0,0,0,No,No,No,No,No
False,Yes,Yes,No,Yes,Yes,Maybe,Woman,0,1,1,1,1,0,1,1,Junior,1,0,1,0,1,Woman,0,0,0,0,0,0,0,0,0,0,0,0,1,1,1,1,1,1,0,0,0,1,0,0,0,0,0,0,1,Undecided,0,0,0,1,0,0,0,No,No,No,No,Yes
False,No,Yes,Yes,No,No,Yes,Man,0,1,1,0,0,0,1,0,Junior,0,1,1,0,1,Man,0,0,1,0,0,0,0,0,0,0,0,0,1,1,1,1,1,1,0,0,0,1,0,0,0,0,0,0,1,Computer Science,0,0,1,0,0,0,0,No,Yes,No,No,No
False,No,Yes,No,No,Yes,Yes,Woman,1,0,1,1,1,0,0,0,Senior,0,0,1,1,0,Woman,1,1,0,0,0,0,1,1,0,0,0,0,1,1,1,1,1,1,0,1,1,1,0,1,0,0,0,0,1,Computer Science,0,0,0,1,0,0,0,No,No,No,No,Yes
False,Yes,Yes,No,No,Yes,Yes,Woman,1,1,1,1,1,0,1,1,Graduate Student,1,1,1,1,1,Woman,0,0,0,0,0,0,0,0,0,0,0,0,1,1,1,1,1,1,0,0,1,1,0,0,1,0,0,0,1,Computer Science,0,0,0,0,1,0,0,No,Yes,No,No,Yes
False,Maybe,No,No,Yes,Maybe,Yes,Woman,0,1,1,1,1,0,0,0,Freshman,0,1,1,0,1,Woman,0,1,0,0,0,0,0,1,0,0,0,0,1,1,1,1,0,1,0,1,1,0,0,0,0,1,0,0,0,Computer Science,0,0,0,1,0,0,0,No,No,No,No,No
False,Maybe,No,No,Maybe,Maybe,Yes,Woman,0,1,1,1,0,1,0,0,Graduate Student,0,1,1,0,1,Woman,1,0,1,0,0,1,1,0,1,0,0,1,1,1,1,1,1,1,0,1,1,0,0,0,0,0,0,0,1,Computer Science,0,0,0,1,0,0,0,No,No,No,No,No
False,Maybe,Maybe,No,No,Yes,Yes,Woman,0,1,1,0,1,1,0,1,Junior,1,0,1,1,1,Woman,0,0,0,0,0,0,1,0,0,0,0,0,1,1,0,0,0,0,0,1,1,1,1,0,0,0,0,0,0,Life Sciences,0,0,0,1,0,0,0,No,No,No,No,No
False,No,No,No,Maybe,Yes,Yes,Woman,0,1,1,1,1,0,0,1,Senior,0,1,0,1,1,Woman,0,0,0,0,0,0,0,0,0,0,0,0,1,1,1,1,1,1,0,1,1,1,0,0,0,1,0,0,0,Computer Science,0,1,0,0,0,0,0,No,No,No,No,Yes
False,Yes,Yes,No,Maybe,Maybe,Yes,Woman,0,1,1,0,0,1,0,0,Junior,0,1,1,1,0,Woman,1,1,0,0,1,1,1,1,0,0,1,0,1,1,1,1,1,1,0,1,1,0,1,0,0,0,0,0,0,Computer Science,0,0,0,1,0,0,0,No,No,Yes,Yes,Yes
False,No,Yes,No,Maybe,Maybe,Yes,Woman,0,1,1,0,1,1,0,0,Senior,0,1,1,1,1,Woman,0,0,0,0,0,0,0,0,0,0,0,0,1,1,1,1,1,1,0,1,1,0,0,0,0,0,0,0,1,Engineering-based,0,1,0,0,0,1,0,No,No,No,No,No
False,Yes,No,No,No,Yes,Yes,Man,1,1,0,1,1,0,1,1,Junior,1,0,1,0,1,Man,0,0,0,0,0,0,0,0,0,0,0,0,1,1,1,1,0,1,0,0,1,1,0,0,0,0,0,0,1,Computer Science,0,0,0,1,0,0,0,No,Yes,No,Yes,No
False,No,No,No,Yes,Yes,Yes,Woman,1,0,0,1,1,0,1,0,Freshman,0,0,0,0,0,Woman,0,0,0,0,0,0,0,0,0,0,0,0,0,0,0,0,0,0,0,0,0,1,0,0,0,1,0,0,0,Computer Science,0,0,0,1,0,0,0,No,No,No,Yes,No
False,No,Maybe,No,Yes,Yes,Yes,Woman,1,0,1,1,1,0,0,0,Junior,0,0,1,1,1,Woman,0,0,0,0,0,0,0,0,0,0,0,0,1,1,1,1,1,1,0,0,1,1,0,0,0,0,0,0,1,Computer Science,0,0,0,1,0,0,0,No,No,No,No,No
False,Yes,No,Yes,Maybe,Yes,Yes,Woman,1,1,1,0,1,0,0,1,Junior,1,0,1,0,1,Woman,0,1,0,0,0,0,0,1,0,0,0,0,1,1,1,1,0,1,0,1,1,0,0,0,0,1,0,0,0,Computer Science,0,0,0,0,0,0,0,No,No,No,No,No
False,No,Maybe,No,No,Maybe,Yes,Woman,0,0,1,1,0,1,1,0,Senior,0,0,0,1,1,Woman,0,0,0,0,0,0,0,0,0,0,0,0,1,1,1,1,1,1,0,0,1,0,0,0,1,0,0,0,0,Computer Science,0,0,0,1,0,0,0,No,Prefer not to say,Prefer not to say,Prefer not to say,Yes
False,Maybe,Maybe,No,No,Maybe,Yes,Man,0,0,1,0,1,0,1,0,Junior,1,1,1,1,1,Man,0,0,0,0,0,0,0,0,0,0,0,0,1,1,1,1,1,1,0,1,0,1,1,0,0,0,0,0,0,Computer Science,0,0,0,0,0,0,0,No,No,Yes,Yes,No
False,No,No,No,No,Maybe,Yes,Man,1,0,1,0,1,0,1,1,Freshman,0,1,1,1,0,Man,1,0,0,0,0,0,1,0,0,0,0,0,1,1,1,1,1,1,0,0,1,0,0,1,0,0,0,0,0,Computer Science,0,0,0,1,0,0,0,No,No,No,No,No
False,No,No,No,Yes,Yes,Yes,Man,0,0,1,1,1,1,0,0,Sophomore,1,1,1,0,1,Man,0,0,0,0,0,1,0,0,1,0,0,0,1,1,0,1,0,0,0,0,0,1,0,0,0,0,0,0,1,Computer Science,0,0,1,0,0,0,0,No,No,No,No,No
False,Maybe,No,No,Maybe,Yes,Yes,Woman,1,0,1,1,1,0,1,1,Senior,0,0,1,0,1,Woman,0,0,0,0,0,0,0,0,0,0,0,0,1,1,1,1,1,1,0,0,0,1,0,0,0,1,0,0,0,Computer Science,0,0,0,1,0,0,0,No,No,No,No,No
False,Yes,No,No,Maybe,Maybe,Yes,Man,0,0,1,1,1,0,1,0,Sophomore,0,0,0,0,0,Man,0,0,0,0,0,0,0,0,0,0,0,0,1,1,1,1,1,1,0,0,0,1,0,0,0,1,0,0,1,Computer Science,0,0,0,1,0,0,0,No,No,No,No,No
False,Yes,No,No,Maybe,Maybe,Yes,Woman,0,0,1,1,1,1,1,0,Sophomore,1,1,0,1,0,Woman,1,1,0,0,0,0,1,1,0,0,0,0,1,1,1,1,1,1,0,0,0,0,1,0,0,0,0,0,0,Computer Science,0,1,0,0,0,0,0,No,Yes,No,Yes,No
False,No,No,No,Yes,Yes,Yes,Man,1,0,0,1,1,0,1,1,Sophomore,1,0,1,0,1,Man,0,0,0,0,0,1,0,0,0,0,0,1,1,1,1,1,1,1,0,0,0,1,0,0,0,0,0,0,1,Computer Science,0,0,0,1,0,0,0,No,No,No,No,No
False,No,No,No,No,Yes,Yes,Man,0,1,1,0,1,0,1,0,Sophomore,0,1,0,1,1,Man,0,0,0,0,0,0,0,0,0,0,0,0,1,0,0,0,0,0,0,0,0,0,0,1,0,0,0,0,0,Computer Science,0,0,0,1,0,0,0,No,No,Yes,No,No
False,Maybe,Yes,No,No,Maybe,Yes,Woman,0,1,1,1,1,1,1,1,Senior,0,1,1,1,1,Woman,0,0,0,0,0,0,0,1,0,0,0,0,1,1,1,1,0,1,0,1,0,0,0,0,0,1,0,0,0,Mathematics,0,0,0,1,0,0,0,No,No,No,No,Yes
False,Yes,Yes,No,No,No,Yes,Man,0,1,1,0,1,1,1,1,Junior,0,0,1,1,0,Man,0,0,0,0,0,0,0,0,0,0,0,0,1,1,1,1,1,1,0,0,1,1,0,0,0,0,0,0,1,Computer Science,0,0,0,1,0,0,0,No,No,No,No,No
False,Yes,No,No,No,No,Yes,Woman,0,1,1,1,0,0,0,0,Senior,0,1,1,0,0,Woman,0,0,0,0,0,0,0,1,0,0,0,0,1,1,1,0,0,0,0,1,1,0,0,0,0,0,0,0,1,Undecided,0,0,0,1,0,0,0,No,No,No,No,No
False,No,Yes,No,Maybe,Maybe,Yes,Man,0,1,1,1,0,1,1,0,Sophomore,0,1,1,0,1,Man,1,0,0,0,0,0,0,0,0,0,0,0,1,1,1,1,1,1,0,1,1,1,0,0,0,1,0,0,1,Engineering-based,0,1,0,0,1,0,0,No,Yes,No,No,No
False,No,Maybe,No,Maybe,Yes,Yes,Man,1,1,1,1,1,0,0,1,Senior,0,0,1,0,1,Man,0,0,0,0,0,0,0,0,0,0,0,0,1,1,1,1,1,1,0,0,0,1,0,0,0,0,0,0,1,Computer Science,1,0,0,0,0,0,0,No,No,No,No,No
False,Yes,No,No,Yes,Yes,Yes,Woman,0,1,1,1,1,1,0,0,Senior,0,1,1,0,1,Woman,0,0,0,0,1,1,0,1,0,0,0,0,1,1,0,0,0,1,0,1,1,0,0,0,0,1,0,0,0,Computer Science,0,0,0,1,0,0,0,No,No,Yes,Yes,No
False,Maybe,Maybe,No,Yes,Yes,Yes,Woman,0,1,0,1,1,0,0,0,Junior,1,1,1,1,1,Woman,0,0,0,0,0,0,0,0,0,0,0,0,1,1,1,1,1,1,0,1,1,1,0,0,0,1,0,0,0,Computer Science,0,0,0,0,0,0,0,No,No,No,No,No
False,Maybe,Yes,No,Yes,Maybe,Yes,Man,1,0,1,1,1,0,1,0,Senior,1,0,1,0,1,Man,0,0,0,0,0,0,0,0,0,0,0,0,1,1,1,1,1,1,0,0,0,1,0,0,0,1,0,0,0,Computer Science,0,0,0,1,0,0,0,No,Prefer not to say,No,No,No
False,No,No,No,Yes,Yes,Yes,Man,1,0,1,1,1,0,1,0,Sophomore,0,0,1,0,1,Man,0,0,0,0,0,0,0,0,0,0,0,0,1,1,1,1,1,1,0,1,1,1,0,0,0,0,0,0,1,Computer Science,0,0,0,1,0,0,0,No,No,No,No,No
False,No,Yes,No,Maybe,Yes,Yes,Man,0,1,1,1,1,1,0,0,Sophomore,0,0,1,0,0,Man,0,0,1,0,0,0,0,0,1,0,0,0,1,1,1,1,1,1,0,1,1,0,0,0,0,0,0,0,1,Computer Science,0,0,1,0,0,0,0,No,Prefer not to say,No,No,Prefer not to say
False,No,No,No,Yes,Yes,Yes,Woman,1,0,1,1,1,1,1,1,Senior,1,0,1,0,1,Woman,0,0,0,0,0,0,0,1,0,0,0,0,0,1,0,0,0,0,0,1,1,1,0,0,0,1,0,0,0,Computer Science,0,0,0,1,0,0,0,No,No,No,No,Yes
False,No,No,No,No,Maybe,Yes,Woman,0,1,1,1,0,1,0,0,Junior,0,1,1,0,1,Woman,0,0,0,0,0,0,0,0,0,0,0,0,1,1,1,1,1,1,0,0,1,0,0,0,0,0,0,0,1,Computer Science,0,0,0,1,0,0,0,No,No,No,No,No
False,Maybe,No,No,Yes,Maybe,Yes,Woman,0,1,1,0,0,1,0,0,Senior,0,0,1,1,0,Woman,0,0,0,0,0,0,0,0,0,0,0,0,1,1,0,1,0,0,0,0,1,0,0,0,0,0,0,0,1,Engineering-based,0,0,0,1,0,0,0,No,No,No,No,No
False,No,Yes,No,No,Maybe,Yes,Woman,0,1,1,1,1,0,1,0,Sophomore,0,0,1,0,1,Woman,0,1,0,0,0,0,0,1,0,0,0,0,1,1,1,1,1,1,0,0,0,1,0,0,0,1,0,0,0,Computer Science,0,0,0,1,0,0,0,No,No,No,No,No
False,Yes,No,No,Yes,Yes,Yes,Man,1,0,1,1,1,0,1,0,Sophomore,1,0,1,0,1,Man,0,0,0,0,0,0,0,0,0,0,0,0,1,1,1,1,0,1,0,0,0,1,0,0,0,0,0,0,1,Computer Science,0,0,0,1,0,0,0,No,No,No,No,No
False,Yes,Yes,No,No,Maybe,Yes,Man,1,1,1,1,1,0,1,1,Senior,1,1,1,1,1,Man,0,0,1,0,1,1,0,0,0,0,0,0,1,1,1,1,1,1,0,1,1,1,0,0,0,1,0,0,0,Computer Science,0,1,1,0,0,0,0,No,No,Yes,Yes,No
False,Yes,Maybe,No,Maybe,Yes,Maybe,Woman,0,1,1,0,1,0,0,0,Sophomore,0,0,0,1,1,Woman,0,0,0,0,0,1,1,0,0,0,0,0,1,1,1,1,1,1,0,0,1,1,0,0,0,0,0,0,1,Computer Science,0,0,0,1,0,0,0,No,No,No,No,No
False,Maybe,Yes,No,Maybe,Maybe,Yes,Man,0,1,1,1,0,0,1,0,Sophomore,1,1,1,1,1,Man,1,0,0,0,0,0,0,0,0,0,0,0,1,1,1,1,0,1,0,1,1,1,0,0,0,0,0,0,1,Computer Science,0,0,1,0,0,0,0,No,No,No,No,No
False,No,No,No,Yes,Yes,Maybe,Man,1,0,1,1,1,0,1,1,Sophomore,1,0,1,0,1,Man,0,0,0,0,0,0,0,0,0,0,0,0,0,0,0,0,0,1,0,0,0,1,0,0,0,1,0,0,0,Computer Science,0,0,0,1,0,0,0,No,No,Yes,No,No
False,No,Maybe,No,Maybe,Yes,Yes,Woman,0,1,1,1,1,0,0,0,Sophomore,0,0,1,0,1,Woman,0,0,0,0,0,0,0,1,0,0,0,0,1,1,1,1,1,1,0,0,0,1,0,0,0,1,0,0,0,Life Sciences,0,0,0,1,0,0,0,No,No,No,No,No
False,Maybe,No,No,Maybe,Maybe,Yes,Woman,1,1,1,0,0,0,0,1,Sophomore,0,1,0,0,1,Woman,0,0,0,0,0,0,0,0,0,0,0,0,1,1,1,1,1,1,0,0,0,1,0,0,0,1,0,0,0,Computer Science,0,1,0,0,0,0,0,No,No,No,No,No
False,Yes,No,No,Yes,Yes,No,Man,1,0,0,1,1,0,1,0,Junior,1,0,1,0,1,Man,0,0,0,0,0,0,0,0,0,0,0,0,1,1,0,0,0,0,0,0,0,1,0,0,0,0,0,0,1,Computer Science,0,0,0,0,0,0,0,No,No,No,No,No
False,Maybe,Yes,No,Maybe,Maybe,Maybe,Man,0,1,0,0,1,0,0,0,Senior,0,0,0,1,0,Man,0,0,0,0,0,0,0,0,0,0,0,0,1,0,0,0,1,0,0,0,0,0,0,0,0,1,0,0,0,Life Sciences,0,0,0,1,0,0,0,No,No,No,No,Yes
False,Maybe,No,No,Maybe,Yes,Yes,Man,1,0,1,1,1,0,1,0,Junior,0,1,1,0,1,Man,0,0,0,0,0,0,0,0,0,0,0,0,1,1,1,1,1,1,0,0,1,1,0,0,0,1,0,0,0,Computer Science,0,0,0,1,0,0,0,No,No,No,No,No
False,Maybe,No,No,Maybe,Maybe,Yes,Man,0,0,0,1,1,1,1,1,Freshman,1,0,1,0,0,Man,1,0,0,0,0,0,1,0,0,0,0,0,1,1,1,1,1,1,0,0,0,1,0,1,0,0,0,0,1,Computer Science,0,0,0,1,0,0,0,No,No,No,No,No
False,No,No,No,Yes,Yes,Yes,Man,1,0,1,1,1,0,0,0,Junior,1,0,1,0,1,Man,0,0,0,0,0,0,0,0,0,0,0,0,1,1,1,1,1,1,0,0,1,1,0,0,0,0,0,0,1,Computer Science,0,0,0,1,0,0,0,No,No,No,No,No
False,No,No,No,No,Yes,Yes,Man,1,0,1,1,1,0,1,1,Sophomore,1,0,1,0,1,Man,0,0,0,0,0,0,0,0,0,0,0,0,1,1,1,1,1,1,0,0,0,1,0,0,0,0,0,0,1,Computer Science,0,0,0,1,0,0,0,No,No,No,Yes,No
False,Yes,No,No,Yes,Yes,Yes,Man,1,0,0,1,1,0,1,1,Junior,1,0,1,0,1,Man,0,0,0,0,0,0,0,0,0,0,0,0,1,1,1,1,1,1,0,0,0,0,0,0,0,1,0,0,0,Computer Science,0,0,0,1,0,0,0,No,Yes,No,No,No
False,Maybe,No,No,Maybe,Maybe,Yes,Woman,1,0,1,1,1,1,1,1,Senior,1,0,1,0,1,Woman,0,0,0,0,0,0,0,1,0,0,0,0,1,1,1,1,1,1,0,1,1,0,0,0,0,1,0,0,0,Computer Science,0,0,0,1,0,0,0,No,No,No,No,No
False,Maybe,Maybe,No,Maybe,Maybe,Yes,Woman,0,1,1,1,1,1,1,1,Senior,0,1,1,1,1,Woman,0,0,0,0,0,0,0,0,0,0,0,0,1,1,1,1,1,1,0,1,1,1,0,0,0,0,0,0,1,Computer Science,0,0,0,1,0,0,0,No,No,No,No,No
False,Yes,Yes,No,No,No,Yes,Man,1,0,1,1,0,0,1,1,Senior,0,1,1,0,0,Man,0,0,0,0,0,0,0,0,0,0,0,0,1,1,1,1,1,1,0,0,1,0,0,0,0,0,0,0,1,Computer Science,0,0,0,1,0,0,0,No,No,No,No,No
False,Yes,Maybe,No,Yes,Yes,Yes,Man,1,0,0,1,1,0,1,0,Junior,1,0,1,0,0,Man,0,0,0,0,0,0,0,0,0,0,0,0,1,1,1,1,1,1,0,1,1,1,0,0,0,1,0,0,0,Computer Science,0,0,0,1,0,0,0,No,No,No,No,No
False,Yes,No,No,Maybe,Maybe,Yes,Man,1,1,1,1,1,1,1,1,Senior,1,1,1,1,1,Man,0,0,0,0,1,1,0,0,0,0,1,1,1,1,1,1,1,1,0,1,1,1,0,0,0,1,0,0,0,Computer Science,0,0,0,1,0,0,0,No,No,Yes,Yes,No
False,Yes,Maybe,No,Maybe,Yes,Yes,Woman,0,1,1,1,1,1,1,0,Sophomore,0,1,1,0,1,Woman,1,1,0,0,0,0,0,1,0,0,0,0,1,1,1,1,1,1,0,1,1,1,0,0,0,1,1,0,0,Computer Science,0,0,0,1,0,0,0,No,No,No,No,No
False,Yes,No,No,Maybe,Yes,Yes,Man,1,1,1,1,1,0,1,0,Graduate Student,0,0,1,0,1,Man,0,0,0,0,0,1,0,0,0,0,0,0,1,1,1,1,1,1,0,0,1,1,0,0,0,0,0,0,1,Computer Science,0,0,0,1,0,0,0,No,No,No,No,No
False,No,Yes,No,Maybe,Maybe,Yes,Woman,0,1,1,1,1,0,1,0,Junior,0,1,1,0,0,Woman,0,0,0,0,0,0,0,0,0,0,0,0,1,0,1,0,0,0,0,0,0,1,0,1,0,0,0,0,0,Computer Science,0,1,0,0,0,0,0,No,No,No,Yes,Yes
True,No,No,No,Maybe,No,Yes,Woman,1,0,1,1,0,1,1,1,Graduate Student,0,1,1,1,1,Woman,0,0,0,0,0,0,0,0,0,0,0,0,1,1,1,1,1,1,0,1,0,1,1,0,0,0,0,0,0,Computer Science,0,0,0,1,0,0,0,No,No,Yes,Yes,No
False,Yes,Maybe,No,Maybe,Maybe,Yes,Woman,0,1,1,1,1,0,1,1,Sophomore,0,1,1,1,1,Woman,0,0,0,0,0,0,0,1,0,0,0,0,1,1,1,1,1,1,0,0,1,1,0,0,0,0,0,0,1,Computer Science,0,1,0,0,0,0,0,No,No,No,No,No
False,Yes,No,No,Yes,Yes,Yes,Man,1,0,1,1,1,0,1,1,Senior,1,0,1,0,1,Man,0,0,0,0,0,0,0,0,0,0,0,0,1,1,1,1,1,1,0,0,0,1,0,0,0,0,0,0,1,Life Sciences,0,0,0,1,0,0,0,No,No,No,No,No
False,No,Yes,No,Maybe,Maybe,Yes,Woman,0,1,1,1,1,0,0,0,Junior,0,0,1,1,1,Woman,0,0,0,0,0,0,0,0,0,0,0,0,1,1,1,1,1,1,0,0,1,1,0,0,0,1,0,0,0,Computer Science,0,0,0,1,0,0,0,No,No,No,No,No
False,No,Yes,Maybe,No,Maybe,Yes,Man,0,1,1,1,1,0,1,0,Junior,1,0,1,0,0,Man,0,0,0,0,0,0,0,0,0,0,0,0,1,1,1,1,1,1,0,0,1,0,0,0,0,0,0,0,1,Life Sciences,0,0,0,1,0,0,0,No,No,No,No,No
False,Yes,No,No,Yes,Yes,Yes,Woman,1,1,1,1,1,0,1,0,Sophomore,0,0,1,0,1,Woman,1,1,0,0,0,0,0,0,0,0,0,0,1,1,1,1,1,1,0,0,1,1,0,0,0,1,0,0,1,Computer Science,0,1,0,0,0,0,0,No,No,No,No,Yes
False,Yes,No,No,Maybe,Yes,Yes,Man,1,1,1,1,1,0,1,1,Junior,1,0,1,0,0,Man,0,0,0,0,0,0,0,0,0,0,0,0,1,1,1,1,1,1,0,0,1,1,0,0,0,0,0,0,1,Computer Science,0,0,0,1,0,0,0,No,No,No,No,No
False,Maybe,No,No,Maybe,Yes,Yes,Woman,0,0,0,1,1,0,1,1,Freshman,0,0,1,0,1,Woman,0,0,0,0,0,0,0,0,0,0,0,0,1,1,1,1,1,1,0,0,0,0,0,0,0,1,0,0,0,Life Sciences,0,0,0,0,0,0,0,No,No,No,No,No
False,Maybe,No,Maybe,Maybe,Maybe,Yes,Woman,1,1,1,1,1,0,1,0,Junior,0,0,1,0,1,Woman,0,0,0,0,0,0,0,0,0,0,0,0,1,1,1,0,1,1,0,0,0,1,1,0,0,0,0,0,0,Computer Science,0,0,0,1,0,0,0,No,No,No,Prefer not to say,Yes
False,No,No,No,Yes,No,No,Man,1,0,1,0,1,1,0,0,Sophomore,0,0,1,0,1,Man,0,0,0,0,0,0,1,1,1,0,0,1,1,1,1,1,1,1,0,1,1,0,0,0,0,0,0,0,1,Computer Science,0,0,0,1,0,0,0,No,No,No,No,No
True,Maybe,No,No,Maybe,Yes,Maybe,Man,1,0,0,1,1,0,1,0,Sophomore,1,0,1,0,1,Man,0,0,0,0,0,0,0,0,0,0,0,0,1,1,0,1,0,0,0,0,0,1,0,0,0,1,0,0,0,Computer Science,0,0,0,1,0,0,0,No,No,No,No,Yes
False,Yes,No,No,Maybe,Yes,Yes,Man,1,0,1,1,1,0,1,1,Junior,1,0,1,0,1,Man,0,0,0,0,0,0,0,0,0,0,0,0,1,1,1,1,0,1,0,0,0,1,0,0,0,1,0,0,1,Computer Science,0,0,0,1,0,0,0,No,No,No,No,No
False,Maybe,No,No,Maybe,Yes,Yes,Woman,0,1,1,1,1,0,0,0,Junior,0,1,1,0,0,Woman,0,0,0,0,0,0,1,1,0,0,0,0,1,1,1,1,0,1,0,0,0,1,0,1,0,0,0,0,1,Computer Science,0,0,0,1,0,0,0,No,No,No,No,No
False,Maybe,Maybe,No,Yes,Yes,No,Man,1,0,0,1,1,0,0,0,Junior,1,0,1,0,0,Man,0,0,0,0,0,0,0,0,0,0,0,0,1,0,1,0,0,0,0,0,0,1,0,0,0,0,0,0,1,Engineering-based,0,0,0,1,0,0,0,No,No,No,No,No
False,No,Yes,No,No,No,Yes,Woman,0,0,1,1,1,1,1,1,Senior,1,1,1,0,1,Woman,0,0,0,0,0,0,0,0,0,0,0,0,1,1,1,1,1,1,0,0,1,1,0,0,1,0,0,0,0,Computer Science,0,0,0,1,0,0,0,No,No,No,Yes,Yes
False,No,Yes,No,No,Maybe,Yes,Woman,1,1,1,1,1,1,0,0,Senior,0,1,0,1,1,Woman,0,0,0,0,0,0,0,0,0,0,0,0,1,1,0,1,1,1,0,1,1,1,0,0,0,0,0,0,1,Computer Science,0,0,0,1,0,0,0,No,No,No,No,No
False,No,No,No,Maybe,Maybe,Yes,Man,0,0,1,0,1,0,1,0,Sophomore,0,0,1,0,1,Man,0,0,0,0,0,0,0,0,0,0,0,0,1,1,1,1,1,1,0,0,0,1,0,0,0,0,0,0,1,Engineering-based,0,0,0,1,0,0,0,No,No,No,No,No
False,No,Yes,Yes,No,Yes,Yes,Man,0,1,1,1,1,0,1,1,Senior,0,0,1,1,1,Man,0,0,0,0,0,0,0,0,1,0,0,0,1,1,1,1,1,1,0,0,0,1,0,0,0,0,0,0,1,Computer Science,0,0,1,0,0,0,0,No,No,No,No,No
False,Yes,No,No,Yes,Yes,Maybe,Man,1,1,1,1,1,0,1,1,Junior,1,0,1,0,1,Man,0,0,0,0,0,0,0,0,0,0,0,0,1,1,1,1,1,1,0,0,0,1,0,0,0,1,0,0,0,Computer Science,0,0,0,1,0,0,0,No,No,No,No,No
False,No,No,No,Yes,Yes,Yes,Woman,0,1,1,1,0,0,0,0,Sophomore,0,1,0,1,1,Woman,0,0,0,0,0,0,0,0,0,0,0,0,1,1,1,1,1,1,0,1,1,0,0,0,0,1,0,0,0,Computer Science,0,0,0,1,0,0,0,No,No,No,No,No
False,No,No,No,No,Yes,Yes,Man,1,0,1,1,1,1,1,0,Senior,1,0,1,0,1,Man,0,0,0,0,0,0,0,0,0,0,0,0,1,1,1,1,1,1,0,0,1,1,0,0,0,0,0,0,1,Engineering-based,0,0,0,1,0,0,0,No,No,No,No,No
False,Yes,No,No,Maybe,Maybe,Yes,Man,1,0,1,1,1,0,1,0,Junior,0,0,1,0,1,Man,0,0,0,0,0,0,0,0,0,0,0,0,1,1,1,1,0,1,0,1,1,1,0,0,0,1,0,0,0,Computer Science,0,0,0,1,0,0,0,No,No,No,No,No
False,Yes,No,No,Yes,Yes,Yes,Man,1,0,1,1,1,0,1,0,Senior,0,0,1,0,1,Man,0,0,0,0,0,0,0,0,0,0,0,0,1,1,1,1,1,1,0,0,0,1,0,0,0,0,0,0,1,Computer Science,0,0,0,1,0,0,0,No,No,No,No,No
False,Yes,No,No,Yes,Yes,Yes,Man,1,0,0,1,1,0,1,1,Freshman,0,0,1,0,1,Man,0,0,0,0,0,0,0,0,0,0,0,0,1,1,1,1,0,0,0,0,0,1,0,0,0,0,0,0,1,Computer Science,0,0,0,1,0,0,0,No,No,No,No,No
False,No,Maybe,No,Maybe,Yes,Yes,Woman,0,1,1,1,1,1,0,0,Sophomore,0,0,0,0,0,Woman,1,1,1,0,0,1,1,0,0,0,0,1,1,1,1,1,1,1,0,1,0,1,0,0,0,1,0,0,1,Undecided,1,0,0,0,0,0,0,No,No,No,No,No
False,Yes,No,No,Maybe,Yes,Yes,Man,0,1,1,1,1,0,1,1,Junior,1,1,1,0,1,Man,0,0,0,0,0,0,0,0,0,0,0,0,1,1,1,1,1,1,0,1,1,1,0,0,0,1,0,0,0,Computer Science,0,0,0,1,0,0,0,No,No,No,No,No
False,No,Yes,Yes,Maybe,Yes,Yes,Woman,0,0,1,1,1,0,0,1,Junior,0,0,0,0,1,Woman,0,0,0,0,0,0,0,0,0,0,0,0,1,1,1,1,1,1,0,1,1,1,0,0,0,0,0,0,1,Mathematics,0,0,0,1,0,0,0,No,No,No,Yes,No
False,No,No,No,Yes,Yes,Yes,Man,1,0,1,1,1,1,1,0,Freshman,1,0,1,0,0,Man,1,0,0,0,0,0,0,0,0,0,0,0,1,1,1,1,0,1,0,0,0,0,1,0,0,0,0,0,0,Computer Science,0,0,0,1,0,0,0,No,No,No,No,No
False,Maybe,No,No,Yes,Yes,Maybe,Man,1,0,1,1,1,1,0,0,Freshman,0,0,1,0,1,Man,0,0,0,0,0,0,0,0,0,0,0,0,1,0,1,1,0,1,0,0,0,1,0,0,0,1,0,0,0,Computer Science,0,0,0,1,0,0,0,No,No,No,No,No
False,Yes,Yes,No,No,Yes,Yes,Man,0,1,0,1,1,0,0,0,Junior,1,1,1,1,1,Man,1,0,0,0,0,1,0,0,0,0,0,0,1,1,1,1,1,1,0,1,0,0,0,0,0,1,0,0,0,Computer Science,0,0,0,1,0,0,0,No,No,No,No,Yes
False,No,No,No,Maybe,Maybe,Yes,Man,0,0,1,1,1,0,0,0,Sophomore,1,0,1,0,1,Man,0,0,0,0,0,0,0,0,0,0,0,0,1,1,1,1,0,1,0,0,0,1,0,0,0,1,0,0,0,Computer Science,0,0,0,1,0,0,0,No,No,No,No,Yes
False,Yes,No,No,No,Maybe,Yes,Woman,1,1,1,1,1,0,0,0,Senior,0,1,1,0,1,Woman,0,0,0,0,0,0,0,0,0,0,0,0,1,1,1,1,1,1,0,1,1,1,0,0,0,1,0,0,1,Computer Science,0,0,0,0,0,1,0,No,No,No,No,No
False,No,Yes,No,Maybe,No,Yes,Woman,1,1,0,1,1,0,0,0,Junior,1,0,0,1,1,Woman,0,0,0,0,0,1,1,0,0,0,0,0,1,1,1,1,1,1,0,0,1,0,0,0,0,0,0,0,0,Computer Science,1,0,0,0,0,0,0,No,Yes,No,No,No
True,Maybe,Yes,No,Maybe,Yes,Yes,Man,0,0,1,0,1,0,1,0,Junior,0,1,1,1,1,Man,1,0,0,0,0,0,1,0,0,0,0,0,1,1,1,1,0,1,0,1,1,0,1,0,0,0,0,0,0,Computer Science,0,0,0,1,0,0,0,No,No,No,Yes,No
False,Yes,No,No,No,Yes,Yes,Man,0,0,1,1,1,0,1,0,Senior,1,0,1,0,1,Man,0,0,0,0,0,0,0,0,0,0,0,0,1,1,1,1,1,1,0,0,0,1,0,0,0,0,0,0,1,Computer Science,0,0,0,1,0,0,0,No,No,No,No,No
True,Yes,Maybe,No,Maybe,Yes,Yes,Woman,0,1,1,1,1,0,0,0,Freshman,0,0,1,0,1,Woman,0,1,0,0,0,0,0,1,0,0,0,0,1,1,1,1,0,0,0,1,1,1,0,0,0,1,0,0,0,Computer Science,0,1,0,0,0,0,0,No,No,No,No,No
True,No,Yes,No,Maybe,No,Yes,Man,1,0,1,0,0,1,1,0,Sophomore,1,1,1,1,1,Man,0,0,0,0,1,1,0,0,0,0,1,1,1,1,1,1,1,1,0,1,1,1,0,0,0,0,0,0,1,Undecided,0,0,0,1,0,0,0,No,Prefer not to say,Yes,Yes,No
False,Yes,No,No,No,Yes,Yes,Man,1,0,0,1,1,0,1,0,Senior,0,1,1,0,1,Man,0,0,0,0,0,1,0,0,0,0,0,1,1,1,1,1,1,1,0,0,0,1,0,0,0,1,0,0,0,Computer Science,0,0,0,1,0,0,0,No,No,No,No,No
True,Yes,Yes,No,No,No,Yes,Woman,0,1,1,0,0,1,0,0,Junior,0,1,1,1,0,Woman,1,1,0,0,0,0,1,1,0,0,0,0,1,1,1,1,1,1,0,1,1,1,0,0,0,1,0,0,0,Computer Science,0,0,0,1,0,0,0,No,No,No,No,No
False,Maybe,Yes,No,No,Yes,Yes,Man,0,1,1,1,1,0,0,0,Sophomore,0,1,1,0,1,Man,1,0,0,0,0,1,0,0,0,0,0,0,1,1,1,1,1,1,0,0,0,1,1,0,0,0,0,0,0,Computer Science,0,0,1,0,0,0,0,No,No,No,Yes,No
False,Maybe,No,No,Yes,Yes,Yes,Woman,0,1,0,1,1,1,1,0,Freshman,0,0,1,0,0,Woman,0,0,0,0,0,0,0,0,0,0,0,0,1,1,1,1,1,1,0,1,1,1,0,1,0,0,0,0,1,Computer Science,0,0,0,1,0,0,0,No,No,No,No,No
False,No,Yes,Yes,No,Maybe,Yes,Woman,0,1,1,1,0,1,0,0,Sophomore,0,1,1,1,1,Woman,1,1,0,0,1,1,0,0,0,0,0,0,1,1,1,1,1,1,0,1,1,1,0,0,0,1,0,0,0,Engineering-based,0,0,0,1,0,0,0,No,Prefer not to say,Yes,Yes,No
False,Maybe,No,No,Yes,Yes,Yes,Man,1,0,1,1,0,0,1,0,Junior,0,0,1,0,1,Man,0,0,0,0,0,0,0,0,0,0,0,0,1,1,1,1,0,0,0,0,0,0,0,1,0,0,0,0,0,Computer Science,0,0,0,1,0,0,0,No,No,No,No,No
True,Maybe,Maybe,No,Maybe,Maybe,Yes,Woman,0,1,1,1,1,1,0,0,Graduate Student,0,1,0,1,1,Woman,1,0,0,0,0,0,0,0,0,0,0,0,1,1,1,1,1,1,0,1,1,1,0,0,0,1,0,0,0,Computer Science,1,0,0,1,0,0,0,No,Yes,No,No,No
True,Yes,Yes,No,No,Yes,Yes,Man,1,0,0,1,1,0,1,0,Sophomore,1,0,1,0,1,Man,0,0,0,0,0,0,0,0,0,0,0,0,1,1,1,1,1,1,0,0,1,1,0,1,0,0,0,0,1,Computer Science,0,0,1,0,0,0,0,No,No,No,No,No
False,No,No,No,Yes,Maybe,Maybe,Man,1,0,1,0,1,1,0,0,Freshman,0,0,1,0,0,Man,0,0,0,0,0,0,0,0,0,0,0,0,1,1,1,1,1,1,0,0,1,0,0,0,0,1,0,0,0,Computer Science,0,0,1,0,0,0,0,No,No,Yes,Yes,No
False,Maybe,Yes,No,No,No,Yes,Man,0,1,1,0,0,0,0,0,Sophomore,0,0,0,0,0,Man,0,0,0,0,0,0,0,0,0,0,0,0,1,1,1,1,1,1,0,0,0,1,1,1,0,0,0,0,0,Computer Science,0,0,0,1,0,0,0,No,No,No,No,No
False,Yes,No,No,No,Yes,Yes,Woman,1,0,1,1,0,1,0,1,Senior,0,1,1,1,0,Woman,0,0,0,0,0,0,0,1,0,0,0,0,1,1,1,1,1,1,0,1,1,1,0,0,0,0,0,0,1,Engineering-based,0,0,0,1,0,0,0,No,No,No,No,No
False,No,Maybe,No,Maybe,Yes,Yes,Prefer not to say,1,0,1,1,1,0,1,1,Freshman,1,0,1,0,0,Other,0,0,0,0,0,0,0,0,0,0,0,0,1,1,1,1,1,1,0,0,0,1,0,0,0,1,0,0,0,Computer Science,0,0,0,0,1,0,0,No,No,Yes,No,Yes
False,Maybe,Maybe,No,Maybe,Maybe,Yes,Woman,1,1,1,1,1,1,1,0,Senior,0,1,1,1,1,Woman,0,1,0,0,0,0,0,1,0,0,0,0,1,1,1,1,1,1,0,1,1,1,0,0,0,1,0,0,1,Computer Science,0,0,0,1,0,0,0,No,No,No,No,No
True,No,Yes,No,Maybe,No,Yes,Woman,0,1,1,0,0,1,0,0,Senior,0,0,1,0,1,Woman,0,1,0,0,0,0,0,0,0,0,0,0,1,1,1,1,1,1,0,1,1,1,0,0,0,1,0,0,0,Computer Science,0,0,0,1,0,0,0,No,No,No,No,No
False,Yes,Yes,No,Yes,Yes,Yes,Woman,0,1,1,0,0,1,0,0,Graduate Student,0,1,0,0,0,Woman,0,0,0,0,0,0,0,1,0,0,0,0,1,1,1,0,0,0,0,0,1,0,0,0,0,0,0,0,1,Computer Science,0,0,0,1,0,0,0,No,No,No,No,Yes
False,No,Yes,No,Maybe,Maybe,Yes,Man,0,1,0,0,0,0,0,0,Sophomore,0,1,1,0,0,Man,0,0,0,0,0,0,0,0,0,0,0,0,1,1,0,1,0,1,0,0,0,0,0,0,0,1,0,0,0,Computer Science,0,0,0,1,0,0,0,No,No,No,No,No
False,No,Maybe,No,Yes,Maybe,Maybe,Man,0,1,1,1,0,0,0,0,Sophomore,0,0,0,0,1,Man,0,0,0,0,0,1,0,0,0,0,0,0,1,1,1,1,1,1,0,1,1,0,0,0,0,0,0,0,1,Computer Science,0,0,0,0,0,0,0,No,Prefer not to say,No,Yes,No
True,No,No,No,No,No,Yes,Woman,0,1,1,0,1,1,0,0,Junior,0,1,0,1,0,Woman,0,1,1,0,0,0,1,1,1,0,0,0,1,1,1,1,1,1,0,1,1,1,0,0,0,1,0,0,0,Computer Science,0,1,0,0,0,1,0,No,Yes,No,No,No
True,Maybe,Maybe,Maybe,Maybe,Maybe,Maybe,Prefer not to say,1,1,1,1,1,1,1,1,Sophomore,1,1,1,1,1,Other,1,1,1,1,1,1,1,1,1,1,1,1,1,1,1,1,1,1,0,1,1,1,1,1,1,1,1,1,1,Computer Science,1,1,1,1,1,1,0,Prefer not to say,Prefer not to say,Prefer not to say,Prefer not to say,Prefer not to say
True,No,Yes,No,No,Yes,No,Woman,0,1,1,1,1,1,1,0,Freshman,0,0,1,0,0,Woman,0,0,0,0,0,1,0,0,0,0,0,1,1,0,1,1,1,1,0,0,0,1,0,0,0,1,1,0,0,Undecided,0,0,0,1,0,0,0,No,No,No,Yes,No
True,No,Yes,No,No,Yes,No,Woman,0,1,1,1,1,1,1,0,Freshman,0,0,1,0,0,Woman,0,0,0,0,0,1,0,0,0,0,0,1,1,0,1,1,1,1,0,0,0,1,0,0,0,1,1,0,0,Undecided,0,0,0,1,0,0,0,No,No,No,Yes,No
True,No,Yes,No,Maybe,Yes,Yes,Woman,0,1,1,0,1,0,1,1,Junior,1,0,0,0,1,Woman,0,0,0,0,0,0,0,0,0,0,0,1,1,1,1,1,1,1,0,0,0,0,0,0,0,1,0,0,0,Computer Science,0,0,0,1,0,0,0,No,No,No,No,No
True,Maybe,Yes,No,Maybe,No,Yes,Man,1,1,1,1,1,0,1,1,Junior,0,0,1,0,1,Man,1,0,1,0,0,0,0,0,0,0,0,0,1,1,1,1,1,1,0,0,1,1,0,0,1,0,0,0,0,Computer Science,1,0,1,0,0,0,0,No,No,Yes,Yes,No
True,Maybe,No,No,Yes,Maybe,Maybe,Woman,0,1,0,1,1,1,1,1,Junior,1,0,1,0,1,Woman,1,1,0,0,0,0,1,1,0,0,0,0,1,1,1,0,0,0,0,0,0,1,1,0,0,0,0,0,0,Computer Science,0,0,0,1,0,0,0,No,No,No,No,No
False,Yes,No,No,Yes,Yes,Yes,Woman,1,0,1,1,1,0,1,1,Senior,1,0,1,0,1,Woman,0,0,0,0,0,0,0,1,0,0,0,0,0,1,0,0,0,0,0,0,0,1,0,0,0,1,0,0,0,Computer Science,0,0,0,1,0,0,0,No,No,No,No,Yes
True,Maybe,No,No,Maybe,Yes,Yes,Man,1,0,1,1,1,1,1,1,Freshman,1,0,1,0,0,Man,0,0,0,0,0,0,0,0,0,0,0,0,1,1,1,1,1,1,0,0,0,1,0,0,0,0,0,0,1,Computer Science,0,1,0,0,0,0,0,No,No,No,No,No
True,Maybe,No,No,Yes,Yes,Yes,Woman,1,0,1,1,1,1,1,0,Senior,1,0,1,0,1,Woman,0,0,0,0,0,0,0,0,0,0,0,0,1,1,1,1,0,0,0,1,1,1,0,0,0,0,0,0,1,Computer Science,0,0,0,1,0,0,0,No,No,No,No,No
True,Yes,No,No,No,Yes,Yes,Man,1,0,1,1,1,0,0,0,Senior,0,0,1,0,1,Man,0,0,0,0,0,0,0,0,0,0,0,0,1,1,1,1,1,1,0,1,0,1,0,0,1,0,0,0,1,Computer Science,0,1,0,0,0,0,0,No,No,Yes,Yes,No
True,No,Yes,No,No,Maybe,Yes,Non-binary,0,1,1,1,0,0,0,0,Junior,0,0,1,0,1,Other,0,0,0,0,0,0,0,0,0,0,0,0,1,1,1,1,1,1,0,1,0,0,0,0,0,0,0,0,1,Computer Science,0,0,0,0,0,1,0,No,Yes,No,No,No
True,No,No,No,Maybe,Yes,Yes,Man,1,0,0,0,1,0,1,1,Junior,1,0,1,0,1,Man,0,0,0,0,0,0,0,0,0,0,0,0,1,1,1,1,0,1,0,0,0,1,1,0,0,1,0,1,0,Computer Science,0,0,0,1,0,0,0,No,No,Yes,Yes,No
True,Yes,Maybe,No,Yes,Maybe,Yes,Man,1,0,1,1,1,1,1,0,Junior,1,0,1,0,1,Man,1,0,0,0,0,0,1,1,0,0,0,0,0,0,0,1,0,1,0,1,0,1,0,0,0,1,0,0,0,Computer Science,0,0,0,0,0,0,0,No,No,No,Yes,No
True,Yes,Yes,No,No,Yes,Yes,Woman,0,1,1,1,1,0,1,1,Junior,0,1,1,1,1,Woman,0,0,0,1,0,0,0,1,0,0,0,0,1,1,1,1,1,1,0,1,1,1,0,0,0,1,0,0,0,Computer Science,0,0,0,1,0,0,0,No,Prefer not to say,No,No,No
True,No,Yes,Maybe,No,No,Yes,Woman,0,1,1,0,0,1,0,1,Sophomore,0,1,0,1,0,Woman,0,1,0,0,0,0,0,1,0,0,0,0,1,1,1,1,1,1,0,1,1,0,0,0,1,0,0,0,0,Computer Science,0,0,0,1,0,0,0,No,Yes,No,Yes,No
True,No,No,No,Yes,Yes,Yes,Man,1,0,0,1,1,0,1,0,Freshman,1,0,1,0,0,Man,0,0,0,0,0,0,0,1,0,0,0,1,1,1,1,1,0,1,0,0,0,1,0,0,0,1,0,0,0,Computer Science,0,1,0,0,0,0,0,No,No,No,No,Yes
True,Yes,Maybe,No,Yes,Maybe,Yes,Woman,0,1,1,1,1,1,1,1,Junior,1,0,1,0,1,Woman,0,0,0,0,0,0,0,1,0,0,0,1,1,1,1,1,1,1,0,0,1,1,0,0,0,0,0,0,1,Computer Science,0,0,0,1,0,0,0,No,No,No,No,Yes
True,No,No,No,Yes,Maybe,Yes,Woman,1,0,1,0,1,1,0,0,Freshman,0,1,0,1,0,Woman,0,0,0,0,0,0,0,0,0,0,0,0,1,1,1,1,1,1,0,0,1,0,0,0,0,1,0,0,0,Computer Science,0,0,0,1,0,0,0,No,No,No,No,No
True,No,Maybe,No,Maybe,No,Yes,Woman,0,1,1,0,0,1,1,1,Freshman,0,1,0,1,0,Woman,1,1,0,0,1,1,1,1,0,0,0,0,1,1,1,1,1,1,0,0,1,0,1,1,0,0,0,0,0,Computer Science,0,1,0,0,0,0,0,No,Prefer not to say,Yes,Yes,No
True,Yes,Yes,Yes,No,Maybe,Yes,Woman,0,1,1,0,0,1,0,0,Senior,0,1,0,1,1,Woman,1,1,0,1,1,1,1,1,0,1,1,1,1,1,1,1,1,1,0,1,1,0,0,0,0,1,0,0,0,Computer Science,0,0,0,1,0,0,0,No,Yes,Yes,Yes,No
True,Yes,No,No,No,Maybe,Yes,Man,1,0,1,1,1,1,0,0,Graduate Student,0,1,0,1,0,Man,0,0,0,0,0,0,1,0,0,0,0,0,1,1,1,1,0,1,0,1,1,1,1,0,0,0,0,0,0,Computer Science,0,0,0,1,0,0,0,No,No,No,Prefer not to say,Prefer not to say
False,Yes,No,No,Maybe,Yes,Yes,Woman,0,0,1,1,1,0,1,0,Senior,1,1,1,1,1,Woman,0,0,0,0,0,0,0,0,0,0,0,0,1,1,1,1,1,1,0,0,0,0,0,0,0,1,0,0,0,Life Sciences,0,0,0,1,0,0,0,No,No,No,No,No
True,No,Yes,Yes,Yes,Yes,Maybe,Man,1,1,0,1,1,1,1,0,Freshman,1,0,1,0,0,Man,0,0,1,0,0,0,0,0,0,0,0,0,0,0,0,1,0,0,0,0,0,0,0,0,0,1,0,0,0,Computer Science,0,0,0,0,0,1,0,No,No,No,No,No
True,No,Maybe,No,Yes,Maybe,Yes,Woman,0,1,1,0,1,0,1,0,Senior,0,0,0,0,1,Woman,0,0,0,0,0,0,0,0,0,0,0,0,1,1,1,1,0,1,0,1,1,1,0,0,0,1,0,0,0,Computer Science,0,0,0,1,0,0,0,No,Yes,No,No,No
True,No,Yes,No,Maybe,No,Yes,Woman,0,1,0,0,0,1,0,1,Junior,0,1,0,0,0,Woman,0,0,0,0,0,0,0,1,1,0,0,0,1,1,1,1,1,0,0,1,1,0,0,0,1,0,0,0,0,Computer Science,0,1,0,0,0,0,0,No,Yes,No,No,No
True,Yes,No,No,Maybe,No,Yes,Woman,0,1,0,1,1,1,0,0,Fifth year+,0,1,0,1,1,Woman,0,0,0,0,0,0,1,1,0,0,0,0,1,1,1,1,1,1,0,0,1,0,0,0,0,0,0,0,1,Computer Science,0,0,0,1,0,0,0,No,No,No,No,No
True,Yes,No,No,Yes,Yes,Yes,Man,1,0,1,0,1,0,1,1,Senior,1,0,1,0,1,Man,0,0,0,0,0,0,0,0,0,0,0,0,0,1,1,0,0,0,0,0,0,1,0,0,0,1,0,0,0,Computer Science,0,0,0,1,0,0,0,No,Prefer not to say,No,No,Yes
True,No,Yes,Yes,No,No,Yes,Man,0,1,1,1,0,1,1,0,Junior,0,1,1,1,0,Man,0,0,0,0,0,0,0,0,0,0,0,0,1,1,0,0,0,1,0,1,1,1,0,0,0,1,0,0,0,Computer Science,0,0,0,1,0,0,0,No,No,No,No,No
True,No,Yes,Yes,No,No,Yes,Man,0,1,1,1,0,1,1,0,Junior,0,1,1,1,0,Man,0,0,0,0,0,0,0,0,0,0,0,0,1,1,0,0,0,1,0,1,1,1,0,0,0,1,0,0,0,Computer Science,0,0,0,1,0,0,0,No,No,No,No,No
True,Yes,Yes,Maybe,Maybe,No,Yes,Woman,0,1,1,1,0,1,1,0,Senior,1,0,1,1,1,Woman,0,1,0,0,0,0,0,1,0,0,0,0,1,1,1,1,1,1,0,1,1,0,0,0,0,0,0,0,1,Computer Science,0,1,0,1,1,0,0,No,Yes,No,No,No
True,Yes,No,No,Maybe,Yes,Yes,Man,1,1,1,1,1,0,1,1,Junior,1,0,0,0,1,Man,0,0,0,1,0,1,0,0,0,1,0,0,1,1,1,1,1,1,0,1,1,0,0,0,0,1,0,0,0,Computer Science,0,0,0,1,0,0,0,No,Yes,No,No,Yes
True,Maybe,Yes,No,No,Yes,Yes,Woman,1,1,1,1,1,0,0,1,Freshman,1,1,1,0,1,Woman,0,1,0,0,0,0,0,1,0,0,0,0,1,1,1,1,1,1,0,1,1,1,0,0,0,1,0,0,0,Computer Science,0,1,0,0,0,0,0,No,No,No,No,No
True,Yes,Yes,No,No,Maybe,Yes,Non-binary,0,0,1,1,0,0,0,0,Sophomore,1,1,1,1,0,Other,0,0,0,0,0,0,0,0,0,0,0,0,1,1,0,0,0,0,0,1,1,1,0,0,0,1,0,0,0,Undecided,0,0,0,0,1,1,0,Yes,Yes,No,No,No
False,No,Yes,Yes,No,No,Yes,Man,0,1,1,1,0,0,1,0,Junior,0,1,1,1,0,Man,0,0,0,0,0,1,0,0,0,0,0,0,1,1,1,1,1,1,0,1,1,0,0,0,0,1,0,0,0,Computer Science,0,0,0,1,0,0,0,No,Yes,Yes,No,Yes
True,Yes,Yes,No,Yes,Yes,Yes,Man,1,1,1,1,1,0,1,1,Freshman,1,0,1,0,1,Man,0,0,0,0,0,0,0,0,0,0,0,0,1,1,0,0,0,0,0,0,1,1,0,0,0,0,0,0,1,Computer Science,0,0,0,1,0,0,0,No,No,No,No,No
False,Yes,No,No,No,No,Yes,Man,0,1,1,1,1,0,1,1,Senior,0,0,1,0,1,Man,0,0,0,0,0,0,0,0,0,0,0,0,1,1,1,1,1,1,0,0,1,0,0,0,0,0,0,0,1,Mathematics,0,1,0,0,0,0,0,No,No,No,No,No
False,Yes,Maybe,No,Maybe,No,Yes,Woman,0,1,1,1,1,0,0,0,Junior,0,1,1,0,1,Woman,0,0,0,0,0,0,0,0,0,0,0,0,1,1,1,1,1,1,0,1,1,1,0,0,0,0,0,0,1,Computer Science,0,0,0,0,0,0,0,No,No,No,No,No
False,No,Yes,No,Maybe,No,Yes,Man,0,1,1,1,0,0,0,0,Sophomore,0,0,1,0,1,Man,0,0,1,0,0,1,0,0,0,0,0,1,1,1,1,1,1,1,0,1,0,0,0,0,0,0,0,0,1,Computer Science,0,0,1,0,0,0,0,No,No,No,Prefer not to say,No
False,Maybe,No,No,Yes,Yes,Yes,Man,0,1,1,1,1,1,0,0,Senior,0,1,1,1,1,Man,1,0,0,0,0,0,1,0,0,0,0,0,1,1,1,1,1,1,0,1,0,1,1,0,0,1,0,0,0,Life Sciences,0,0,0,1,0,0,0,No,No,No,No,No
False,Yes,No,No,Yes,Yes,Yes,Man,1,0,0,1,1,0,1,1,Graduate Student,1,0,1,0,0,Man,0,0,0,0,0,0,0,0,0,0,0,0,1,1,1,1,1,1,0,0,0,1,0,0,0,0,0,0,1,Computer Science,0,0,0,1,0,0,0,No,No,No,No,No
False,No,Yes,No,Maybe,Yes,Yes,Man,1,0,1,1,1,0,1,1,Senior,0,0,1,0,1,Man,0,0,0,0,0,0,0,0,0,0,0,0,1,1,1,1,0,1,0,0,1,0,0,0,0,0,0,0,1,Computer Science,0,0,0,1,0,0,0,No,No,No,No,No
False,Yes,No,No,Maybe,Yes,Yes,Man,1,0,1,1,1,0,1,1,Sophomore,1,1,1,0,1,Man,0,0,0,0,0,0,0,0,0,0,0,0,1,1,1,1,0,1,0,0,0,1,0,0,0,1,0,0,0,Computer Science,0,0,0,1,0,0,0,No,No,No,No,No
True,Yes,No,No,Maybe,Yes,Yes,Man,1,0,1,1,1,0,1,0,Sophomore,1,0,1,0,1,Man,0,0,0,0,0,0,0,0,0,0,0,0,1,1,1,1,0,1,0,0,0,1,0,0,0,1,0,0,0,Computer Science,0,0,0,1,0,0,0,No,No,No,No,No
False,Maybe,Yes,No,No,Yes,Yes,Woman,1,1,1,1,1,0,1,1,Senior,0,1,1,1,0,Woman,0,0,0,0,0,0,0,0,0,0,0,0,1,1,1,1,1,1,0,1,1,1,0,0,0,1,0,0,0,Life Sciences,0,0,0,1,0,0,0,No,No,No,No,No
False,No,Yes,No,Maybe,Maybe,Yes,Woman,0,1,0,1,1,0,0,0,Sophomore,0,0,0,0,1,Woman,0,0,0,0,0,0,1,0,0,0,0,0,1,1,1,1,1,1,0,0,1,0,0,0,0,0,0,0,1,Life Sciences,0,0,0,1,0,0,0,No,No,No,No,No
False,Yes,No,No,No,Yes,Yes,Man,0,0,1,1,1,0,1,0,Sophomore,0,1,1,1,1,Man,1,0,0,0,1,0,0,0,0,0,0,0,1,1,1,1,1,1,0,0,0,0,0,0,1,0,0,0,0,Computer Science,0,0,1,0,0,1,0,No,No,Yes,Yes,Yes
False,No,Yes,No,No,No,Yes,Man,0,1,1,1,1,0,1,0,Junior,1,0,0,0,1,Man,0,0,0,0,0,0,0,0,0,0,0,0,1,1,1,1,1,1,0,0,0,1,0,0,0,0,0,0,1,Computer Science,0,0,0,1,0,0,0,No,Yes,No,No,No
False,Yes,No,No,Yes,Yes,Yes,Woman,0,0,1,1,1,0,1,1,Sophomore,0,1,1,0,1,Woman,0,0,0,0,0,0,0,1,0,0,0,0,1,1,1,1,1,1,0,1,1,0,0,0,0,1,0,0,0,Computer Science,0,0,0,1,0,0,0,No,No,No,No,No
False,Yes,Maybe,No,No,Yes,Yes,Woman,0,1,1,1,1,0,1,0,Sophomore,0,1,1,0,1,Woman,0,0,0,0,0,0,0,0,0,0,0,0,1,1,1,1,1,1,0,0,0,0,0,0,0,1,0,0,0,Computer Science,0,1,0,0,0,1,0,No,No,No,No,Yes
False,Maybe,No,No,Yes,Maybe,Yes,Man,0,1,1,1,1,0,1,0,Sophomore,0,0,1,0,1,Man,0,0,0,0,0,0,0,0,0,0,0,0,1,1,1,1,0,0,0,0,0,1,0,0,0,1,0,0,0,Computer Science,0,0,0,1,0,0,0,No,No,Prefer not to say,Prefer not to say,Prefer not to say
False,Yes,No,No,Yes,Yes,Yes,Woman,0,1,1,1,1,0,1,1,Junior,1,0,1,1,1,Woman,0,0,0,0,0,0,0,0,0,0,0,0,1,1,1,1,1,1,0,0,1,1,0,0,0,0,0,0,1,Engineering-based,0,0,0,1,0,0,0,No,No,No,No,No
False,Yes,Yes,No,No,No,Yes,Woman,0,1,1,1,0,0,1,1,Sophomore,0,1,1,1,1,Woman,0,0,0,0,0,0,0,0,0,0,0,0,1,1,1,1,1,1,0,1,1,0,0,0,0,1,0,0,0,Computer Science,0,1,0,0,0,0,0,No,No,No,No,No
False,Yes,Yes,No,Yes,Yes,Yes,Man,1,0,1,1,1,0,1,0,Senior,1,0,1,1,1,Man,0,0,0,0,0,0,0,0,0,0,0,0,1,1,1,1,1,1,0,0,1,1,0,0,0,0,0,0,1,Computer Science,0,0,0,1,0,0,0,No,No,No,No,No
False,Yes,No,No,Maybe,Yes,Maybe,Man,1,0,1,1,1,1,0,0,Senior,1,0,1,0,1,Man,0,0,0,0,0,0,0,0,0,0,0,0,1,1,1,1,1,1,0,0,1,1,0,0,0,0,0,0,1,Computer Science,0,0,0,1,0,0,0,No,No,No,No,No
False,Yes,No,No,Yes,Yes,Yes,Man,1,0,0,1,1,0,0,0,Freshman,1,0,1,0,1,Man,0,0,0,0,0,0,0,0,0,0,0,0,0,1,0,0,0,0,0,0,0,1,0,0,0,1,0,0,0,Computer Science,0,0,0,1,0,0,0,No,No,No,No,No
False,Maybe,Maybe,No,Yes,Yes,Yes,Woman,1,0,0,1,1,0,0,1,Freshman,1,0,1,0,1,Woman,0,0,0,0,0,0,0,0,0,0,0,0,1,1,0,0,0,0,0,0,0,1,0,0,0,1,0,0,0,Computer Science,0,1,0,0,0,0,0,No,No,No,No,No
False,Yes,No,No,Maybe,Yes,Maybe,Woman,1,1,1,1,1,0,0,0,Senior,1,0,1,0,1,Woman,0,0,0,0,0,0,0,0,0,0,0,0,1,1,1,1,1,1,0,0,1,0,0,0,0,0,0,0,1,Computer Science,0,0,0,1,0,0,0,No,No,No,No,No
False,Maybe,No,No,No,Yes,Yes,Man,1,1,1,1,1,0,0,1,Junior,1,1,1,1,1,Man,0,0,0,0,0,0,0,0,0,0,0,0,1,1,1,1,1,1,0,0,0,1,0,0,0,1,0,0,0,Computer Science,0,0,0,1,0,0,0,No,No,No,No,No
False,Yes,Yes,No,Maybe,Maybe,Yes,Woman,0,1,1,1,1,0,1,1,Senior,0,1,1,0,1,Woman,0,0,0,0,0,0,0,0,0,0,0,0,1,1,1,1,1,1,0,0,1,1,0,0,0,1,0,0,1,Computer Science,0,0,0,1,0,0,0,No,Yes,No,No,No
False,No,No,No,Maybe,Yes,Yes,Non-binary,1,1,0,1,1,0,1,0,Junior,0,0,0,0,1,Other,0,0,0,0,0,0,0,0,0,0,0,0,1,1,1,1,1,1,0,0,0,1,0,0,0,0,0,0,1,Computer Science,0,1,0,0,1,1,0,Yes,No,No,No,No
False,No,Yes,No,No,Maybe,Yes,Woman,0,1,1,1,1,1,1,1,Junior,0,1,1,0,1,Woman,0,0,0,0,0,0,0,0,0,0,0,0,1,1,1,1,1,1,0,1,1,0,0,0,1,0,0,0,0,Computer Science,0,1,0,0,0,0,0,No,No,No,No,Yes
False,Maybe,No,No,Yes,Maybe,Maybe,Man,0,1,1,1,0,0,0,0,Junior,0,0,0,0,1,Man,1,0,0,0,0,1,1,0,0,0,0,0,1,1,1,1,0,1,0,0,1,0,0,0,0,0,0,0,1,Computer Science,0,0,0,1,0,0,0,No,No,No,No,No
False,No,Maybe,No,Maybe,Maybe,Yes,Non-binary,1,1,1,0,0,1,1,1,Senior,1,1,1,1,1,Other,0,0,0,0,0,1,0,0,0,0,0,0,1,1,1,1,1,1,0,1,1,0,0,0,0,0,0,0,1,Computer Science,0,1,0,0,0,0,0,Yes,Prefer not to say,No,No,No
False,Maybe,Yes,No,No,Yes,Yes,Woman,0,1,1,1,1,0,0,1,Junior,0,0,0,0,1,Woman,0,0,0,0,0,0,0,0,0,0,0,0,1,1,1,1,1,1,0,0,0,1,0,0,0,1,0,0,0,Computer Science,0,0,0,1,0,0,0,No,No,No,No,No
False,No,Yes,No,Maybe,Yes,Yes,Man,1,0,1,1,0,0,1,0,Junior,1,0,0,0,1,Man,0,0,0,0,0,0,0,0,0,0,0,0,1,1,1,0,0,1,0,0,1,1,0,0,0,1,0,0,0,Physical Sciences,0,0,0,1,0,0,0,No,No,No,No,Yes
False,Maybe,Maybe,No,Yes,Yes,Yes,Woman,1,0,1,1,1,1,1,0,Junior,0,1,1,1,1,Woman,1,1,0,0,0,0,1,1,0,0,0,0,1,1,1,1,0,1,0,1,1,0,1,0,0,0,0,0,0,Life Sciences,0,0,0,1,0,0,0,No,No,No,No,No
False,Yes,No,No,Yes,Yes,Yes,Man,0,0,1,1,1,0,1,1,Freshman,1,0,1,0,0,Man,0,0,0,0,0,0,0,0,0,0,0,0,1,1,1,1,1,1,0,0,0,1,0,0,0,0,0,0,1,Computer Science,0,1,0,0,1,0,0,No,No,No,No,No
False,Yes,Yes,No,No,Maybe,No,Woman,0,1,1,0,1,0,0,0,Sophomore,1,0,1,1,1,Woman,0,0,0,0,0,0,0,0,0,0,0,0,1,1,1,1,0,0,0,0,1,1,0,0,0,1,0,0,0,Computer Science,0,0,0,1,0,0,0,No,No,No,No,No
False,Yes,No,No,Maybe,Yes,Yes,Woman,1,0,1,1,1,0,1,0,Sophomore,0,0,1,0,0,Woman,0,0,0,0,0,0,0,0,0,0,0,0,1,1,1,1,1,1,0,0,1,1,0,0,0,0,0,0,1,Physical Sciences,0,0,0,1,0,0,0,No,No,No,No,No
False,Maybe,No,Maybe,No,Maybe,Yes,Man,1,0,0,1,1,0,1,0,Senior,0,0,1,0,1,Man,0,0,0,0,0,0,0,0,0,0,0,0,1,1,1,1,1,1,0,0,0,1,0,0,0,0,0,0,1,Undecided,0,0,0,1,0,0,0,No,No,No,No,Yes
False,Yes,Yes,Yes,Maybe,Yes,Yes,Woman,0,1,1,1,1,0,1,1,Senior,0,1,0,1,1,Woman,1,0,0,0,0,1,0,0,0,0,0,0,1,1,1,1,1,1,0,1,1,1,0,0,0,1,0,0,0,Computer Science,0,0,0,1,0,0,0,No,No,No,No,No
False,Yes,Yes,No,Maybe,Maybe,Yes,Woman,0,1,1,1,1,1,1,1,Senior,0,1,1,0,0,Woman,0,0,0,0,0,0,0,0,0,0,0,0,1,1,1,1,1,1,0,1,0,1,0,0,0,0,0,0,1,Computer Science,0,1,0,1,0,0,0,No,Yes,No,No,No
False,Maybe,No,No,Yes,Yes,Yes,Man,1,1,1,1,1,0,1,1,Freshman,1,0,1,0,1,Man,0,0,0,0,0,0,0,0,0,0,0,0,1,1,1,1,0,0,0,0,0,1,0,0,0,1,0,0,0,Computer Science,0,0,0,1,0,0,0,No,No,No,No,No
False,Yes,Maybe,No,No,Maybe,Yes,Woman,0,1,1,1,1,0,0,1,Senior,0,1,1,1,0,Woman,0,1,0,0,0,0,0,1,0,0,0,0,1,1,1,1,1,1,0,0,1,1,0,0,0,1,0,0,0,Computer Science,0,0,0,1,0,0,0,No,No,No,No,Yes
False,Maybe,Yes,No,Maybe,Maybe,Yes,Woman,0,1,1,0,0,1,0,0,Senior,0,1,0,1,0,Woman,0,0,0,0,0,0,0,0,0,0,0,0,1,1,1,1,1,1,0,1,1,1,0,0,0,0,0,0,1,Computer Science,0,1,0,0,0,1,0,No,No,No,No,No
False,Yes,Yes,No,Maybe,Maybe,Yes,Man,1,1,1,1,1,0,1,1,Junior,0,0,1,0,1,Man,0,0,0,0,0,0,0,0,0,0,0,0,1,1,1,1,0,1,0,0,0,1,0,0,0,1,0,0,1,Life Sciences,0,0,0,1,0,0,0,No,No,No,No,No
False,No,Maybe,No,Yes,Yes,Yes,Man,1,0,0,0,1,0,1,1,Sophomore,1,0,1,0,1,Man,0,0,0,0,0,0,1,1,0,0,0,0,1,1,1,1,1,1,0,0,0,1,0,0,0,0,0,0,1,Mathematics,0,1,0,0,0,0,0,No,No,No,No,No
False,Yes,Maybe,No,Maybe,Maybe,Yes,Woman,0,1,1,1,1,0,0,0,Freshman,0,0,1,0,0,Woman,0,0,0,0,0,0,0,0,0,0,0,0,1,1,1,1,1,1,0,0,0,1,0,0,0,1,0,0,0,Computer Science,0,0,0,1,0,0,0,No,No,No,No,No
False,Maybe,No,No,Yes,Yes,Yes,Man,1,0,1,1,1,0,1,1,Junior,1,0,1,0,1,Man,0,0,0,0,0,0,0,0,0,0,0,0,1,1,1,1,1,1,0,0,0,1,0,0,0,0,0,0,1,Computer Science,0,0,0,1,0,0,0,No,No,No,No,No
False,Yes,Maybe,Yes,Maybe,No,Yes,Woman,0,1,1,1,1,1,0,0,Senior,0,1,0,1,1,Woman,0,0,0,0,0,0,0,1,0,0,0,0,1,1,1,1,1,1,0,1,0,1,0,0,0,0,0,0,1,Computer Science,0,1,0,0,1,1,0,No,Yes,No,No,No
False,Maybe,Maybe,No,Maybe,Yes,Yes,Woman,1,0,1,1,1,0,1,1,Freshman,1,0,1,0,1,Woman,0,0,0,0,0,0,0,0,0,0,0,0,1,1,1,1,0,1,0,0,0,1,0,0,0,1,0,0,0,Undecided,0,1,0,1,0,0,0,No,No,No,No,No
False,Yes,Maybe,No,Yes,Yes,Yes,Man,1,0,1,0,0,0,0,0,Freshman,1,1,1,0,0,Man,0,0,0,0,0,1,0,0,0,0,0,1,1,1,1,1,0,1,0,0,0,0,0,0,0,1,0,0,0,Computer Science,0,0,0,1,0,0,0,No,No,Prefer not to say,No,Yes
False,Maybe,Yes,No,No,Maybe,Yes,Non-binary,1,1,1,1,0,0,0,0,Junior,0,1,1,1,1,Other,1,1,1,1,0,0,0,1,1,1,0,0,1,1,1,1,1,1,0,1,1,1,0,0,0,1,0,0,0,Computer Science,0,1,0,0,1,1,0,Yes,Yes,No,No,No
False,Yes,No,No,Yes,Yes,Yes,Woman,0,0,1,1,1,0,0,1,Sophomore,0,0,1,0,1,Woman,0,0,0,0,0,1,0,0,0,0,0,0,1,1,1,1,1,1,0,0,0,1,0,0,0,1,0,0,0,Computer Science,0,0,0,1,0,0,0,No,Prefer not to say,No,No,No
False,Yes,Yes,No,Yes,Yes,Yes,Man,0,1,1,1,1,0,1,1,Junior,1,0,0,0,1,Man,0,0,0,0,0,0,0,0,0,0,0,0,1,1,1,1,1,1,0,1,0,0,0,0,0,1,0,0,0,Computer Science,0,0,0,1,0,0,0,No,No,No,Prefer not to say,Yes
False,Maybe,No,No,No,Yes,Yes,Woman,1,0,0,0,0,0,0,0,Senior,0,0,1,0,1,Woman,0,0,0,0,0,0,0,0,0,0,0,0,0,1,0,0,1,1,0,0,1,1,0,0,0,0,0,0,0,Computer Science,0,1,0,0,0,0,0,No,No,No,No,Yes
False,Yes,No,No,Yes,Yes,Yes,Woman,0,1,1,1,1,1,0,0,Senior,0,1,1,0,1,Woman,0,0,0,0,0,0,0,0,0,0,0,0,1,1,0,1,0,1,0,0,0,0,1,0,0,0,0,0,0,Computer Science,0,0,0,1,0,0,0,No,No,Yes,Yes,Yes
False,No,No,No,No,Maybe,Yes,Woman,1,0,1,1,1,0,0,0,Freshman,0,0,0,1,0,Woman,0,0,0,0,0,0,0,0,0,0,0,0,1,1,1,1,1,1,0,0,0,1,0,0,0,0,0,0,1,Computer Science,1,0,0,0,0,0,0,No,No,No,No,No
False,Yes,No,No,Maybe,Yes,Yes,Woman,1,0,1,1,1,0,0,1,Sophomore,1,1,1,0,1,Woman,0,0,0,0,0,0,0,0,0,0,0,0,1,1,1,1,1,1,0,1,1,1,0,0,0,0,0,0,1,Computer Science,0,0,0,1,0,0,0,No,No,No,No,No
False,Yes,No,No,Yes,Maybe,Yes,Man,1,0,0,1,1,1,0,0,Senior,0,0,1,0,0,Man,0,0,0,0,0,0,0,0,0,0,0,0,1,1,1,1,1,1,0,0,0,1,0,0,0,0,0,0,1,Computer Science,0,0,0,1,0,0,0,No,No,No,No,No
False,No,Yes,No,Maybe,No,Yes,Woman,1,1,1,1,0,1,1,1,Senior,0,1,1,1,1,Woman,0,0,0,0,0,0,0,0,0,0,0,0,1,1,1,1,1,1,0,1,1,0,0,0,0,1,0,0,0,Computer Science,0,0,0,1,0,0,0,No,No,No,No,Yes
True,Yes,Yes,No,No,No,Yes,Woman,0,1,1,1,1,1,0,1,Junior,1,1,0,1,0,Woman,0,1,0,0,0,0,0,1,0,0,0,0,1,1,1,1,1,1,0,1,1,0,0,0,0,1,0,0,0,Informatics,0,0,0,1,0,0,0,No,No,No,No,No
False,No,No,No,No,Yes,Yes,Woman,0,1,1,1,1,1,1,0,Junior,0,1,1,1,0,Woman,0,0,0,0,0,0,0,0,0,0,0,0,1,1,1,1,1,1,0,1,1,1,0,0,0,1,0,0,0,Life Sciences,0,0,0,0,0,0,0,No,No,No,No,No
True,No,Yes,Yes,Maybe,Yes,Yes,Woman,0,1,1,1,0,0,1,1,Junior,0,1,0,1,1,Woman,0,1,0,0,0,0,0,1,0,0,0,0,1,1,1,1,1,1,0,1,1,1,0,0,0,1,0,0,0,Computer Science,0,0,0,1,0,0,0,No,No,No,No,No
True,No,No,No,Maybe,Yes,Yes,Woman,1,0,1,1,1,0,1,0,Freshman,0,0,1,0,1,Woman,0,1,0,0,0,0,0,1,0,0,0,0,1,1,1,1,0,0,0,0,0,0,0,0,0,1,0,0,0,Computer Science,0,0,0,1,0,0,0,No,No,No,No,No
False,Yes,No,No,Maybe,Maybe,Yes,Man,0,0,1,1,1,0,1,1,Junior,1,1,1,0,1,Man,1,0,0,0,1,1,0,0,0,0,0,0,1,0,0,0,0,0,0,0,1,1,0,0,0,1,0,0,0,Life Sciences,0,0,0,1,0,0,0,No,No,Yes,Yes,No
True,No,No,No,Maybe,Maybe,Maybe,Woman,1,0,1,1,1,1,1,0,Freshman,0,1,0,1,1,Woman,0,0,0,0,0,0,0,1,0,0,0,0,1,1,1,1,1,1,0,0,1,1,0,0,0,1,0,0,0,Computer Science,0,0,0,1,0,0,0,No,No,No,No,No
False,No,No,No,Yes,Yes,Yes,Woman,1,0,1,1,1,1,1,0,Junior,0,0,1,0,1,Woman,0,1,0,0,0,0,0,1,0,0,0,0,1,1,1,1,1,1,0,0,1,1,0,0,0,0,0,0,1,Mathematics,0,0,0,1,0,0,0,No,No,No,No,No
False,Maybe,Maybe,No,Maybe,Yes,Yes,Man,1,0,1,1,1,0,1,0,Junior,0,0,0,0,0,Man,0,0,0,0,0,0,0,0,0,0,0,0,1,1,1,1,1,1,0,0,0,1,0,0,0,0,0,0,1,Computer Science,0,0,0,1,0,0,0,No,No,No,No,No
False,Yes,No,No,No,Yes,Yes,Man,1,0,1,1,1,1,1,1,Senior,0,0,1,0,1,Man,0,0,0,0,0,0,0,0,0,0,0,0,1,1,1,1,1,1,0,0,0,1,0,0,0,0,0,0,1,Engineering-based,0,0,0,1,0,0,0,No,No,No,No,No
False,Maybe,Maybe,No,Yes,Yes,Yes,Woman,0,1,1,1,1,0,1,0,Sophomore,0,0,1,0,1,Woman,0,0,0,0,0,0,0,1,0,0,0,0,1,1,1,1,1,1,0,0,1,1,0,0,0,1,0,0,0,Computer Science,0,1,0,0,0,1,0,No,No,No,No,No
False,Yes,Yes,No,Maybe,Yes,Yes,Man,1,1,1,1,1,0,0,0,Sophomore,1,1,1,0,1,Man,0,0,0,0,0,0,0,0,0,0,0,0,1,1,1,1,1,1,0,0,1,0,0,0,0,0,0,0,1,Computer Science,0,1,0,0,0,0,0,No,No,No,No,No
False,Yes,No,No,Maybe,Yes,Yes,Woman,0,1,1,1,1,1,1,1,Junior,0,1,0,1,1,Woman,0,1,0,0,0,0,0,1,0,0,0,0,1,1,1,1,1,1,0,1,1,0,0,0,0,0,0,0,1,Computer Science,0,0,0,1,0,0,0,No,No,No,No,No
False,No,No,No,No,Yes,Yes,Man,1,0,1,1,1,0,1,1,Senior,1,0,1,0,1,Man,0,0,0,0,0,0,0,0,0,0,0,0,1,1,1,1,1,1,0,0,0,1,0,0,0,0,0,0,1,Engineering-based,0,0,0,1,0,0,0,No,Yes,No,No,No
True,Yes,Maybe,No,No,No,Yes,Man,0,1,1,1,1,1,1,1,Senior,0,0,1,0,1,Man,1,0,0,0,1,1,0,0,0,0,1,0,1,1,1,1,1,1,0,1,0,0,0,0,0,1,0,0,0,Computer Science,0,0,0,1,0,0,0,No,Prefer not to say,Yes,Yes,No
False,No,No,No,Maybe,Yes,Yes,Woman,0,0,1,1,1,1,0,1,Junior,0,0,1,0,1,Woman,0,0,0,0,0,1,0,0,0,0,0,1,1,1,1,1,1,1,0,1,1,1,0,0,0,1,0,0,0,Undecided,0,0,0,1,0,0,0,No,No,No,No,No
True,No,No,No,Yes,Yes,Yes,Woman,0,1,1,1,1,1,1,0,Freshman,0,1,1,0,0,Woman,1,1,0,0,0,0,1,1,0,0,0,0,1,1,0,0,0,1,0,1,1,0,0,0,0,1,0,0,0,Computer Science,1,0,0,0,0,0,0,No,No,No,No,No
True,No,No,No,Yes,Yes,Yes,Woman,0,1,1,1,1,1,1,0,Freshman,0,1,1,0,0,Woman,1,1,0,0,0,0,1,1,0,0,0,0,1,1,0,0,0,1,0,1,1,0,0,0,0,1,0,0,0,Computer Science,1,0,0,0,0,0,0,No,No,No,No,No
True,No,Yes,No,Maybe,Yes,Yes,Woman,1,1,1,1,1,1,0,0,Freshman,0,0,0,1,1,Woman,0,1,0,0,0,0,0,1,0,0,0,0,1,1,1,1,1,1,0,0,0,0,0,0,0,1,0,0,0,Computer Science,0,1,0,0,0,0,0,No,No,No,No,No
False,Yes,No,No,Maybe,Yes,Yes,Man,1,1,0,1,1,0,1,1,Freshman,1,0,1,0,0,Man,0,0,0,0,0,0,0,0,0,0,0,0,1,1,1,1,0,1,0,0,0,1,0,0,0,0,0,0,1,Computer Science,0,0,0,0,0,0,0,No,No,No,No,No
False,No,No,No,Maybe,Yes,Yes,Man,1,0,1,1,0,0,0,0,Junior,0,0,0,0,1,Man,0,0,0,0,0,0,0,0,0,0,0,0,1,1,1,1,1,1,0,0,0,0,0,0,0,0,0,0,1,Computer Science,0,0,1,0,0,0,0,No,No,No,No,No
False,No,No,No,Yes,Yes,Yes,Man,1,0,0,1,1,0,1,1,Junior,0,0,0,0,0,Man,0,0,0,0,0,0,0,0,0,0,0,0,1,1,1,1,0,1,0,1,0,1,0,0,0,0,0,0,1,Engineering-based,0,0,1,0,0,1,0,No,No,Yes,Yes,Yes
False,Yes,No,No,Maybe,Yes,Maybe,Man,1,0,1,1,1,0,0,0,Junior,0,0,1,0,1,Man,0,0,0,0,0,0,0,0,0,0,0,0,1,1,1,1,0,1,0,1,1,1,0,0,0,1,0,0,0,Computer Science,0,0,0,1,0,0,0,No,No,No,No,Yes
True,Yes,No,No,Maybe,No,Yes,Woman,1,0,1,1,1,0,1,1,Senior,1,0,1,0,1,Woman,0,0,0,0,0,0,0,1,0,0,0,0,1,1,1,1,0,1,0,0,0,1,0,0,0,1,0,0,0,Computer Science,0,0,0,1,0,0,0,No,No,No,No,No
True,No,No,No,Maybe,Yes,Yes,Woman,0,1,1,0,1,0,0,0,Sophomore,0,1,1,1,0,Woman,0,0,0,0,0,0,0,0,0,0,0,0,1,1,1,1,1,1,0,1,1,1,1,0,1,0,0,0,0,Computer Science,0,0,0,1,0,0,0,No,No,No,No,No
False,Yes,No,No,Yes,No,Yes,Man,0,1,1,1,1,1,1,1,Senior,1,0,1,0,1,Man,0,0,0,0,0,0,0,0,0,0,0,0,1,1,1,1,1,1,0,0,1,1,0,0,0,0,0,0,1,Computer Science,0,0,0,1,0,0,0,No,Prefer not to say,No,Yes,No
False,Maybe,No,No,Yes,Yes,Yes,Man,1,1,1,1,1,0,1,1,Sophomore,0,0,1,0,1,Man,0,0,0,0,0,0,0,0,0,0,0,0,1,1,1,1,1,1,0,0,0,1,0,0,0,1,0,0,0,Computer Science,0,0,0,1,0,0,0,No,No,No,No,No
True,Yes,Maybe,No,Yes,Yes,Yes,Woman,1,1,1,1,1,0,1,1,Senior,1,1,1,0,1,Woman,0,1,0,0,0,0,0,1,0,0,0,0,1,1,1,1,0,1,0,1,1,1,0,0,0,1,0,0,0,Computer Science,0,0,0,1,0,0,0,No,No,No,No,No
True,No,Yes,No,Yes,Maybe,Yes,Woman,0,0,1,0,1,1,0,0,Junior,0,1,1,1,1,Woman,0,1,0,0,0,0,0,1,0,0,0,0,1,1,1,1,1,1,0,1,1,0,0,0,0,1,0,0,0,Computer Science,0,0,0,1,0,0,0,No,No,No,No,No
True,Maybe,No,No,Yes,Yes,Yes,Woman,1,0,1,1,1,0,0,0,Sophomore,0,0,1,0,1,Woman,0,1,0,0,0,0,0,1,0,0,0,0,1,1,1,1,0,0,0,0,0,1,0,0,0,1,0,0,0,Computer Science,0,1,0,0,0,0,0,No,No,No,No,No
True,No,No,No,No,Maybe,Yes,Man,1,0,1,1,1,0,0,0,Senior,1,0,1,0,1,Man,0,0,0,0,0,0,0,0,0,0,0,0,1,1,1,1,1,1,0,0,1,1,0,0,0,1,0,0,0,Computer Science,0,0,0,1,0,0,0,No,No,No,No,No
True,Yes,Maybe,No,Maybe,Yes,Yes,Man,1,1,1,1,1,1,1,1,Sophomore,1,1,1,1,1,Man,1,0,0,0,0,0,1,0,0,0,0,0,1,1,1,1,1,1,0,1,1,1,0,0,0,1,0,0,0,Computer Science,0,0,0,1,0,0,0,No,No,No,No,No
True,Maybe,No,No,Maybe,Yes,Yes,Man,1,0,1,1,0,0,0,0,Junior,0,0,1,0,1,Man,0,0,0,0,0,0,0,0,0,0,0,0,1,1,0,1,0,1,0,0,0,1,0,0,0,1,0,0,0,Computer Science,1,0,0,1,0,0,0,No,No,Yes,No,No
True,No,Yes,Yes,No,Maybe,Yes,Woman,0,1,1,1,0,1,1,0,Senior,0,1,0,1,0,Woman,0,1,0,0,0,0,0,1,0,0,0,0,1,1,1,1,0,1,0,1,1,1,0,0,0,1,0,0,0,Computer Science,0,0,0,0,1,0,0,No,No,No,No,No
True,Yes,No,No,Maybe,Yes,Yes,Woman,1,0,1,1,1,1,0,0,Freshman,0,0,1,0,0,Woman,0,0,0,0,0,0,0,0,0,0,0,0,1,1,1,1,1,1,0,0,1,0,0,0,0,0,0,0,1,Computer Science,0,0,0,1,0,0,0,No,No,No,No,No
True,No,No,No,No,No,Yes,Woman,1,0,1,1,1,1,0,0,Freshman,1,0,1,0,1,Woman,0,1,0,0,0,0,0,1,0,0,0,0,1,1,1,1,0,1,0,0,0,1,0,0,0,1,0,0,0,Computer Science,1,0,0,0,0,1,0,No,Yes,No,No,No
True,Maybe,No,No,Yes,Maybe,Yes,Man,0,1,1,1,1,0,1,0,Sophomore,0,0,0,0,1,Man,0,0,0,0,0,0,0,0,0,0,0,0,1,1,1,1,1,1,0,1,1,1,0,0,0,0,0,0,1,Computer Science,0,0,0,1,0,0,0,No,No,No,No,No
True,No,Yes,No,Maybe,Maybe,Yes,Man,0,0,1,1,1,0,1,0,Sophomore,1,0,1,0,0,Man,0,0,0,0,0,0,0,0,0,0,0,0,1,1,1,1,0,0,0,0,0,1,0,0,0,1,0,0,0,Computer Science,0,0,0,1,0,0,0,No,No,No,No,No
True,Maybe,Yes,No,Maybe,Yes,Yes,Woman,1,1,1,0,0,1,1,0,Sophomore,0,0,1,0,1,Woman,0,1,0,0,0,0,1,1,0,0,0,0,1,1,1,1,1,1,0,1,1,0,0,0,0,1,0,0,0,Computer Science,0,0,0,0,0,1,0,No,No,Yes,No,No
True,No,No,No,No,Maybe,Yes,Man,0,1,1,1,0,0,0,0,Junior,0,0,1,0,1,Man,0,0,0,0,0,0,0,0,0,0,0,0,0,1,1,1,1,1,0,0,1,1,0,0,0,0,0,0,1,Computer Science,0,0,0,0,0,0,0,No,No,Yes,Yes,No
True,No,No,No,No,Maybe,Yes,Man,1,0,0,1,1,0,1,1,Senior,1,1,1,0,1,Man,1,0,0,0,0,0,0,0,0,0,0,0,1,1,1,1,1,1,0,1,1,1,1,0,0,0,0,0,0,Computer Science,0,0,0,1,0,0,0,No,No,No,No,No
True,Maybe,Maybe,No,No,No,Yes,Woman,0,1,1,0,0,1,0,1,Sophomore,0,1,0,0,0,Woman,0,1,0,0,0,0,0,1,0,0,0,0,1,1,1,1,1,1,0,1,1,0,0,0,0,1,0,0,0,Computer Science,0,0,0,1,0,0,0,No,No,No,No,No
True,Yes,No,No,No,Yes,Yes,Woman,1,0,1,1,1,0,1,0,Sophomore,0,1,1,0,1,Woman,0,1,0,0,0,0,0,1,0,0,0,0,1,1,1,1,1,1,0,1,1,1,0,0,0,0,0,0,1,Computer Science,0,0,0,1,0,0,0,No,Yes,No,No,No
True,No,Maybe,No,No,Maybe,Yes,Woman,1,1,1,1,1,1,1,0,Senior,1,0,1,0,1,Woman,0,1,0,0,0,0,0,1,0,0,0,0,1,1,1,1,1,1,0,1,1,1,0,0,0,1,0,0,0,Computer Science,0,0,0,1,0,0,0,No,No,No,No,No
True,Maybe,Yes,No,Yes,Yes,Yes,Woman,0,1,1,1,1,1,1,1,Sophomore,0,0,1,0,1,Woman,1,1,0,0,0,0,1,1,0,0,0,0,1,1,1,1,1,1,0,1,1,1,0,0,0,1,0,0,0,Computer Science,0,0,0,1,0,0,0,No,No,No,No,No
True,No,No,No,Maybe,Yes,Maybe,Man,1,0,1,1,1,0,0,0,Sophomore,0,0,1,0,0,Man,0,0,0,0,0,0,0,0,0,0,0,0,1,1,1,1,1,1,0,0,0,1,0,0,0,0,0,0,1,Computer Science,0,1,0,0,0,0,0,No,No,No,No,No
True,No,No,No,No,Yes,Yes,Man,1,1,1,1,1,1,0,1,Sophomore,1,0,1,0,1,Man,0,0,0,0,0,0,0,0,0,0,0,0,1,1,1,1,1,1,0,0,1,0,0,0,0,1,0,0,0,Computer Science,0,0,0,1,0,0,0,No,No,No,Yes,No
True,Yes,Yes,No,No,Yes,Yes,Woman,1,0,1,1,1,1,1,0,Senior,0,0,0,0,1,Woman,0,0,0,0,0,0,0,1,0,0,0,1,1,1,1,1,1,1,0,0,1,1,0,0,0,1,0,0,1,Computer Science,0,0,1,0,0,0,0,Yes,No,No,No,No
True,Yes,Maybe,No,Yes,Yes,Maybe,Man,0,0,0,1,1,0,1,1,Freshman,1,0,1,0,1,Man,0,0,0,0,0,0,0,0,0,0,0,0,0,0,0,0,0,0,0,0,0,1,0,0,0,1,0,0,0,Computer Science,0,0,0,1,0,0,0,No,No,No,No,No
True,Yes,Maybe,No,Yes,Yes,Maybe,Man,0,0,0,1,1,0,1,1,Freshman,1,0,1,0,1,Man,0,0,0,0,0,0,0,0,0,0,0,0,0,0,0,0,0,0,0,0,0,1,0,0,0,1,0,0,0,Computer Science,0,0,0,1,0,0,0,No,No,No,No,No
True,No,No,No,Maybe,Yes,Yes,Man,0,1,1,1,1,0,1,0,Freshman,1,0,1,0,1,Man,0,0,0,0,0,0,0,0,0,0,0,0,1,1,1,1,0,0,0,1,1,0,0,0,0,1,0,0,0,Computer Science,0,0,0,1,0,0,0,No,No,No,No,No
True,Yes,No,No,Maybe,Yes,Maybe,Man,1,0,1,1,1,1,0,0,Sophomore,1,1,0,0,0,Man,0,0,0,0,0,0,0,0,0,0,0,0,1,1,1,0,0,1,0,0,0,1,0,0,0,1,0,0,0,Computer Science,0,0,0,1,0,0,0,No,No,No,No,No
True,Yes,Maybe,No,Yes,Yes,Yes,Woman,1,1,1,1,1,0,0,0,Sophomore,0,0,0,0,1,Woman,0,1,0,0,0,0,0,1,0,0,0,0,1,1,1,1,0,1,0,1,1,0,0,0,0,1,0,0,0,Computer Science,0,0,0,1,0,0,0,No,No,No,No,No
True,No,No,No,No,Yes,Yes,Man,1,0,1,1,1,0,1,1,Senior,1,0,0,0,1,Man,0,0,0,0,0,0,0,0,0,0,0,0,1,1,1,1,0,1,0,0,1,1,0,0,0,1,0,0,0,Computer Science,0,1,0,0,0,0,0,No,No,No,No,No
True,No,Yes,No,Yes,Yes,Yes,Woman,0,1,1,1,0,0,0,1,Freshman,0,1,0,1,0,Woman,0,0,0,0,0,0,0,1,0,0,0,0,1,1,1,1,0,1,0,0,1,1,0,0,0,1,0,0,0,Computer Science,0,0,0,1,0,0,0,No,No,No,No,No
True,Yes,No,No,Maybe,Yes,Yes,Man,1,0,1,1,1,0,1,1,Junior,1,0,1,0,1,Man,0,0,0,0,0,0,0,0,0,0,0,0,1,1,1,1,1,1,0,0,1,1,0,0,0,0,0,0,1,Computer Science,0,0,0,1,0,0,0,No,No,No,No,No
True,No,Yes,No,Maybe,Yes,Yes,Man,1,0,1,1,0,0,1,1,Freshman,1,0,1,0,1,Man,1,1,1,0,0,1,1,1,1,0,0,1,1,1,1,1,1,1,0,0,1,1,0,0,0,1,0,0,1,Computer Science,0,0,0,1,0,0,0,No,No,No,No,No
True,Yes,No,No,Maybe,Yes,Yes,Woman,0,1,1,1,1,0,0,1,Graduate Student,0,0,1,0,0,Woman,0,0,0,0,0,0,0,0,0,0,0,0,1,1,1,1,1,1,0,1,0,1,0,0,0,1,0,0,0,Computer Science,0,0,0,1,0,0,0,No,No,No,No,No
True,No,No,No,No,Yes,Yes,Woman,1,0,1,1,1,1,1,1,Junior,0,1,0,0,0,Woman,0,0,0,0,0,0,0,1,0,0,0,0,1,1,1,1,0,0,0,0,1,1,0,0,0,1,0,0,0,Computer Science,0,0,0,1,0,0,0,No,No,No,No,No
True,Yes,Yes,No,Yes,Yes,Yes,Man,1,1,1,1,1,0,1,0,Senior,1,1,1,0,1,Man,0,0,0,0,0,1,1,1,1,0,0,1,1,1,1,1,1,1,0,1,1,0,0,0,0,1,0,0,0,Computer Science,0,1,0,0,0,0,0,No,No,No,No,No
True,Maybe,No,No,No,No,Yes,Prefer not to say,1,0,1,1,1,0,1,1,Sophomore,1,0,1,0,1,Other,0,0,0,0,0,0,0,0,0,0,0,0,1,1,1,1,1,1,0,0,1,1,0,0,0,0,0,0,0,Computer Science,0,0,0,0,0,0,0,Prefer not to say,Prefer not to say,Prefer not to say,Prefer not to say,Prefer not to say
True,Yes,Maybe,No,No,Yes,Yes,Man,1,0,1,1,1,0,1,1,Junior,1,0,1,0,1,Man,0,0,0,0,0,0,0,0,0,0,0,0,1,1,1,1,1,1,0,0,0,1,0,0,0,1,0,0,0,Computer Science,0,1,0,0,0,0,0,No,No,No,No,Yes
True,Maybe,Yes,No,Yes,Yes,Yes,Man,1,0,0,1,1,1,1,1,Freshman,1,0,1,0,1,Man,0,0,0,0,0,0,0,0,0,0,0,0,1,0,0,0,0,1,0,0,0,1,0,0,0,1,0,0,0,Computer Science,0,0,0,1,0,0,0,No,No,Yes,No,Yes
True,Maybe,Yes,No,Yes,Yes,Yes,Man,1,0,0,1,1,1,1,1,Freshman,1,0,1,0,1,Man,0,0,0,0,0,0,0,0,0,0,0,0,1,0,0,0,0,1,0,0,0,1,0,0,0,1,0,0,0,Computer Science,0,0,0,1,0,0,0,No,No,Yes,No,Yes
True,Yes,No,No,No,No,Yes,Man,1,0,1,1,1,0,1,1,Freshman,1,1,0,0,1,Man,0,0,0,0,0,0,0,0,0,0,0,0,1,1,1,1,0,1,0,1,0,0,0,0,0,0,0,0,1,Computer Science,0,0,1,0,0,0,0,No,No,No,No,No
True,Maybe,Yes,No,Maybe,Yes,Yes,Woman,0,1,1,1,0,0,0,0,Junior,0,1,0,1,1,Woman,0,0,0,0,0,0,0,0,0,0,0,0,1,1,1,1,1,1,0,0,1,1,0,0,0,1,0,0,0,Computer Science,0,0,0,1,0,0,0,No,No,No,No,No
True,No,No,No,Maybe,Yes,Yes,Woman,0,1,1,1,1,0,0,0,Junior,0,1,1,1,1,Woman,0,1,0,0,0,0,0,1,0,0,0,0,1,1,1,1,1,1,0,1,0,1,0,0,0,0,0,0,1,Computer Science,0,0,0,1,0,0,0,No,No,No,No,No
False,No,No,No,Yes,Maybe,Yes,Non-binary,0,0,1,1,1,0,0,0,Graduate Student,1,0,1,0,0,Other,0,0,0,0,0,0,0,0,0,0,0,0,1,0,0,0,0,0,0,0,0,0,0,0,0,1,0,0,0,Statistics/DS,0,0,0,0,0,1,0,No,No,No,No,Yes
True,Maybe,No,No,Yes,Yes,Yes,Man,1,0,1,1,1,0,1,0,Graduate Student,0,0,1,0,1,Man,0,0,0,0,0,0,0,0,0,0,0,0,1,1,0,1,0,0,0,0,0,1,0,0,0,0,0,0,1,Computer Science,0,0,0,1,0,0,0,No,No,No,No,No
True,No,Yes,No,Yes,Yes,Yes,Man,0,1,1,1,0,0,1,0,Freshman,1,0,1,0,1,Man,0,0,0,0,0,0,1,0,0,0,0,1,1,1,1,1,1,1,0,1,1,0,0,0,0,1,0,0,0,Computer Science,0,0,0,1,0,0,0,No,No,No,No,No
True,No,Yes,No,No,Yes,Yes,Woman,1,1,1,1,1,1,1,0,Freshman,1,1,1,0,1,Woman,0,0,0,0,0,0,0,0,0,0,0,0,1,1,1,1,1,1,0,1,0,0,0,0,0,1,0,0,0,Computer Science,0,0,0,1,0,0,0,No,No,No,No,No
True,No,Yes,Yes,Yes,Maybe,Yes,Woman,0,1,1,0,0,0,0,0,Freshman,0,0,0,0,1,Woman,0,1,0,0,1,1,0,1,0,0,1,1,1,1,1,1,1,1,0,1,1,1,0,0,0,0,0,0,1,Computer Science,0,0,0,1,0,0,0,No,No,Yes,Yes,Yes
True,Yes,Maybe,No,Maybe,Yes,Yes,Woman,0,0,1,1,1,1,1,1,Sophomore,1,0,0,0,0,Woman,1,0,0,0,0,0,1,0,0,0,0,0,1,0,0,0,0,0,0,0,0,1,0,0,0,1,0,0,0,Computer Science,1,0,0,0,0,0,0,No,No,Yes,Prefer not to say,Yes
True,Maybe,Maybe,No,Maybe,Maybe,Yes,Woman,0,1,1,1,0,0,1,0,Sophomore,0,1,0,1,0,Woman,0,0,0,0,0,0,0,0,0,0,0,0,1,1,1,1,1,1,0,0,1,0,0,0,0,1,0,0,1,Computer Science,0,0,0,1,0,0,0,No,No,No,No,No
True,Maybe,No,No,Yes,Yes,Maybe,Man,1,0,1,1,1,1,1,1,Senior,1,0,1,0,1,Man,0,0,0,0,0,0,0,0,0,0,0,0,1,1,0,0,0,0,0,0,1,1,0,0,0,0,0,0,1,Computer Science,0,1,0,0,0,0,0,No,No,No,No,No
True,No,Yes,No,Maybe,Maybe,Yes,Man,1,0,1,1,0,0,1,0,Senior,1,0,1,0,0,Man,0,0,0,0,0,0,1,1,0,0,0,0,1,1,1,1,0,0,0,0,0,1,0,0,0,0,0,0,1,Computer Science,0,0,0,1,0,0,0,No,No,No,No,No
True,Yes,Yes,No,No,No,Yes,Woman,1,1,1,1,1,1,0,0,Junior,0,1,1,1,1,Woman,0,1,0,0,0,0,0,1,0,0,0,0,1,1,1,1,1,1,0,1,1,0,0,0,0,1,0,0,0,Computer Science,0,0,0,1,0,0,0,No,No,No,No,No
True,Yes,No,No,Yes,Yes,Yes,Woman,1,0,1,1,1,0,1,0,Fifth year+,1,1,0,0,1,Woman,0,1,0,1,0,0,0,1,0,1,0,0,1,1,1,1,1,1,0,1,1,1,0,0,0,0,0,0,1,Computer Science,0,1,0,0,0,0,0,No,Yes,No,No,No
True,Yes,No,No,No,Yes,Yes,Woman,0,1,1,1,1,1,0,0,Senior,0,1,0,1,1,Woman,0,1,0,0,0,0,0,1,0,0,0,0,1,1,1,1,0,1,0,1,1,0,0,0,0,1,0,0,1,Computer Science,0,0,0,1,0,0,0,No,No,No,No,No
True,Yes,No,No,Yes,No,Yes,Man,0,1,1,1,1,0,1,0,Junior,0,0,1,0,1,Man,0,0,0,0,0,0,0,0,0,0,0,0,1,1,1,1,1,1,0,0,0,1,0,0,0,1,0,0,0,Computer Science,0,0,0,1,0,0,0,No,No,No,No,No
True,Yes,Maybe,No,Maybe,Maybe,Yes,Man,0,0,1,1,1,0,0,1,Junior,1,0,1,0,1,Man,0,0,0,0,0,0,1,0,0,0,0,0,1,1,1,1,0,1,0,0,1,0,0,0,0,0,0,0,1,Undecided,0,0,0,1,0,0,0,No,No,No,No,No
False,Yes,Yes,No,Maybe,Yes,Yes,Woman,1,0,1,1,1,0,1,0,Sophomore,1,0,1,0,1,Woman,0,0,0,0,0,0,0,0,0,0,0,0,1,1,1,0,0,0,0,0,0,0,0,0,0,1,0,0,0,Computer Science,0,0,0,1,0,0,0,No,No,No,No,No
False,No,Maybe,No,Maybe,Yes,Yes,Woman,0,0,1,1,1,0,1,1,Senior,1,1,1,0,1,Woman,0,0,0,0,0,0,0,0,0,0,0,0,1,1,1,1,1,1,0,1,1,1,0,0,0,0,0,0,1,Computer Science,0,0,0,1,0,0,0,No,No,No,No,No
False,Yes,No,No,Maybe,Yes,Yes,Woman,1,0,1,1,1,0,1,1,Junior,0,1,1,1,1,Woman,1,1,0,0,0,0,1,1,0,0,0,0,1,1,1,1,1,1,0,0,1,1,0,0,0,1,0,0,0,Computer Science,0,0,0,1,0,0,0,No,No,No,No,Yes
False,No,Yes,No,No,Maybe,Yes,Man,0,0,1,1,0,0,1,0,Junior,0,0,0,0,0,Man,0,0,0,1,0,0,0,0,0,1,0,0,1,1,0,1,1,1,0,1,1,0,0,0,0,0,0,0,1,Life Sciences,0,0,0,1,0,0,0,No,Yes,No,No,No
False,No,Maybe,No,No,No,Yes,Man,1,1,0,0,1,0,1,0,Graduate Student,0,1,1,0,1,Man,0,0,0,0,0,0,0,0,0,0,0,0,1,1,1,1,1,1,0,0,1,1,1,0,0,0,0,0,0,Undecided,0,0,0,0,0,0,1,No,Yes,Yes,No,No
False,Yes,Yes,No,Maybe,Maybe,Yes,Man,1,1,1,1,1,1,1,0,Junior,0,1,1,1,1,Man,0,0,0,0,0,0,0,0,0,0,0,0,1,1,1,1,1,1,0,0,1,0,0,0,0,1,0,0,0,Computer Science,0,0,0,1,0,0,0,No,No,No,No,No
False,No,No,No,Maybe,Yes,Yes,Man,1,0,0,1,1,0,1,1,Freshman,1,0,1,0,1,Man,0,0,0,0,0,0,0,0,0,0,0,0,1,1,1,1,0,0,0,0,0,1,0,0,0,0,0,0,1,Computer Science,0,0,0,1,0,0,0,No,No,No,No,No
False,No,No,No,Yes,Yes,Yes,Man,0,0,1,1,1,0,0,1,Junior,1,0,1,0,1,Man,0,0,0,0,0,0,0,0,0,0,0,0,1,1,1,1,0,1,0,0,0,1,0,0,0,1,0,0,0,Computer Science,0,0,0,1,0,0,0,No,No,No,No,No
False,Yes,No,No,Maybe,Yes,Yes,Man,1,0,1,1,1,0,1,1,Junior,1,0,1,0,1,Man,0,0,0,0,0,0,0,0,0,0,0,0,1,1,1,1,1,1,0,0,0,1,0,0,0,1,0,0,0,Computer Science,0,0,0,1,0,0,0,No,No,No,No,Yes
False,No,Maybe,No,Yes,Yes,Yes,Woman,0,0,1,1,1,0,0,0,Sophomore,0,1,0,0,0,Woman,0,0,0,0,0,1,0,0,0,0,0,0,0,1,0,0,0,1,0,0,1,1,0,0,0,0,0,0,1,Mathematics,0,1,0,0,0,0,0,No,No,No,No,No
False,Maybe,No,No,No,Yes,Yes,Man,1,1,1,1,1,0,0,0,Junior,0,0,1,0,1,Man,0,0,0,0,0,0,0,0,0,0,0,0,1,1,1,1,0,0,0,0,1,1,0,0,0,0,0,0,1,Computer Science,0,0,0,1,0,0,0,No,No,No,No,No
False,No,No,No,No,Maybe,Yes,Woman,1,1,1,1,1,1,0,0,Junior,0,1,0,1,0,Woman,0,1,0,0,0,0,0,1,0,0,0,0,1,1,1,1,1,1,0,1,1,1,0,0,0,1,0,0,0,Computer Science,0,0,0,1,0,0,0,No,No,No,No,No
False,Yes,Maybe,No,Yes,Maybe,Yes,Woman,0,0,1,1,1,1,0,1,Sophomore,0,1,1,1,1,Woman,0,1,0,0,0,0,0,1,0,0,0,0,1,1,1,1,0,1,0,0,0,1,0,0,0,1,0,0,0,Computer Science,0,0,0,1,0,0,0,No,No,No,No,No
False,Yes,Yes,No,Maybe,Yes,Yes,Woman,0,1,1,1,0,0,1,0,Senior,0,1,1,0,1,Woman,0,0,0,0,0,0,0,1,0,0,0,0,1,1,0,0,0,1,0,0,1,1,0,0,0,1,0,0,0,Computer Science,0,0,0,1,0,0,0,No,No,No,No,Yes
False,No,Maybe,No,Yes,Yes,Yes,Man,1,0,1,1,1,0,1,0,Sophomore,0,1,1,1,1,Man,0,0,0,0,0,0,0,0,0,0,0,0,1,1,1,1,1,1,0,0,0,1,0,1,0,0,0,0,0,Engineering-based,0,0,0,1,0,0,0,No,No,Yes,Yes,No
False,No,Yes,No,No,Yes,Yes,Man,1,0,1,1,1,0,0,1,Sophomore,0,0,1,0,0,Man,0,0,0,0,0,0,0,0,0,0,0,0,1,1,1,1,1,1,0,1,1,0,0,0,0,0,0,0,1,Life Sciences,0,0,1,0,0,0,0,No,No,No,No,No
False,Yes,No,No,Maybe,No,Yes,Man,0,1,1,0,1,1,0,1,Senior,0,1,0,1,0,Man,0,0,0,0,0,0,0,0,0,0,0,0,1,1,1,1,1,1,0,0,1,1,0,0,0,0,0,0,1,Engineering-based,0,0,0,1,0,0,0,No,No,No,No,No
False,Yes,No,No,No,Yes,Maybe,Man,1,0,1,1,1,1,1,1,Junior,0,1,1,1,1,Man,1,0,0,0,1,1,0,0,0,0,0,0,1,1,0,0,0,0,0,1,1,0,0,1,0,0,0,0,0,Engineering-based,0,0,0,1,0,0,0,No,No,Yes,Yes,No
False,Yes,No,No,Maybe,Maybe,Yes,Woman,0,0,1,1,1,0,0,0,Junior,1,0,1,0,1,Woman,0,0,0,0,0,0,0,1,0,0,0,0,1,1,1,1,1,1,0,0,1,0,0,0,0,1,0,0,0,Computer Science,0,0,0,1,0,0,0,No,Yes,No,Yes,No
False,No,Yes,Maybe,No,Maybe,Yes,Woman,0,1,1,0,0,1,0,0,Junior,0,1,0,1,1,Woman,1,0,0,0,1,1,0,0,0,0,0,0,1,1,0,0,1,1,0,1,1,0,1,1,0,0,0,0,0,Computer Science,0,0,0,0,0,0,0,No,Prefer not to say,Yes,Yes,No
True,Yes,Yes,No,No,No,Yes,Woman,0,1,1,0,1,0,0,1,Senior,0,1,0,1,1,Woman,0,0,0,0,0,0,1,0,0,0,0,0,1,1,1,1,1,1,0,1,1,0,0,1,0,0,0,0,0,Computer Science,0,1,0,0,0,0,0,No,No,No,No,No
False,No,Yes,No,Yes,Yes,Yes,Man,0,1,1,1,1,1,0,1,Junior,0,1,1,0,1,Man,0,0,0,0,0,0,0,0,0,0,0,0,1,1,1,1,0,1,0,0,1,1,0,0,0,0,0,0,1,Computer Science,0,0,0,1,0,0,0,No,Yes,No,Yes,No
False,Maybe,Maybe,No,No,Maybe,Maybe,Man,1,0,1,0,0,1,1,0,Junior,0,1,1,0,1,Man,0,0,0,0,0,0,0,0,0,0,0,0,1,1,1,1,1,1,0,0,0,1,0,0,0,1,0,0,0,Computer Science,0,0,0,1,0,0,0,No,No,No,No,No
True,No,Maybe,No,Maybe,Maybe,Yes,Man,0,0,1,1,0,0,1,0,Senior,0,1,1,0,1,Man,0,0,0,0,0,0,0,0,0,0,0,0,1,1,1,1,1,1,0,0,1,1,0,0,0,1,0,0,0,Computer Science,0,0,0,1,0,0,0,No,Prefer not to say,No,No,No
False,Maybe,No,No,Maybe,Yes,Yes,Man,1,0,1,1,1,0,1,0,Sophomore,1,1,1,0,1,Man,0,0,0,0,0,0,0,0,0,0,0,0,1,1,1,1,1,1,0,0,0,1,0,0,0,1,0,0,1,Computer Science,0,0,0,1,0,0,0,No,No,No,No,No
False,Yes,No,No,Maybe,Yes,Yes,Man,1,0,1,1,1,1,1,1,Sophomore,1,1,1,0,0,Man,1,0,0,0,0,0,1,0,0,0,0,0,1,1,1,1,1,1,0,0,1,1,0,0,0,0,0,0,1,Computer Science,0,1,0,1,0,0,0,No,No,No,No,Yes
False,Maybe,No,No,Maybe,Yes,Yes,Man,0,0,1,1,1,0,1,0,Senior,1,0,1,0,1,Man,0,0,0,0,0,0,0,0,0,0,0,0,1,1,1,1,1,1,0,1,0,0,0,0,0,1,0,0,0,Computer Science,0,0,0,1,0,0,0,No,No,No,No,No
False,Yes,Maybe,No,Maybe,Maybe,Yes,Woman,0,1,1,1,1,1,1,0,Senior,0,1,1,0,1,Woman,0,0,0,0,0,0,0,1,0,0,0,0,1,1,1,1,1,1,0,1,1,1,0,0,0,1,0,0,0,Computer Science,0,1,0,0,0,0,0,No,Prefer not to say,No,No,No
False,Maybe,No,No,No,Yes,Yes,Man,1,1,1,1,1,0,1,0,Junior,1,0,1,0,1,Man,0,0,0,0,0,0,0,0,0,0,0,0,1,1,1,1,0,1,0,0,0,1,0,0,0,0,0,0,1,Computer Science,0,0,0,1,0,0,0,No,No,No,No,No
False,No,No,No,Yes,Yes,Yes,Man,1,0,0,1,0,0,1,0,Senior,0,0,0,0,1,Man,0,0,0,0,0,0,0,0,0,0,0,0,0,0,0,0,0,0,0,0,0,1,0,0,0,1,0,0,0,Engineering-based,0,0,0,1,0,0,0,No,No,No,No,No
False,Yes,Maybe,No,Maybe,Yes,Yes,Man,1,0,1,1,1,0,1,1,Sophomore,1,1,1,0,1,Man,0,0,0,0,0,0,0,0,0,0,0,0,1,1,0,0,1,0,0,0,0,0,0,0,0,0,0,0,1,Computer Science,0,0,0,1,0,0,0,No,No,No,No,No
False,Yes,No,No,Maybe,Maybe,Yes,Woman,1,0,1,0,1,0,1,0,Senior,0,1,1,1,1,Woman,1,1,0,0,0,0,1,1,0,0,0,0,1,1,1,1,1,1,0,1,1,0,0,1,0,0,0,0,0,Computer Science,0,0,0,1,0,0,0,No,No,No,No,Yes
False,No,No,No,No,Yes,Yes,Man,1,0,1,1,1,1,1,1,Senior,0,0,0,0,0,Man,0,0,0,0,0,0,0,0,0,0,0,0,1,1,1,1,1,1,0,0,1,1,0,0,0,1,0,0,0,Computer Science,0,0,0,1,0,0,0,Prefer not to say,No,No,No,No
True,Maybe,Maybe,No,No,No,Yes,Woman,0,1,1,1,1,1,1,1,Sophomore,1,1,1,1,0,Woman,1,1,0,0,0,0,0,0,0,0,0,0,1,1,1,1,1,1,0,1,1,1,0,0,0,1,0,0,0,Computer Science,0,1,0,0,0,0,0,No,No,No,No,Yes
False,No,Yes,No,No,Maybe,No,Woman,1,0,1,1,0,1,0,0,Senior,0,0,1,0,1,Woman,0,1,0,0,0,1,0,1,0,0,0,0,1,1,1,1,1,1,0,0,1,1,0,0,0,1,0,0,0,Computer Science,0,0,0,1,0,0,0,No,No,No,No,No
False,No,No,No,Maybe,Yes,Yes,Woman,0,0,1,1,1,0,1,1,Sophomore,1,0,1,0,1,Woman,0,0,0,0,0,0,0,0,0,0,0,0,1,1,1,1,1,1,0,0,0,1,0,0,0,1,0,0,0,Undecided,0,0,0,1,0,0,0,No,No,No,No,No
False,No,No,No,Maybe,Yes,Yes,Woman,0,0,1,1,1,0,1,1,Sophomore,1,0,1,0,1,Woman,0,0,0,0,0,0,0,0,0,0,0,0,1,1,1,1,1,1,0,0,0,1,0,0,0,1,0,0,0,Undecided,0,0,0,1,0,0,0,No,No,No,No,No
False,Yes,No,No,No,Yes,Yes,Man,1,1,1,1,1,1,1,0,Senior,1,0,1,0,1,Man,0,0,0,0,0,0,0,0,0,0,0,0,1,1,1,1,1,1,0,0,0,0,0,0,0,0,0,0,1,Computer Science,0,0,0,1,0,0,0,No,Yes,No,No,No
False,Yes,No,No,Yes,Yes,Yes,Man,1,0,0,1,1,0,1,1,Sophomore,1,0,1,0,1,Man,0,0,0,0,0,0,0,0,0,0,0,0,1,1,1,1,1,1,0,0,0,1,0,0,0,1,0,0,0,Computer Science,0,0,0,1,0,0,0,No,No,No,No,No
False,Yes,No,No,Maybe,Yes,Yes,Man,1,1,1,1,1,1,1,1,Senior,1,1,1,0,1,Man,0,0,0,0,0,0,0,0,0,0,0,0,1,1,1,1,1,1,0,0,1,1,0,0,0,0,0,0,1,Computer Science,0,0,0,1,0,0,0,No,No,No,No,No
True,Yes,No,No,Yes,Maybe,Maybe,Man,1,0,1,1,1,0,0,0,Junior,0,0,0,0,1,Man,0,0,0,0,0,0,0,0,0,0,0,0,1,1,1,1,0,1,0,0,0,1,0,0,0,1,0,0,1,Computer Science,0,0,0,1,0,0,0,No,No,No,No,No
False,Yes,No,No,Yes,Yes,Yes,Man,1,0,1,1,1,0,1,1,Senior,1,0,1,0,1,Man,0,0,0,0,0,0,0,0,0,0,0,0,1,1,1,1,0,0,0,0,0,1,0,0,0,1,0,0,0,Computer Science,0,0,0,1,0,0,0,No,No,No,No,No
True,Yes,Yes,No,Maybe,Yes,Yes,Woman,0,1,1,1,1,1,0,0,Graduate Student,0,1,0,1,1,Woman,0,1,0,0,0,0,1,1,0,0,0,0,1,1,1,1,1,1,0,1,1,0,0,0,0,0,0,0,1,Computer Science,0,1,0,0,0,0,0,No,Yes,Yes,No,No
False,Yes,No,No,No,Yes,Yes,Woman,0,0,1,1,1,0,1,1,Junior,1,1,1,0,1,Woman,0,0,0,0,0,0,0,0,0,0,0,0,1,1,1,1,1,1,0,0,0,1,0,0,0,1,0,0,0,Mathematics,0,1,0,0,0,0,0,No,No,No,No,No
False,No,Yes,No,Maybe,Maybe,No,Man,0,1,1,1,1,0,1,1,Sophomore,0,0,1,0,0,Man,0,0,0,0,0,0,0,0,0,0,0,0,0,0,0,1,0,0,0,0,0,1,0,0,0,0,0,0,0,Computer Science,0,0,0,1,0,0,0,No,No,No,No,No
True,Yes,No,Maybe,No,No,Yes,Woman,0,1,1,1,1,1,0,0,Junior,0,1,1,1,1,Woman,0,0,0,0,0,0,0,1,0,0,0,0,1,1,1,1,1,1,0,1,1,1,0,0,0,1,0,0,1,Computer Science,0,0,0,1,0,0,0,No,No,No,No,No
True,No,No,No,No,Yes,Yes,Man,1,0,1,1,1,0,0,0,Freshman,1,1,1,0,1,Man,0,0,0,0,0,0,0,0,0,0,0,0,1,1,1,1,1,1,0,0,0,1,0,0,0,1,0,0,0,Computer Science,0,0,0,1,0,0,0,No,No,No,No,No
True,No,No,No,Maybe,Maybe,Yes,Man,1,0,1,1,0,0,1,0,Junior,0,1,1,0,1,Man,0,0,0,0,0,0,0,0,0,0,0,0,1,1,1,1,1,1,0,0,0,1,0,0,0,0,0,0,1,Computer Science,0,0,1,0,0,0,0,No,No,No,No,No
True,No,Yes,No,No,Maybe,Yes,Woman,0,1,1,0,1,0,0,0,Freshman,1,0,0,0,0,Woman,0,1,0,0,0,1,0,0,0,0,0,0,1,1,1,1,1,1,0,1,1,0,0,0,0,0,0,0,1,Computer Science,1,0,0,0,0,0,0,No,No,Yes,Yes,No
True,Maybe,No,No,Maybe,Yes,Yes,Man,1,0,0,0,0,0,1,0,Senior,1,0,1,0,0,Man,0,0,0,0,0,0,0,0,0,0,0,0,1,1,1,0,0,1,0,0,0,1,0,0,0,1,0,0,0,Computer Science,0,0,0,1,0,0,0,No,No,No,No,No
True,No,No,No,Maybe,Yes,Yes,Man,0,1,1,1,1,1,1,0,Freshman,1,0,1,0,1,Man,0,0,0,0,0,0,0,0,0,0,0,0,1,1,1,1,1,1,0,0,1,0,0,0,0,1,0,0,0,Computer Science,0,0,0,1,0,0,0,No,No,No,Yes,No
True,No,No,No,Maybe,Yes,Yes,Man,0,1,1,1,1,1,1,0,Freshman,1,0,1,0,1,Man,0,0,0,0,0,0,0,0,0,0,0,0,1,1,1,1,1,1,0,0,1,0,0,0,0,1,0,0,0,Computer Science,0,0,0,1,0,0,0,No,No,No,Yes,No
True,No,Yes,No,No,No,Maybe,Man,0,1,1,0,1,0,1,0,Senior,0,0,0,0,1,Man,0,0,0,0,0,0,0,0,0,0,0,0,1,1,1,1,1,1,0,1,1,1,0,0,0,1,0,0,0,Computer Science,0,0,0,1,0,0,0,No,No,No,Yes,No
True,No,No,No,Yes,Maybe,Maybe,Man,0,1,1,1,1,1,0,0,Junior,1,0,1,0,0,Man,0,0,0,0,0,0,0,0,0,0,0,0,1,1,1,1,1,1,0,0,1,1,0,0,0,0,0,0,1,Computer Science,0,0,0,1,0,0,0,No,No,No,Yes,No
True,No,No,No,Yes,No,Maybe,Man,1,0,0,1,1,0,1,0,Junior,1,0,1,0,0,Man,0,0,0,0,0,0,0,0,0,0,0,0,1,0,0,0,0,0,0,0,0,1,0,0,0,1,0,0,0,Computer Science,0,0,0,1,0,0,0,No,No,No,No,No
True,No,No,No,Maybe,No,Yes,Man,1,0,1,1,1,1,1,1,Senior,1,0,1,0,1,Man,0,0,0,0,0,0,0,0,0,0,0,0,1,1,1,1,0,1,0,1,0,1,0,0,0,0,0,0,1,Computer Science,0,0,0,1,0,0,0,No,No,No,No,No
True,Maybe,Yes,No,No,Maybe,Yes,Woman,0,1,1,0,1,0,1,0,Junior,0,1,1,1,1,Woman,0,1,0,0,0,0,0,1,0,0,0,0,1,1,1,1,1,1,0,1,1,0,0,0,0,0,0,0,1,Computer Science,0,1,0,0,0,0,0,No,No,No,Yes,No
True,Maybe,No,No,Yes,Yes,Maybe,Man,1,0,1,1,1,0,1,0,Sophomore,1,0,0,0,1,Man,0,0,0,0,0,0,0,0,0,0,0,0,1,1,1,1,0,0,0,0,0,1,0,1,0,0,0,0,1,Computer Science,0,0,0,1,0,0,0,No,No,No,No,No
True,Maybe,Yes,No,No,No,Yes,Woman,1,1,1,0,1,1,0,0,Senior,1,1,0,1,1,Woman,1,0,1,0,1,1,1,1,0,0,1,0,1,1,1,0,0,1,0,0,0,1,0,0,0,1,0,0,0,Computer Science,0,0,0,1,0,0,0,No,No,No,Prefer not to say,Yes
True,Maybe,No,No,Maybe,Yes,Yes,Woman,1,1,1,0,1,1,0,0,Senior,1,0,1,1,1,Woman,1,1,1,0,1,1,1,1,1,0,1,1,1,1,1,1,0,1,0,0,1,1,0,0,0,1,0,0,0,Computer Science,0,1,0,0,0,0,0,No,No,Yes,Yes,No
True,No,No,No,Yes,No,Yes,Man,0,0,1,1,1,0,0,0,Freshman,0,0,1,0,1,Man,0,0,0,0,0,0,0,0,0,0,0,0,1,0,0,0,1,1,0,0,1,0,1,0,0,0,0,0,0,Computer Science,0,0,0,1,0,0,0,No,No,Yes,Yes,Yes
True,No,Yes,Yes,No,No,Yes,Man,0,1,1,1,0,1,0,0,Senior,0,1,1,1,0,Man,1,0,0,0,0,0,0,0,0,0,0,0,1,1,1,1,1,1,0,1,1,1,1,0,0,0,0,0,0,Computer Science,0,0,0,1,0,0,0,No,No,No,Yes,No
True,Maybe,Yes,No,Maybe,Yes,Yes,Woman,0,1,1,1,1,0,1,1,Sophomore,0,1,0,1,1,Woman,0,0,0,0,0,0,1,1,0,0,0,0,1,1,1,1,1,1,0,0,0,0,0,0,0,1,0,0,1,Computer Science,0,0,0,0,0,0,0,No,No,No,Yes,No
True,No,Yes,No,Yes,Maybe,Maybe,Man,0,0,1,1,0,0,0,0,Senior,0,0,1,0,0,Man,0,0,0,0,0,0,0,0,0,0,0,0,0,0,0,0,0,0,0,0,0,0,0,0,0,1,0,0,0,Computer Science,0,0,0,1,0,0,0,No,No,No,No,No
True,No,Maybe,No,Yes,Maybe,Yes,Man,0,1,0,1,1,0,1,0,Freshman,0,1,1,0,0,Man,1,0,1,0,0,1,1,0,1,0,0,0,1,1,1,1,1,1,0,0,1,1,0,1,0,0,0,0,1,Computer Science,0,1,0,0,0,0,0,No,No,No,Yes,No
True,Maybe,No,No,Yes,Yes,Maybe,Man,1,0,1,1,1,0,1,0,Junior,1,0,1,0,1,Man,1,0,0,0,0,0,0,0,0,0,0,0,1,1,1,1,1,1,0,0,1,0,0,0,0,0,0,0,1,Computer Science,0,0,0,1,0,0,0,No,No,Yes,Yes,Yes
True,Maybe,No,No,Yes,Yes,Maybe,Man,1,0,1,1,1,0,1,0,Junior,1,0,1,0,1,Man,1,0,0,0,0,0,0,0,0,0,0,0,1,1,1,1,1,1,0,0,1,0,0,0,0,0,0,0,1,Computer Science,0,0,0,1,0,0,0,No,No,Yes,Yes,Yes
True,Maybe,No,No,No,Yes,Yes,Woman,0,1,1,0,0,1,0,0,Junior,0,1,0,0,1,Woman,1,1,0,0,0,0,1,1,0,0,0,0,1,1,1,1,1,1,0,1,1,0,1,0,0,0,0,0,0,Computer Science,0,0,0,1,0,0,0,No,No,No,No,No
True,Yes,Yes,No,Maybe,Maybe,Yes,honestly not sure ,0,1,1,1,1,0,0,0,Sophomore,0,1,0,1,0,Other,0,0,1,0,0,1,0,0,0,0,0,0,1,1,1,1,1,1,0,1,0,0,0,0,0,0,0,0,1,Computer Science,0,0,1,0,0,0,0,No,No,No,No,No
True,No,No,No,No,Yes,Maybe,Man,1,1,1,1,1,0,0,0,Freshman,1,0,1,0,0,Man,1,0,0,0,0,0,0,0,0,0,0,0,1,1,1,1,0,1,0,0,0,1,0,0,0,0,0,0,1,Computer Science,0,0,0,1,0,0,0,No,No,No,No,No
True,Yes,No,No,Maybe,Yes,Yes,Woman,0,0,1,1,0,1,0,0,Junior,1,1,1,1,1,Woman,0,1,0,0,0,0,0,1,0,0,0,0,1,1,1,1,1,1,0,1,1,0,0,0,0,0,0,0,1,Computer Science,0,0,0,1,0,0,0,No,No,No,No,No
True,No,No,No,Maybe,Yes,Yes,Man,1,0,1,1,1,0,1,0,Senior,1,0,0,0,1,Man,0,0,0,0,0,0,0,0,0,0,0,0,1,1,1,1,0,1,0,0,0,1,0,0,0,1,0,0,0,Computer Science,0,0,0,1,0,0,0,No,No,No,No,No
True,Yes,No,No,Maybe,Yes,Maybe,Man,1,0,0,1,1,0,1,1,Sophomore,1,0,1,0,1,Man,1,0,0,0,1,1,0,0,0,0,0,0,1,1,1,1,1,1,0,0,0,1,0,0,0,1,0,0,0,Computer Science,0,0,0,1,0,0,0,No,No,No,No,No
True,Maybe,No,No,No,No,Maybe,Man,1,0,1,1,1,0,0,0,Sophomore,0,0,1,0,1,Man,0,0,1,0,0,0,0,0,0,0,0,0,1,1,1,1,1,1,0,1,0,1,0,0,0,0,0,0,1,Computer Science,0,0,1,0,0,0,0,No,No,No,No,No
True,No,Yes,No,Maybe,Yes,Yes,Non-binary,0,0,1,1,1,0,0,0,Senior,1,1,1,1,1,Other,0,0,0,0,0,0,1,0,0,0,0,0,1,1,1,1,1,1,0,0,0,1,0,0,0,0,0,0,1,Computer Science,0,1,0,0,1,0,0,No,No,No,Yes,No
True,No,No,No,Maybe,Yes,Yes,Man,1,0,1,1,1,0,0,0,Senior,1,0,1,0,1,Man,0,0,0,0,0,0,1,1,0,0,0,0,1,1,1,1,0,0,0,0,0,1,0,0,0,1,0,0,0,Computer Science,0,0,0,1,0,0,0,No,No,No,No,No
True,Yes,No,No,No,No,Yes,Man,1,1,1,1,1,0,1,0,Sophomore,0,0,1,0,0,Man,0,0,0,0,0,0,0,0,0,0,0,0,1,1,1,1,1,1,0,0,0,1,0,0,0,0,0,0,1,Computer Science,0,0,0,1,0,0,0,No,No,No,No,No
True,Yes,Yes,No,No,Maybe,Yes,Woman,0,1,1,1,1,0,1,0,Junior,0,1,1,1,0,Woman,0,0,0,0,0,0,0,1,0,0,0,0,1,1,1,1,1,1,0,0,1,1,0,0,0,0,0,0,1,Computer Science,0,0,0,1,0,0,0,No,No,No,No,No
True,No,No,No,No,Maybe,Yes,Man,1,0,1,1,0,0,1,0,Freshman,1,0,1,0,0,Man,0,0,0,0,0,0,0,0,0,0,0,0,1,1,1,1,1,1,0,0,0,1,0,0,0,0,0,0,1,Computer Science,0,0,0,1,0,0,0,No,No,No,No,No
True,No,No,No,No,Maybe,Yes,Man,1,0,1,1,0,0,1,0,Freshman,1,0,1,0,0,Man,0,0,0,0,0,0,0,0,0,0,0,0,1,1,1,1,1,1,0,0,0,1,0,0,0,0,0,0,1,Computer Science,0,0,0,1,0,0,0,No,No,No,No,No
True,No,No,No,Maybe,Maybe,Yes,Woman,0,1,1,0,1,0,1,0,Freshman,1,0,1,0,0,Woman,0,0,0,0,0,0,0,0,0,0,0,0,1,1,1,1,0,1,0,0,0,1,0,0,0,1,0,0,0,Computer Science,0,0,0,1,0,0,0,No,No,Yes,Yes,No
True,No,Yes,Yes,Maybe,Maybe,Yes,Woman,0,1,1,0,1,1,1,0,Junior,1,0,1,0,1,Woman,1,0,0,0,0,1,1,1,0,0,0,0,1,1,1,1,1,1,0,1,1,0,0,1,0,0,0,0,1,Computer Science,0,0,0,1,0,0,0,No,No,No,No,No
True,No,No,No,No,Maybe,Yes,Woman,0,0,1,1,1,0,0,0,Junior,0,1,1,1,1,Woman,0,0,0,0,0,0,0,0,0,0,0,0,1,1,1,1,1,1,0,0,1,0,0,0,0,0,1,0,1,Computer Science,0,0,0,1,0,0,0,No,No,No,No,No
True,Yes,Yes,Yes,No,No,Yes,Woman,1,1,1,0,0,1,0,0,Senior,0,0,1,1,0,Woman,0,0,0,0,0,0,0,1,0,0,0,0,1,1,1,1,1,1,0,1,1,0,0,0,0,0,0,0,1,Computer Science,1,0,0,1,0,0,0,No,No,No,No,No
True,Yes,No,No,Yes,Yes,No,Man,1,0,1,1,1,0,0,0,Junior,1,0,1,0,1,Man,0,0,0,0,0,1,0,0,0,0,0,1,1,1,1,1,1,1,0,0,0,1,0,0,0,1,0,0,0,Computer Science,0,0,0,1,0,0,0,No,No,No,No,No
True,No,No,No,Maybe,Yes,Yes,Woman,1,1,1,0,0,1,0,0,Junior,0,1,1,0,0,Woman,1,0,0,0,0,0,1,0,0,0,0,0,1,1,1,1,1,1,0,1,0,1,1,0,0,0,0,0,0,Computer Science,0,0,0,1,0,0,0,No,No,No,No,No
True,Maybe,No,No,Maybe,Yes,Maybe,Man,1,0,1,1,1,0,1,0,Senior,0,0,1,0,0,Man,0,0,0,0,0,0,0,0,0,0,0,0,1,1,1,1,1,1,0,1,0,0,0,0,0,0,0,0,1,Computer Science,0,0,1,0,0,0,0,No,No,No,No,No
True,Maybe,Maybe,No,Maybe,Maybe,Yes,Woman,1,1,1,1,0,0,0,0,Sophomore,1,1,1,0,1,Woman,0,1,0,0,0,0,0,1,0,0,0,0,1,1,1,1,1,1,0,1,0,0,0,0,0,0,0,0,1,Computer Science,1,0,0,0,0,0,0,No,No,No,No,No
True,Yes,No,No,No,Maybe,Yes,Man,1,0,1,1,1,0,1,0,Senior,1,0,1,0,0,Man,0,0,0,0,0,0,0,0,0,0,0,0,1,1,1,1,1,0,0,0,1,1,0,0,0,0,0,0,1,Computer Science,0,0,0,1,0,0,0,No,No,No,No,No
True,Yes,Yes,No,Maybe,Yes,Yes,Woman,1,0,1,1,1,1,1,1,Senior,1,0,1,0,1,Woman,1,0,0,0,0,0,0,1,0,0,0,0,1,1,0,0,0,0,0,1,1,1,0,0,0,1,0,0,0,Computer Science,0,0,0,1,0,0,0,No,No,No,No,No
True,No,No,No,No,No,Yes,Man,1,0,1,1,0,0,1,1,Senior,1,1,1,1,0,Man,0,0,0,0,0,0,0,0,0,0,0,0,1,1,1,1,1,1,0,1,1,1,0,0,0,1,0,0,0,Computer Science,0,0,0,1,0,0,0,No,No,No,No,No
True,Yes,Maybe,No,No,Yes,Yes,Man,1,1,1,1,1,1,1,0,Senior,1,0,1,0,1,Man,0,0,1,0,0,1,1,1,0,0,0,1,1,1,1,1,1,1,0,1,1,1,0,0,0,0,0,0,1,Computer Science,0,0,1,0,0,0,0,No,No,No,No,No
True,Yes,No,No,Yes,Yes,Yes,Woman,1,1,1,1,1,0,0,0,Junior,1,0,1,0,1,Woman,0,0,0,0,0,0,0,1,0,0,0,0,1,1,1,1,1,1,0,0,0,1,0,0,0,0,0,0,1,Computer Science,0,0,0,1,0,0,0,No,No,No,No,No
True,Maybe,Yes,No,No,No,Yes,Man,0,1,1,0,0,1,0,0,Senior,0,0,0,0,1,Man,0,0,1,1,1,1,0,0,1,0,0,0,0,0,0,1,0,1,0,1,1,0,0,0,0,1,0,0,0,Computer Science,0,0,1,0,0,0,0,No,Yes,Yes,No,No
True,Maybe,No,No,Maybe,Yes,Yes,Woman,0,1,1,1,1,0,0,0,Freshman,1,1,1,1,0,Woman,0,0,0,0,0,0,0,0,0,0,0,0,1,1,1,1,1,1,0,0,0,1,0,0,0,1,0,0,0,Computer Science,0,0,0,1,0,0,0,No,No,No,No,No
True,Maybe,No,No,No,No,Yes,Woman,1,0,1,1,1,1,0,0,Junior,0,0,1,0,1,Woman,0,0,0,0,0,0,0,0,0,0,0,0,1,1,1,1,1,1,0,1,1,1,0,0,0,0,0,0,1,Computer Science,0,0,0,1,0,0,0,No,No,No,Yes,No
True,Maybe,No,No,No,Maybe,Yes,Woman,0,1,1,0,1,1,1,1,Junior,0,1,1,1,1,Woman,0,0,0,0,0,0,0,0,0,0,0,0,1,1,1,1,1,1,0,1,1,0,0,0,0,0,0,0,1,Computer Science,0,0,0,1,0,0,0,No,No,No,No,No
True,No,No,No,Maybe,Yes,Yes,Woman,0,1,1,1,1,1,1,0,Junior,0,0,1,0,1,Woman,0,1,0,0,0,0,0,1,0,0,0,0,1,1,1,1,1,1,0,1,1,1,0,0,0,1,0,0,1,Computer Science,0,0,0,1,0,0,0,No,No,No,No,No
True,Yes,Maybe,No,No,Maybe,Yes,Woman,0,1,1,0,1,1,0,1,Junior,0,1,1,1,0,Woman,0,1,0,0,0,0,0,1,0,0,0,0,1,1,1,1,1,1,0,1,1,0,0,0,0,1,0,0,0,Computer Science,0,0,0,1,0,0,0,No,No,No,Yes,No
True,No,No,No,No,Maybe,Yes,Woman,1,0,1,0,0,1,0,0,Freshman,0,1,0,1,1,Woman,0,0,0,0,0,0,0,0,0,0,0,0,1,1,1,1,1,1,0,1,1,0,0,0,0,0,0,0,1,Computer Science,0,0,0,0,0,0,0,No,No,No,No,No
True,Yes,Yes,No,Maybe,Maybe,Yes,Woman,0,1,1,0,1,1,0,0,Freshman,0,1,0,1,0,Woman,0,1,0,0,0,0,0,1,0,0,0,0,1,1,1,1,1,1,0,1,0,0,0,0,0,0,0,0,1,Computer Science,0,1,0,0,1,0,0,No,Yes,No,No,No
True,Maybe,No,No,Maybe,Yes,Yes,Woman,0,1,1,1,1,0,0,1,Sophomore,1,1,0,0,1,Woman,0,0,0,0,0,0,0,0,0,0,0,0,1,1,1,1,1,1,0,0,0,1,0,0,0,1,0,0,0,Computer Science,0,0,0,1,0,0,0,No,No,No,No,No
True,Yes,Maybe,Yes,No,Maybe,Yes,Man,1,0,1,1,1,1,1,0,Fifth year+,1,0,1,0,1,Man,1,0,0,0,1,1,1,0,0,0,1,0,1,1,1,1,1,1,0,0,0,1,0,1,0,0,0,0,0,Computer Science,0,0,0,1,0,0,0,No,Yes,Yes,Yes,No
True,No,No,No,No,Maybe,Yes,Woman,1,0,1,1,1,0,1,0,Junior,0,1,0,0,0,Woman,0,1,1,0,0,0,0,0,0,0,0,0,1,1,1,1,1,1,0,0,1,1,0,0,0,0,0,0,1,Computer Science,0,1,1,0,0,1,0,No,Yes,No,No,No
True,Yes,No,No,No,Yes,Yes,Woman,0,1,1,1,1,0,1,1,Sophomore,1,0,1,1,1,Woman,0,0,0,0,0,0,0,1,0,0,0,0,1,1,1,1,1,1,0,1,1,1,0,0,0,1,0,0,0,Computer Science,0,0,0,1,0,0,0,No,No,No,No,No
True,No,No,No,Maybe,Maybe,Yes,Woman,1,0,1,1,0,0,1,0,Senior,0,0,0,1,1,Woman,0,0,0,0,0,0,0,1,0,0,0,0,1,1,1,0,0,1,0,1,0,1,0,0,0,1,0,0,0,Computer Science,0,0,0,1,0,0,0,No,No,No,No,No
True,No,Maybe,No,Maybe,Yes,Yes,Woman,0,0,1,1,1,0,0,0,Freshman,0,0,1,0,0,Woman,0,0,0,0,0,0,0,0,0,0,0,0,1,1,1,1,1,1,0,0,0,1,0,0,0,1,0,0,0,Computer Science,0,0,0,1,0,0,0,No,No,No,No,No
True,Yes,Maybe,Yes,No,No,Yes,Woman,1,1,1,0,0,1,0,0,Junior,0,1,1,1,1,Woman,0,0,1,1,0,1,0,1,0,0,0,0,1,1,1,1,1,1,0,1,1,0,0,0,0,0,0,0,1,Computer Science,1,0,0,0,0,0,0,No,Yes,No,No,No
True,Yes,Yes,No,Maybe,No,Yes,Man,1,0,1,1,0,0,1,0,Junior,1,0,0,0,0,Man,0,0,0,0,0,0,0,0,0,0,0,0,1,1,1,1,0,1,0,0,0,1,0,0,0,0,0,0,1,Computer Science,0,0,0,1,0,0,0,No,Yes,No,No,No
True,No,No,No,Yes,Yes,Yes,Man,1,1,0,1,1,1,1,1,Sophomore,1,1,1,0,1,Man,0,0,0,0,0,0,0,0,0,0,0,0,0,0,0,0,0,0,0,0,1,0,0,0,1,0,0,0,1,Computer Science,0,0,0,1,0,0,0,No,No,No,No,No
True,No,Maybe,No,No,Maybe,Yes,Woman,1,1,1,1,0,0,1,0,Junior,0,1,1,0,0,Woman,1,1,0,0,0,0,1,1,0,0,0,0,1,1,1,1,1,1,0,1,1,1,0,0,0,1,0,0,0,Computer Science,0,0,0,1,0,0,0,No,No,No,No,No
True,Maybe,No,No,No,Maybe,Yes,Woman,1,0,1,0,0,1,0,1,Junior,0,0,1,1,1,Woman,0,1,0,0,0,0,0,1,0,0,0,0,1,1,1,1,0,1,0,1,1,1,0,0,0,1,0,0,0,Computer Science,0,0,0,1,0,0,0,No,No,No,Prefer not to say,No
True,No,No,No,Yes,Maybe,Yes,Man,1,0,1,1,1,0,1,0,Senior,1,1,1,1,1,Man,1,0,0,0,0,1,1,1,0,0,0,0,1,1,1,0,0,1,0,0,0,1,0,0,0,0,0,0,1,Computer Science,0,0,0,1,0,0,0,No,Yes,No,No,No
True,Yes,Maybe,No,Yes,Yes,Yes,Woman,0,1,1,1,1,1,1,0,Junior,0,0,0,1,0,Woman,0,1,0,0,0,0,0,1,0,0,0,0,1,1,1,1,1,1,0,1,1,0,0,0,0,1,0,0,0,Computer Science,0,1,0,0,0,0,0,No,Yes,No,No,No
True,No,No,No,Maybe,Maybe,Yes,Woman,1,1,1,1,1,0,1,0,Senior,1,1,1,0,1,Woman,0,0,0,0,0,0,0,1,0,0,0,0,1,1,1,1,0,1,0,1,1,1,0,0,0,0,0,0,1,Computer Science,0,0,0,1,0,0,0,No,No,No,No,No
True,Maybe,No,No,No,No,Maybe,Man,1,1,1,0,0,0,0,0,Freshman,1,0,0,0,1,Man,0,0,0,0,0,0,0,0,0,0,0,0,1,1,0,0,0,1,0,0,0,0,0,0,0,1,0,0,0,Computer Science,0,0,0,1,0,0,0,No,No,No,No,Yes
True,Maybe,Maybe,No,Yes,Yes,Yes,Woman,1,1,1,1,1,1,0,0,Sophomore,1,0,0,0,0,Woman,0,1,0,0,0,1,0,1,0,0,0,0,1,1,1,1,0,1,0,0,1,1,0,0,0,0,0,0,1,Computer Science,0,0,0,1,0,0,0,No,No,No,No,No
True,Maybe,No,No,Maybe,Yes,Yes,Woman,0,1,1,1,1,1,0,1,Sophomore,0,0,1,0,0,Woman,0,0,0,0,0,1,0,0,0,0,0,0,1,1,1,1,1,1,0,0,1,0,0,0,0,1,0,0,1,Computer Science,0,1,0,0,0,0,0,No,No,No,No,No
False,No,Yes,No,Maybe,No,Yes,Woman,0,1,1,1,1,1,1,1,Sophomore,1,0,1,0,1,Woman,0,0,0,0,0,0,0,0,0,0,0,0,1,1,1,1,1,1,0,0,1,0,0,0,0,0,0,0,1,Computer Science,0,1,0,0,0,0,0,No,Yes,No,No,No
True,Maybe,No,No,Yes,Maybe,Yes,Woman,1,1,1,1,1,0,0,0,Freshman,0,1,1,1,1,Woman,0,0,0,0,0,0,1,1,0,0,0,0,1,1,1,1,1,1,0,1,0,1,0,0,0,1,0,0,0,Computer Science,0,0,0,1,0,0,0,No,No,No,No,No
True,Yes,No,No,No,Maybe,Yes,Woman,0,1,1,1,0,1,1,0,Junior,1,1,1,1,1,Woman,0,1,0,0,0,0,0,1,0,0,0,0,1,1,1,1,0,1,0,0,0,1,0,0,0,1,0,0,0,Computer Science,0,0,0,1,0,0,0,No,No,No,No,No
False,No,No,No,Maybe,Yes,Yes,Woman,0,1,1,1,1,0,1,0,Sophomore,0,1,1,1,1,Woman,0,1,0,0,0,0,0,0,0,0,0,0,1,1,1,1,0,1,0,1,0,1,0,0,0,1,0,0,0,Computer Science,0,0,0,1,0,0,0,No,No,No,No,No
True,Yes,No,No,Maybe,Maybe,Yes,Man,1,0,1,1,1,0,0,0,Junior,0,0,1,0,1,Man,0,0,0,0,0,0,0,0,0,0,0,0,1,1,1,1,1,1,0,0,1,1,0,0,0,0,0,0,1,Computer Science,0,0,0,1,0,0,0,No,No,No,No,Yes
True,Yes,Yes,Yes,No,No,No,Man,0,1,1,1,1,0,1,0,Fifth year+,1,0,1,0,1,Man,0,0,0,0,0,0,0,0,0,0,0,0,1,1,1,1,0,0,0,0,0,1,0,0,0,1,0,0,0,Computer Science,0,1,0,0,0,0,0,No,No,No,No,No
False,No,No,Yes,No,Maybe,Yes,Woman,0,1,1,1,1,0,1,1,Sophomore,0,1,0,1,1,Woman,0,0,0,0,0,1,1,1,0,0,0,0,1,1,0,0,1,1,0,1,1,1,0,0,0,1,0,0,0,Computer Science,0,0,0,1,0,0,0,No,No,No,No,No
False,No,Yes,No,Maybe,Maybe,Yes,Man,1,0,1,1,1,0,1,0,Senior,0,0,1,0,1,Man,0,0,0,0,0,0,0,0,0,0,0,0,1,1,1,1,1,1,0,0,1,1,0,0,0,0,0,0,1,Computer Science,0,0,0,1,0,0,0,No,No,No,No,No
False,No,Yes,No,No,Yes,Yes,Man,1,0,1,1,0,1,1,1,Senior,1,0,0,0,1,Man,0,0,0,0,0,0,0,1,0,0,0,0,1,1,1,1,1,1,0,0,0,1,0,0,0,0,0,0,1,Computer Science,0,1,0,0,0,0,0,No,Yes,No,Yes,No
False,No,No,No,Maybe,Yes,Yes,Man,1,0,0,1,1,0,1,0,Senior,1,0,1,0,1,Man,0,0,0,0,0,0,0,0,0,0,0,0,1,1,1,1,1,1,0,0,0,0,0,0,0,0,0,0,1,Mathematics,0,0,0,1,0,0,0,No,No,No,No,No
False,Maybe,No,No,Maybe,Yes,Maybe,Man,1,0,1,1,1,0,0,0,Senior,0,0,1,0,1,Man,0,0,0,0,0,0,0,0,0,0,0,0,1,1,1,1,1,1,0,1,1,1,0,0,0,0,0,0,1,Computer Science,0,1,0,0,0,0,0,No,No,Prefer not to say,Yes,Yes
False,No,No,No,Yes,Yes,Yes,Woman,1,0,1,1,1,0,0,0,Sophomore,1,0,1,0,0,Woman,0,0,0,0,0,0,0,0,0,0,0,0,1,1,1,1,1,1,0,0,0,1,0,0,0,0,0,0,1,Undecided,0,0,0,1,0,0,0,No,No,No,No,No
False,No,No,No,Yes,Yes,Maybe,Man,1,0,1,1,1,0,1,0,Junior,0,0,0,0,1,Man,0,0,0,0,0,0,0,0,0,0,0,0,1,1,1,1,0,0,0,0,0,1,0,0,0,0,0,0,1,Statistics/DS,0,0,0,1,0,0,0,No,No,Yes,No,No
False,Maybe,No,No,Maybe,Yes,Yes,Man,1,0,1,1,1,0,0,0,Sophomore,1,0,1,0,1,Man,0,0,0,0,0,0,0,0,0,0,0,0,1,1,1,1,0,0,0,0,0,1,0,0,0,1,0,0,0,Computer Science,0,0,0,1,0,0,0,No,No,No,No,Yes
False,No,No,No,Yes,Yes,Yes,Man,1,0,0,1,0,0,1,0,Senior,1,0,0,0,0,Man,0,0,0,0,0,0,0,0,0,0,0,0,1,0,1,1,0,0,0,0,0,0,0,0,0,1,0,0,0,Computer Science,0,0,0,1,0,0,0,No,No,No,No,No
False,No,No,No,No,Yes,Yes,Woman,1,0,0,1,1,0,1,0,Junior,0,0,0,0,0,Woman,0,0,0,0,0,0,0,0,0,0,0,0,1,1,1,1,0,1,0,0,1,1,1,0,0,0,0,0,0,Computer Science,0,0,1,0,0,0,0,No,No,No,No,No
False,Yes,Yes,No,No,No,Yes,Man,0,1,1,1,0,0,1,0,Senior,1,1,1,0,1,Man,0,0,0,0,0,0,0,0,0,0,0,0,1,1,1,1,1,1,0,0,0,0,0,0,0,1,0,0,0,Computer Science,0,0,0,1,0,0,0,No,No,No,No,No
False,Yes,Yes,No,No,Maybe,Yes,Woman,0,1,1,0,0,1,0,0,Junior,0,1,0,1,0,Woman,0,0,0,0,1,0,0,0,0,0,0,0,1,1,1,0,1,1,0,1,1,1,0,1,0,0,0,0,1,Computer Science,1,0,0,0,0,0,0,No,No,Yes,Yes,No
False,Yes,Maybe,No,Maybe,Yes,Yes,Man,1,0,1,1,1,0,1,0,Sophomore,0,0,1,0,1,Man,0,0,0,0,0,0,0,0,0,0,0,0,1,1,1,1,0,1,0,0,1,1,0,0,0,1,0,0,0,Computer Science,0,0,0,1,0,0,0,No,No,No,No,No
False,Yes,No,No,Yes,Maybe,Yes,Man,0,0,1,1,1,0,1,0,Sophomore,0,0,1,0,0,Man,0,0,0,0,0,1,0,0,0,0,0,0,1,0,0,1,0,0,0,0,0,1,0,0,0,1,0,0,0,Engineering-based,0,0,0,1,0,0,0,No,No,No,No,No
False,Maybe,No,No,No,Maybe,Yes,Woman,1,0,1,1,1,0,0,0,Junior,0,1,1,1,0,Woman,0,0,0,0,0,1,0,1,0,0,0,0,1,1,1,1,1,1,0,1,1,1,0,0,0,1,0,0,0,Computer Science,0,0,0,1,0,0,0,No,No,No,No,No
False,Maybe,No,No,Maybe,Yes,Yes,Man,0,1,1,1,1,0,1,0,Sophomore,1,0,1,0,1,Man,0,0,0,0,0,0,0,0,0,0,0,0,1,1,1,1,1,1,0,0,1,1,0,0,0,0,0,0,1,Computer Science,0,0,0,1,0,0,0,No,No,No,No,No
False,No,No,No,Maybe,Maybe,Yes,Woman,0,1,0,0,0,1,0,0,Junior,0,0,0,1,0,Woman,0,0,0,0,0,0,0,0,0,0,0,0,1,1,0,1,0,1,0,0,0,1,0,0,0,0,0,0,1,Mathematics,0,0,0,1,0,0,0,No,No,No,No,No
False,Maybe,No,No,Maybe,Yes,Yes,Woman,1,0,1,1,1,0,0,0,Sophomore,0,1,1,0,1,Woman,0,1,0,0,0,0,0,1,0,0,0,0,1,1,1,0,0,0,0,1,1,1,0,0,0,1,0,0,0,Computer Science,0,0,0,1,0,0,0,No,No,No,Yes,Yes
False,Maybe,Yes,No,No,Maybe,Yes,Woman,0,1,1,1,0,0,0,0,Freshman,1,0,1,0,0,Woman,1,0,0,0,0,0,1,1,0,0,0,0,1,1,1,1,1,1,0,1,1,1,0,0,1,0,0,0,1,Computer Science,0,0,0,1,0,0,0,No,No,No,No,No
False,No,No,No,Yes,Yes,Yes,Woman,0,0,1,1,1,1,1,1,Senior,1,0,1,0,1,Woman,0,0,0,0,0,0,0,1,0,0,0,0,1,1,1,1,0,0,0,0,1,1,0,0,0,0,0,0,1,Computer Science,0,0,0,1,0,0,0,No,No,No,No,Yes
False,No,No,No,Maybe,Yes,Yes,Woman,1,0,1,1,1,0,0,1,Senior,1,0,1,0,0,Woman,0,1,0,0,0,0,0,1,0,0,0,0,0,1,0,0,0,0,0,0,1,0,0,0,0,0,0,0,1,Computer Science,0,0,0,1,0,0,0,No,No,No,No,No
False,Yes,No,No,No,No,Yes,Man,0,1,1,1,1,0,0,0,Sophomore,1,0,1,0,0,Man,0,0,0,0,0,0,0,0,0,0,0,0,1,1,1,1,1,1,0,1,1,0,0,0,0,1,0,0,0,Computer Science,0,0,0,1,0,0,0,No,No,No,No,No
False,Maybe,Maybe,No,No,No,Yes,Woman,0,1,1,1,1,0,0,0,Junior,0,1,1,1,0,Woman,0,0,0,0,0,0,0,1,0,0,0,0,1,1,1,1,0,1,0,1,1,0,0,0,0,1,0,0,0,Computer Science,0,0,0,1,0,0,0,No,No,No,No,No
False,Yes,No,No,Maybe,Maybe,Yes,Man,1,1,1,1,1,0,1,1,Junior,1,0,0,0,1,Man,0,0,0,0,0,0,0,0,0,0,0,0,1,1,1,1,1,1,0,0,0,1,0,0,0,1,0,0,0,Computer Science,0,0,0,1,0,0,0,No,No,No,No,No
False,Yes,No,No,Maybe,Maybe,Yes,Woman,1,0,0,1,1,1,1,0,Senior,0,0,1,0,0,Woman,0,0,0,0,0,0,1,1,0,0,0,0,1,1,1,0,0,1,0,1,1,1,0,1,0,0,0,0,1,Computer Science,0,0,0,1,0,0,0,No,No,No,No,No
False,No,Yes,No,Maybe,No,Maybe,Woman,0,1,1,1,0,0,0,0,Junior,0,0,1,0,1,Woman,0,0,0,0,0,0,0,0,0,0,0,0,1,1,0,0,0,0,0,0,0,0,0,0,0,1,0,0,0,Undecided,0,0,0,1,0,0,0,No,No,No,No,No
False,No,Yes,No,Maybe,Maybe,Yes,Woman,1,1,1,0,1,1,1,0,Senior,0,1,1,1,1,Woman,0,0,0,0,0,0,0,0,0,0,0,0,1,1,1,1,1,1,0,1,0,0,0,0,0,1,0,0,0,Computer Science,0,0,0,0,0,0,0,No,No,Prefer not to say,Prefer not to say,No
True,No,No,No,Maybe,Yes,Yes,Woman,1,0,1,1,1,0,0,1,Fifth year+,0,1,0,1,1,Woman,1,1,0,0,0,0,1,1,0,0,0,0,1,1,1,1,1,1,0,1,1,1,0,1,0,0,0,0,0,Computer Science,0,0,0,1,0,0,0,No,No,No,Prefer not to say,No
False,Yes,Yes,No,Yes,Yes,Maybe,Man,1,0,1,1,1,0,1,1,Junior,1,0,1,0,0,Man,0,0,0,0,0,0,0,0,0,0,0,0,1,1,1,1,1,1,0,0,0,1,0,0,0,0,0,0,1,Engineering-based,0,0,0,1,0,0,0,No,No,No,Yes,Yes
False,Maybe,No,No,No,Maybe,Yes,Woman,0,0,1,1,1,0,1,0,Junior,0,0,1,0,1,Woman,0,0,0,0,0,0,0,1,0,0,0,0,1,1,1,1,1,1,0,1,1,0,0,0,0,1,0,0,0,Computer Science,0,0,0,0,0,0,0,No,No,Prefer not to say,Prefer not to say,No
False,Maybe,Yes,No,Yes,Yes,Maybe,Man,0,1,1,1,1,1,1,1,Sophomore,0,0,1,0,0,Man,1,0,0,0,0,0,0,0,0,0,0,0,1,1,1,1,1,1,0,0,0,1,0,1,0,1,0,0,1,Engineering-based,0,0,0,1,0,0,0,No,No,No,No,No
False,No,Yes,No,Maybe,Maybe,Yes,Man,0,1,1,0,0,1,1,1,Sophomore,1,0,0,0,1,Man,0,0,0,0,0,0,0,0,0,0,0,0,1,1,1,1,1,1,0,0,0,1,0,0,0,0,0,0,1,Computer Science,0,0,0,0,1,0,0,No,No,Prefer not to say,Yes,No
False,No,Yes,No,Maybe,Yes,Yes,Woman,0,1,1,1,1,1,0,1,Junior,0,1,1,1,0,Woman,0,0,0,0,0,0,0,0,0,0,0,0,1,1,1,1,1,1,0,0,1,0,0,0,0,0,0,0,1,Computer Science,0,0,0,1,0,0,0,No,No,Yes,No,No
False,Maybe,No,No,Yes,Yes,Maybe,Man,1,0,1,1,1,0,1,0,Freshman,1,0,1,0,1,Man,0,0,0,0,0,0,1,1,0,0,0,0,1,1,1,1,0,1,0,0,0,1,0,0,0,0,0,0,1,Computer Science,0,0,0,1,0,0,0,No,No,No,No,No
True,Maybe,No,No,Yes,Yes,Yes,Man,1,0,1,1,1,0,0,0,Freshman,1,0,1,0,0,Man,0,0,0,0,0,0,0,0,0,0,0,0,1,1,1,1,0,0,0,0,0,1,0,1,0,0,0,0,1,Computer Science,0,0,0,1,0,0,0,No,No,Yes,Yes,No
False,Maybe,Maybe,No,Maybe,Yes,Yes,Man,0,0,1,1,1,0,0,0,Freshman,0,0,0,0,0,Man,0,0,0,0,0,0,0,0,0,0,0,0,1,1,1,1,0,1,0,0,0,1,0,0,0,0,0,0,1,Mathematics,0,0,0,1,0,0,0,No,No,No,No,No
False,Yes,No,No,No,Maybe,Yes,Woman,1,0,1,0,1,0,1,0,Sophomore,0,1,1,1,0,Woman,1,0,0,0,0,0,0,0,0,0,0,0,1,1,1,1,1,1,0,1,1,1,1,0,0,0,0,0,0,Computer Science,0,1,0,0,0,0,0,No,No,No,Yes,No
False,Yes,No,No,Maybe,Yes,Yes,Man,1,0,1,1,1,0,1,0,Senior,1,0,1,0,0,Man,0,0,0,0,0,0,0,0,0,0,0,0,1,1,1,1,1,1,0,0,0,1,0,0,0,0,0,0,1,Engineering-based,0,0,0,1,0,0,0,No,No,No,No,No
False,Yes,No,No,Yes,Maybe,Yes,Man,1,1,1,1,1,0,1,1,Sophomore,0,0,1,0,1,Man,0,0,0,0,0,0,0,0,0,0,0,0,1,1,1,1,1,1,0,0,0,1,0,0,0,1,0,0,0,Computer Science,0,0,0,1,0,0,0,No,No,Yes,Yes,No
False,Yes,Yes,No,No,Maybe,Yes,Woman,0,1,1,0,0,1,1,0,Freshman,0,1,1,0,1,Woman,0,1,0,0,0,0,0,0,0,0,0,0,1,1,0,1,1,0,0,0,0,1,0,0,0,1,0,0,0,Mathematics,0,0,0,1,0,0,0,No,No,No,No,No
True,Maybe,Maybe,No,Maybe,Maybe,Yes,Woman,0,1,1,1,1,0,0,0,Freshman,1,1,1,0,0,Woman,1,1,0,0,0,0,0,0,0,0,0,0,1,1,1,1,1,1,0,0,0,1,0,0,0,1,0,0,0,Computer Science,0,0,0,0,0,1,0,No,No,No,No,No
False,No,No,No,Maybe,Maybe,Yes,Woman,0,1,1,1,1,0,1,1,Junior,0,0,1,0,1,Woman,0,0,0,0,0,0,0,0,0,0,0,0,1,1,1,1,1,1,0,0,0,1,0,0,0,1,0,0,0,Computer Science,0,0,0,1,0,0,0,No,No,No,No,No
False,Maybe,No,No,Maybe,Maybe,Yes,Non-binary,0,0,1,1,1,1,1,0,Freshman,1,1,1,0,1,Other,0,1,1,0,0,0,0,1,1,0,0,0,1,1,1,1,1,1,0,1,1,0,0,0,0,1,0,0,0,Computer Science,0,1,0,0,1,1,0,No,No,No,No,No
False,No,No,No,Yes,Yes,Yes,Man,1,0,0,1,1,0,1,1,Junior,1,0,1,0,1,Man,0,0,0,0,0,0,0,0,0,0,0,0,1,1,1,1,0,0,0,0,0,1,0,0,0,0,0,0,1,Computer Science,0,0,0,1,0,0,0,No,No,No,No,No
False,Yes,No,No,Maybe,Yes,Maybe,Man,1,0,1,1,1,0,1,0,Sophomore,1,0,1,0,0,Man,0,0,0,0,0,0,0,0,0,0,0,0,1,1,1,1,0,1,0,0,0,1,0,0,0,0,0,0,1,Undecided,0,0,0,1,0,0,0,No,No,Yes,Yes,Yes
True,No,No,No,No,No,Yes,Man,0,1,1,0,0,1,0,0,Senior,0,1,0,1,0,Man,1,0,0,0,1,0,1,0,0,0,1,1,1,1,1,1,1,1,0,1,1,1,0,1,0,0,0,0,0,Computer Science,0,0,0,1,0,0,0,No,No,Yes,Yes,No
False,Yes,Yes,No,Maybe,Maybe,Yes,Man,0,1,1,1,0,0,0,0,Junior,1,1,1,1,0,Man,1,0,0,0,0,0,0,0,0,0,0,0,1,1,1,1,1,1,0,0,0,0,1,0,0,0,0,0,0,Engineering-based,0,0,0,1,0,0,0,No,No,Yes,Yes,No
True,Yes,Yes,No,No,Yes,Yes,Man,1,0,1,1,1,0,1,1,Senior,1,1,1,1,1,Man,0,0,0,0,0,0,0,0,0,0,0,0,1,1,1,1,1,1,0,1,1,1,0,0,0,1,0,0,0,Computer Science,0,0,0,1,0,0,0,No,No,No,No,No
True,No,Maybe,No,Maybe,Maybe,Yes,Woman,0,1,1,0,0,1,0,0,Senior,1,1,0,0,1,Woman,1,1,1,0,0,0,1,1,1,0,0,0,1,1,1,1,1,1,0,1,1,0,1,0,0,0,0,0,0,Computer Science,0,1,0,0,1,1,0,No,Yes,No,No,No
True,Yes,No,No,Yes,Yes,Yes,Woman,1,0,0,1,1,0,0,0,Sophomore,1,0,0,0,0,Woman,0,0,0,0,0,0,0,1,0,0,0,0,1,1,1,1,0,1,0,0,0,1,0,0,0,0,0,0,1,Computer Science,0,0,0,1,0,0,0,No,No,No,No,No
True,No,No,No,No,No,Yes,Woman,1,1,1,1,1,0,0,0,Junior,0,1,1,0,1,Woman,0,0,0,0,0,0,0,0,0,0,0,0,1,1,1,1,1,1,0,1,1,0,0,0,0,1,0,0,0,Computer Science,0,1,0,0,0,0,0,No,No,No,No,No
True,Yes,No,No,Maybe,Maybe,Yes,Man,1,0,1,1,1,0,1,1,Senior,1,1,1,0,1,Man,0,0,0,0,0,0,0,0,0,0,0,0,1,1,1,1,1,1,0,1,1,1,0,0,0,1,0,0,0,Computer Science,0,0,0,1,0,0,0,No,No,No,No,No
True,No,Yes,No,Yes,Maybe,Yes,Man,1,1,1,1,1,0,0,0,Sophomore,0,0,1,0,0,Man,0,0,0,0,0,0,0,0,0,0,0,0,1,1,1,1,1,1,0,0,1,1,0,0,0,0,0,0,1,Computer Science,0,0,0,1,0,0,0,No,No,No,No,No
True,Yes,No,No,Yes,Maybe,Yes,Man,1,0,1,1,1,0,1,1,Junior,0,0,1,1,1,Man,1,0,0,0,0,1,1,1,0,0,0,0,1,1,1,1,0,1,0,0,1,1,0,0,0,1,0,0,1,Computer Science,0,0,0,1,0,0,0,No,No,No,No,No
True,Maybe,No,No,Maybe,Yes,Yes,Woman,0,1,1,1,1,0,0,0,Senior,0,1,1,0,1,Woman,0,0,0,0,0,0,0,1,0,0,0,0,1,1,1,1,1,1,0,0,1,1,0,0,0,1,0,0,0,Computer Science,0,0,0,1,0,0,0,No,No,No,No,No
False,Maybe,Yes,No,No,No,Yes,Man,0,1,1,0,0,1,0,0,Junior,0,1,0,1,1,Man,0,0,0,0,0,0,0,0,0,0,0,0,1,1,1,1,1,1,0,0,1,0,0,0,0,0,0,0,1,Computer Science,0,0,1,0,0,0,0,No,No,No,No,No
True,Maybe,No,No,Maybe,Maybe,Yes,Man,0,1,1,1,1,0,1,1,Junior,1,0,1,0,1,Man,0,0,0,0,0,0,0,0,0,0,0,0,1,1,1,1,1,1,0,1,0,1,0,0,0,1,0,0,0,Computer Science,0,0,0,1,0,0,0,No,No,No,No,No
False,Yes,No,No,No,Yes,Yes,Man,1,0,1,1,1,0,1,1,Junior,1,0,1,0,1,Man,0,0,0,0,0,0,0,0,0,0,0,0,1,1,1,1,1,1,0,0,1,1,0,0,0,1,0,0,0,Mathematics,0,0,0,1,0,0,0,No,No,No,No,No
True,Yes,No,No,Maybe,Yes,Yes,Woman,0,0,1,1,1,0,1,0,Senior,0,1,0,0,1,Woman,1,0,0,0,0,1,1,1,0,0,0,0,1,1,1,1,1,1,0,0,0,0,0,1,0,0,0,0,0,Computer Science,0,0,0,1,0,0,0,No,No,No,No,Yes
False,No,No,No,Maybe,Yes,Yes,Woman,1,1,1,1,1,0,0,0,Junior,0,1,1,1,1,Woman,0,0,0,0,0,0,0,0,0,0,0,0,1,1,1,1,1,1,0,0,1,1,1,0,0,0,0,0,1,Mathematics,0,0,0,1,0,0,0,No,No,No,No,No
True,No,Yes,No,Maybe,Maybe,Yes,Woman,1,0,1,0,0,1,0,0,Junior,0,1,1,0,1,Woman,0,0,0,0,0,0,0,1,0,0,0,0,1,1,1,1,1,1,0,1,1,0,0,0,0,0,0,0,1,Computer Science,0,0,0,1,0,0,0,No,No,No,No,No
True,Yes,Yes,Yes,No,No,Yes,Woman,0,0,1,0,0,1,0,0,Senior,0,1,0,1,1,Woman,1,1,0,0,1,1,1,1,0,0,1,1,1,1,1,1,1,1,0,1,1,0,0,1,0,0,0,0,0,Computer Science,0,0,0,1,0,0,0,No,No,Yes,Yes,No
False,Maybe,No,No,Maybe,Yes,Yes,Man,1,0,1,1,1,0,1,1,Junior,0,0,1,0,1,Man,0,0,0,0,0,0,0,0,0,0,0,0,1,1,1,1,1,1,0,0,0,1,0,1,0,0,0,0,1,Computer Science,0,0,0,1,0,0,0,No,No,No,Yes,No
False,Yes,No,No,No,Yes,Yes,Woman,0,0,1,1,1,0,0,0,Freshman,0,0,1,1,0,Woman,0,0,0,0,0,0,0,0,0,0,0,0,1,1,1,1,0,1,0,1,1,0,0,0,0,1,0,0,0,Mathematics,0,0,0,1,0,0,0,No,No,No,No,No
True,No,Yes,No,Maybe,No,Yes,Woman,0,0,1,1,0,0,0,0,Senior,0,0,1,0,1,Woman,0,0,0,0,0,0,1,1,0,0,0,0,0,0,0,1,1,1,0,1,1,0,0,0,0,0,0,0,1,Computer Science,0,0,0,1,0,0,0,No,No,No,No,No
True,Maybe,Yes,No,No,No,Yes,Woman,0,1,1,1,1,0,0,0,Senior,0,1,0,1,0,Woman,0,0,0,0,0,0,0,0,0,0,0,0,1,1,1,1,1,1,0,1,1,1,0,0,0,1,0,0,1,Computer Science,1,0,0,0,1,1,0,No,No,No,No,No
False,Yes,Yes,No,Yes,Yes,Maybe,Man,1,0,1,1,1,0,1,0,Freshman,1,0,1,0,1,Man,0,0,0,0,0,0,0,0,0,0,0,0,1,1,1,1,1,1,0,1,0,1,0,0,0,0,0,0,1,Computer Science,0,0,0,1,0,0,0,No,Yes,No,No,No
True,No,No,No,Yes,Maybe,Yes,Woman,0,1,1,1,0,0,0,0,Senior,0,1,1,0,1,Woman,0,0,0,0,0,0,0,1,0,0,0,0,1,1,0,0,0,0,0,0,0,1,0,0,0,0,0,0,1,Computer Science,0,0,0,1,0,0,0,No,No,No,No,No
True,No,Maybe,No,Maybe,Maybe,Yes,Woman,0,0,1,0,0,0,0,1,Senior,0,0,1,0,1,Woman,0,0,0,0,0,1,0,0,0,0,0,0,1,1,1,1,0,0,0,0,0,1,0,0,0,0,0,0,1,Computer Science,0,0,0,1,0,0,0,No,No,No,No,Yes
True,No,Yes,No,Yes,Maybe,Maybe,Man,0,0,1,1,1,0,1,0,Senior,1,0,1,0,1,Man,0,0,0,0,0,0,0,0,0,0,0,0,1,1,1,1,1,1,0,0,0,1,0,0,0,0,0,0,1,Computer Science,0,0,0,1,0,0,0,No,No,No,No,No
False,No,Yes,No,Maybe,Maybe,Yes,Woman,0,1,1,1,0,1,0,0,Sophomore,0,1,0,1,1,Woman,0,0,0,0,0,0,0,0,1,0,0,0,1,1,1,1,1,1,0,1,1,0,0,0,0,1,0,0,0,Computer Science,0,0,0,1,0,0,0,No,No,No,No,No
True,No,Maybe,No,Maybe,Maybe,Yes,Man,0,0,1,1,0,0,1,1,Senior,0,0,1,0,1,Man,1,0,0,0,0,0,1,0,0,0,0,0,1,1,1,1,1,1,0,0,0,1,1,1,0,0,0,0,0,Computer Science,0,0,0,1,0,0,0,No,No,No,Yes,No
False,Maybe,No,No,Yes,Yes,Yes,Woman,0,1,1,0,0,1,0,1,Sophomore,1,0,1,0,0,Woman,0,0,0,0,0,0,0,0,0,0,0,0,1,1,1,1,0,1,0,1,1,1,0,0,0,0,0,0,1,Life Sciences,0,0,0,1,0,0,0,No,No,No,No,Yes
False,Yes,Maybe,No,No,Maybe,Yes,Woman,1,1,1,1,1,1,1,0,Senior,0,1,1,1,0,Woman,0,1,0,0,0,0,0,1,0,0,0,0,1,1,1,1,1,1,0,1,1,0,0,0,0,1,0,0,0,Computer Science,0,0,0,1,0,0,0,No,No,No,No,No
True,Yes,No,No,No,Maybe,Yes,Woman,1,0,1,1,1,0,0,1,Junior,1,0,1,0,1,Woman,0,0,0,0,0,0,0,1,0,0,0,0,1,1,1,1,0,0,0,0,1,1,0,1,0,0,0,0,1,Computer Science,0,0,0,1,0,0,0,No,No,No,No,No
True,No,No,No,Maybe,Maybe,Yes,Man,1,0,1,1,1,0,1,1,Junior,1,0,1,0,1,Man,0,0,0,0,0,0,0,0,0,0,0,0,1,1,1,1,1,1,0,0,0,1,0,0,0,1,0,0,0,Computer Science,0,1,0,0,0,0,0,No,No,No,No,No
True,No,Yes,Yes,Yes,No,No,Man,0,1,1,0,0,0,0,1,Senior,0,0,0,0,1,Man,0,0,0,0,0,0,0,0,0,0,0,0,1,1,1,1,1,1,0,0,1,0,0,0,0,0,0,0,1,Computer Science,0,0,0,1,0,0,0,No,Yes,No,No,No
True,Yes,Yes,No,No,Maybe,No,Man,0,0,1,1,1,0,0,0,Junior,0,0,1,1,1,Man,1,0,0,0,0,0,0,0,0,0,0,0,1,1,1,1,0,1,0,1,0,1,0,0,0,1,0,0,0,Computer Science,0,0,0,1,0,0,0,No,No,No,No,No
True,Yes,Yes,Maybe,No,No,Yes,Woman,0,1,1,0,0,1,0,0,Sophomore,0,1,0,1,0,Woman,1,1,0,1,0,1,1,1,0,1,0,1,1,1,1,1,1,1,0,1,1,0,1,1,0,0,0,0,0,Computer Science,0,0,0,1,0,0,0,No,Yes,No,No,No
False,Yes,No,Maybe,No,Maybe,Yes,Man,0,1,1,1,1,1,1,0,Senior,0,1,0,1,0,Man,0,0,0,0,0,0,0,0,0,0,0,0,1,1,1,1,1,1,0,1,1,0,1,0,0,0,0,0,0,Computer Science,0,0,0,1,0,0,0,No,No,No,No,No
False,Yes,Yes,No,No,Yes,Yes,Man,1,0,0,1,1,0,1,0,Senior,1,1,1,0,1,Man,0,0,0,0,0,0,0,0,0,0,0,0,1,1,0,1,1,1,0,0,0,1,0,0,0,0,0,0,0,Computer Science,0,0,0,1,0,0,0,No,No,No,No,No
False,Maybe,No,No,No,Maybe,Yes,Woman,1,1,1,1,1,0,1,0,Senior,0,0,1,0,1,Woman,0,0,0,0,0,0,0,1,0,0,0,0,1,1,1,1,1,1,0,1,1,1,0,0,0,1,0,0,1,Computer Science,0,0,0,1,0,0,0,No,No,No,No,No
True,No,No,No,No,Maybe,Yes,Woman,1,1,1,1,1,1,0,0,Senior,0,0,0,1,1,Woman,0,0,0,0,0,0,1,1,0,0,0,0,1,1,1,1,0,1,0,1,1,1,0,0,0,1,0,0,0,Computer Science,0,0,0,1,0,0,0,No,No,No,No,No
True,No,Maybe,Yes,No,No,Yes,Woman,0,1,1,1,0,0,0,0,Sophomore,0,0,0,0,1,Woman,0,1,0,0,0,0,0,0,0,0,0,0,1,1,0,1,0,1,0,0,1,1,0,0,0,0,0,0,1,Computer Science,0,0,0,1,0,0,0,No,No,No,No,No
True,Yes,Maybe,No,Yes,Maybe,Yes,Man,1,1,1,1,1,0,1,1,Sophomore,1,0,1,0,1,Man,0,0,0,0,0,0,0,0,0,0,0,0,1,1,1,1,1,1,0,0,0,1,0,0,0,1,0,0,0,Computer Science,0,0,0,1,0,0,0,No,No,No,No,No
True,Yes,No,No,No,No,Yes,Woman,0,1,0,1,0,0,0,0,Senior,1,0,1,0,1,Woman,0,0,0,0,0,0,0,1,0,0,0,0,1,1,1,1,1,1,0,0,1,1,0,0,0,1,0,0,0,Computer Science,0,0,0,1,0,0,0,No,No,No,No,No
True,No,Maybe,No,Maybe,Yes,Yes,Woman,0,1,1,1,1,1,0,1,Freshman,0,0,1,0,0,Woman,0,0,0,0,0,0,0,1,0,0,0,0,1,1,1,1,1,1,0,1,1,1,0,0,0,1,0,0,0,Computer Science,0,0,0,0,0,1,0,No,Prefer not to say,No,No,No
False,Yes,No,No,Maybe,Yes,Yes,Man,1,0,1,1,1,0,1,1,Sophomore,1,0,1,0,0,Man,0,0,0,0,0,0,0,0,0,0,0,0,1,1,1,1,0,0,0,0,0,1,0,0,0,0,0,0,1,Mathematics,0,0,0,0,0,0,0,No,No,No,No,No
True,No,Maybe,No,Yes,Yes,Maybe,Man,1,0,0,1,1,1,0,0,Freshman,0,0,1,0,0,Man,0,0,0,0,0,1,0,0,0,0,0,0,1,1,0,0,0,1,0,0,0,1,0,0,1,0,0,0,1,Computer Science,0,0,0,1,0,0,0,No,No,No,No,No
True,Maybe,Yes,No,No,No,Yes,Woman,0,1,1,1,1,0,0,0,Sophomore,0,1,0,1,1,Woman,0,0,0,0,0,0,0,1,0,0,0,0,1,1,1,1,0,1,0,1,1,0,0,0,0,1,0,0,0,Computer Science,0,0,0,1,0,0,0,No,No,No,No,No
True,No,No,No,Yes,Maybe,Yes,Woman,0,1,1,1,1,1,1,1,Sophomore,0,0,1,0,1,Woman,1,0,0,0,0,0,0,0,0,0,0,0,1,1,1,1,1,1,0,0,0,1,1,0,0,0,0,0,1,Computer Science,0,0,0,1,0,0,0,No,No,No,No,No
True,Yes,Yes,No,Yes,Yes,Yes,Man,1,0,1,1,1,1,1,1,Sophomore,1,1,1,1,1,Man,1,0,0,0,0,0,1,0,0,0,0,0,1,1,1,1,1,1,0,1,1,1,0,0,0,1,0,0,0,Computer Science,0,0,0,1,0,0,0,No,No,No,No,No
False,Yes,Yes,No,Yes,Yes,Maybe,Woman,0,1,1,1,1,0,1,1,Freshman,1,0,1,0,0,Woman,0,0,0,0,0,0,0,0,0,0,0,0,0,0,0,1,0,0,0,0,0,1,0,0,0,0,0,0,1,Undecided,0,0,0,1,0,0,0,No,No,No,No,No
False,Yes,No,No,No,No,Yes,Man,1,1,1,1,1,1,1,1,Senior,0,0,1,0,1,Man,0,0,0,0,0,0,0,0,0,0,0,0,1,1,1,1,1,1,0,0,0,1,0,0,0,1,0,0,0,Computer Science,0,0,0,1,0,0,0,No,No,No,No,No
False,Yes,No,No,Maybe,Maybe,Yes,Woman,0,1,1,1,1,0,1,1,Sophomore,0,1,0,1,0,Woman,0,0,0,0,0,0,0,0,0,0,0,0,1,1,1,1,1,1,0,0,1,1,0,0,0,0,0,0,1,Undecided,0,0,0,1,0,0,0,No,No,No,No,No
True,Maybe,Yes,Maybe,No,No,Yes,Man,0,1,1,0,0,1,0,0,Junior,0,0,0,0,0,Man,0,0,0,0,0,1,0,0,0,0,0,0,1,1,1,1,1,1,0,1,1,0,0,0,0,1,0,0,0,Computer Science,0,0,0,1,0,0,0,No,No,No,No,Yes
True,Maybe,Yes,No,Maybe,Yes,Yes,Woman,1,1,1,1,1,0,1,1,Freshman,1,0,1,0,1,Woman,0,1,0,0,0,0,0,1,0,0,0,0,1,1,1,1,1,1,0,1,1,1,0,0,0,1,0,0,0,Computer Science,0,1,0,0,0,0,0,No,No,Yes,No,No
True,Maybe,Yes,No,Maybe,Yes,Yes,Woman,1,1,1,1,1,0,1,1,Freshman,1,0,1,0,1,Woman,0,1,0,0,0,0,0,1,0,0,0,0,1,1,1,1,1,1,0,1,1,1,0,0,0,1,0,0,0,Computer Science,0,1,0,0,0,0,0,No,No,Yes,No,No
False,No,Yes,No,Maybe,No,Yes,Woman,0,1,1,0,0,0,0,0,Senior,0,0,0,0,0,Woman,0,0,0,0,0,0,0,0,0,0,0,0,1,1,1,1,1,1,0,1,1,0,1,0,0,0,0,0,0,Computer Science,0,0,0,0,0,0,0,No,No,Yes,Yes,No
True,No,Maybe,No,Yes,No,Yes,Woman,0,1,1,1,1,0,0,0,Junior,1,0,1,0,1,Woman,0,1,0,0,0,0,1,0,1,1,0,1,1,1,1,1,1,1,0,1,0,0,0,0,0,0,0,0,1,Computer Science,0,0,0,1,0,0,0,No,No,No,No,No
False,Maybe,No,No,Maybe,No,Yes,Man,1,0,0,1,1,0,1,0,Senior,1,0,1,0,1,Man,0,0,0,0,0,0,0,0,0,0,0,0,1,1,1,1,1,1,0,0,0,1,0,0,0,0,0,0,1,Computer Science,0,0,0,1,0,0,0,No,No,No,No,No
False,No,Maybe,No,Maybe,Maybe,Yes,Woman,0,1,1,1,1,1,1,0,Freshman,0,1,1,0,0,Woman,1,1,0,0,0,0,1,1,0,0,0,0,1,1,1,1,1,1,0,1,1,0,0,0,0,0,0,0,1,Computer Science,0,0,1,0,0,0,0,No,No,No,No,No
False,Maybe,Maybe,No,No,No,Yes,Woman,0,1,1,1,0,1,1,0,Senior,0,1,1,1,0,Woman,0,0,0,0,0,0,0,1,0,0,0,0,1,1,1,1,0,0,0,1,1,0,0,0,0,1,0,0,0,Computer Science,0,0,0,1,0,0,0,No,No,Yes,Yes,No
True,Yes,No,No,No,Yes,Yes,Woman,1,0,1,1,1,1,1,1,Junior,0,1,1,1,0,Woman,0,1,0,0,0,0,0,1,0,0,0,0,1,1,1,1,1,1,0,1,1,1,0,0,0,1,0,0,1,Computer Science,0,1,0,0,0,0,0,No,No,No,No,No
True,Yes,No,No,Maybe,Yes,Yes,Man,1,0,1,1,1,0,1,0,Senior,1,1,1,0,0,Man,0,0,0,0,0,0,0,0,0,0,0,0,1,1,1,1,0,1,0,1,0,1,0,0,0,1,0,0,0,Computer Science,0,0,0,1,0,0,0,No,No,No,No,No
False,Yes,Yes,No,Yes,Yes,Yes,Woman,0,1,1,1,1,0,0,0,Sophomore,1,0,1,0,1,Woman,0,0,0,0,0,0,0,0,0,0,0,0,1,0,1,0,0,0,0,0,0,1,0,0,0,0,0,0,1,Undecided,0,0,0,1,0,0,0,No,No,No,No,No
True,No,Yes,No,Maybe,No,Yes,Man,1,0,1,0,0,0,1,0,Junior,1,0,1,0,1,Man,0,0,0,0,0,0,0,0,0,0,0,0,1,1,0,1,0,1,0,0,1,1,0,0,0,0,0,0,1,Computer Science,0,0,0,1,0,0,0,No,No,No,No,Yes
False,Maybe,No,No,Yes,Yes,Maybe,Man,1,0,1,1,1,0,1,0,Freshman,1,0,1,0,1,Man,0,0,0,0,0,0,0,0,0,0,0,0,1,1,1,1,0,1,0,0,0,1,0,0,0,0,0,0,1,Engineering-based,0,0,0,1,0,0,0,No,No,No,No,No
False,Yes,No,No,Maybe,Maybe,Yes,Woman,0,0,1,1,0,0,1,1,Senior,0,1,1,0,1,Woman,0,0,0,0,0,0,0,1,0,0,0,0,1,1,1,1,0,1,0,1,0,1,0,0,0,1,0,0,0,Computer Science,0,0,0,1,0,0,0,No,No,No,No,Yes
False,Yes,Yes,No,Yes,Maybe,Maybe,Man,0,1,1,1,1,0,1,0,Freshman,0,0,1,0,0,Man,0,0,0,0,0,0,0,0,0,0,0,0,1,1,1,1,1,1,0,0,0,1,0,0,0,1,0,0,1,Physical Sciences,0,0,0,1,0,0,0,No,No,No,No,No
True,Yes,No,No,Yes,Yes,No,Prefer not to say,1,0,1,1,1,0,0,1,Freshman,1,1,1,1,1,Other,0,0,0,0,0,0,0,0,0,0,0,0,0,0,0,0,0,0,0,0,0,1,0,0,0,1,0,0,0,Undecided,0,0,0,0,0,0,0,Prefer not to say,No,No,Yes,No
True,No,No,No,No,Maybe,No,Man,1,0,1,1,0,0,1,1,Junior,0,0,0,0,0,Man,1,0,0,0,0,0,0,0,0,0,0,0,1,0,0,0,0,0,0,0,0,1,0,0,0,1,0,0,0,Computer Science,0,0,0,1,0,0,0,No,No,Yes,No,Yes
True,Yes,No,No,Yes,Yes,Yes,Woman,1,1,1,1,1,0,0,0,Junior,0,1,0,1,1,Woman,0,0,0,0,0,0,0,1,0,0,0,0,1,1,1,1,1,1,0,1,1,0,0,0,0,1,0,0,0,Computer Science,0,0,0,1,0,0,0,No,No,No,No,No
True,No,Yes,No,Yes,Maybe,Yes,Man,0,1,1,0,0,1,0,0,Senior,0,1,1,0,1,Man,1,0,0,0,1,1,1,0,0,0,0,1,0,1,1,0,0,0,0,0,0,0,0,0,0,0,0,0,1,Computer Science,0,0,0,1,0,0,0,No,No,No,Yes,No
True,No,Maybe,No,Maybe,No,Yes,Man,1,0,1,1,1,0,1,1,Senior,0,0,0,0,1,Man,0,0,0,0,0,0,0,0,0,0,0,0,1,1,1,1,1,1,0,0,0,1,0,0,0,0,0,0,1,Computer Science,0,0,0,1,0,0,0,No,No,No,No,No
True,No,Yes,Maybe,Maybe,Maybe,Yes,Woman,0,1,1,1,1,1,0,0,Senior,0,1,0,1,1,Woman,0,1,0,0,1,0,0,1,0,0,1,0,1,1,1,1,1,1,0,1,1,0,0,0,1,0,0,0,0,Computer Science,0,1,0,0,0,0,0,No,Prefer not to say,Yes,Yes,No
True,No,Maybe,No,Maybe,Maybe,Yes,Woman,0,1,1,1,1,1,1,0,Freshman,0,1,1,0,1,Woman,0,0,0,0,0,0,0,1,0,0,0,0,1,1,1,1,0,1,0,0,1,0,0,0,0,0,0,0,1,Computer Science,0,0,0,1,0,0,0,No,No,No,No,No
True,Maybe,Yes,No,Yes,No,No,Man,1,1,1,1,1,1,0,0,Junior,1,0,1,0,0,Man,0,0,0,0,0,0,0,0,0,0,0,0,1,0,0,1,0,1,0,1,1,1,0,0,0,1,0,0,0,Computer Science,0,0,0,1,0,0,0,No,No,No,No,No
True,Maybe,No,No,Yes,Maybe,Yes,Woman,1,0,1,1,1,1,0,0,Junior,0,1,1,0,1,Woman,0,0,0,0,0,0,0,1,0,0,0,0,1,1,1,1,1,1,0,0,1,1,0,0,1,0,0,0,1,Computer Science,0,1,0,0,0,0,0,No,No,No,Yes,No
True,Yes,No,No,Yes,Maybe,Yes,Man,1,0,1,1,1,1,1,1,Sophomore,1,0,1,0,1,Man,0,0,0,0,0,0,1,0,0,0,0,0,1,1,0,1,0,0,0,0,1,1,0,0,0,1,0,0,0,Computer Science,0,0,0,1,0,0,0,No,No,No,No,No
False,Maybe,Yes,No,Maybe,Yes,Yes,Woman,0,0,1,1,1,0,0,1,Senior,0,0,1,0,0,Woman,0,0,0,0,0,0,0,0,0,0,0,0,1,1,1,1,0,1,0,0,1,1,0,0,0,0,0,0,1,Computer Science,0,0,0,1,0,0,0,No,No,No,No,No
False,Maybe,Maybe,No,Yes,Maybe,Yes,Man,0,0,1,1,1,0,1,0,Junior,0,0,1,0,0,Man,0,0,0,0,0,0,0,0,0,0,0,0,1,1,1,1,1,1,0,0,0,1,0,0,0,0,0,0,1,Life Sciences,0,0,0,1,0,0,0,No,No,No,No,No
False,Yes,Maybe,No,Maybe,Yes,Yes,Man,1,1,1,1,1,0,1,1,Sophomore,0,1,1,0,1,Man,0,0,0,0,0,0,0,0,0,0,0,0,1,1,1,1,1,1,0,0,1,0,0,0,0,0,0,0,1,Computer Science,0,0,1,0,0,0,0,No,No,No,No,No
False,Yes,No,No,Yes,Yes,Yes,Man,0,1,1,1,1,0,0,0,Junior,0,1,1,0,1,Man,0,0,0,0,0,1,1,0,0,0,0,1,1,1,1,1,0,0,0,0,0,1,0,0,0,0,0,0,1,Life Sciences,0,0,1,0,0,0,0,No,No,No,No,No
False,Maybe,No,No,Maybe,Maybe,Yes,Man,0,1,1,1,1,0,1,1,Sophomore,1,0,0,0,0,Man,0,0,0,0,0,0,0,0,0,0,0,0,1,1,1,1,1,1,0,0,0,1,0,0,0,1,0,0,0,Computer Science,0,0,0,0,0,0,0,No,No,No,No,No
False,Yes,No,No,Maybe,Yes,Yes,Woman,1,1,1,1,0,0,1,0,Junior,0,0,0,0,0,Woman,0,0,0,0,0,0,0,0,0,0,0,0,1,1,1,1,1,1,0,1,0,0,0,0,0,1,0,0,0,Computer Science,1,0,0,0,0,1,0,No,No,No,No,No
False,Yes,No,No,Yes,Yes,Yes,Man,0,0,1,1,1,0,1,1,Senior,1,1,1,0,1,Man,0,0,0,0,0,0,0,0,0,0,0,0,1,1,1,1,1,1,0,0,1,1,0,0,0,1,0,0,0,Engineering-based,0,0,0,1,0,0,0,No,No,No,No,Yes
False,No,Maybe,No,Maybe,Maybe,Yes,Man,1,1,1,1,0,0,1,1,Senior,0,0,1,0,1,Man,0,0,0,0,0,0,0,0,0,0,0,0,1,1,1,1,1,1,0,0,0,1,0,0,0,0,0,0,1,Computer Science,0,0,0,1,0,0,0,No,No,No,No,No
False,No,Maybe,No,Maybe,Maybe,Yes,Man,1,1,1,1,0,0,1,1,Senior,0,0,1,0,1,Man,0,0,0,0,0,0,0,0,0,0,0,0,1,1,1,1,1,1,0,0,0,1,0,0,0,0,0,0,1,Computer Science,0,0,0,1,0,0,0,No,No,No,No,No
True,Yes,No,No,Yes,Yes,Yes,Woman,1,1,1,1,1,0,1,0,Sophomore,1,0,1,0,1,Woman,0,0,0,0,0,0,0,0,0,0,0,0,1,1,1,1,0,1,0,1,1,1,0,0,0,0,0,0,1,Computer Science,0,0,0,1,0,0,0,No,No,No,No,No
False,Yes,Yes,Yes,No,No,Yes,Non-binary,1,0,0,0,1,1,1,1,Graduate Student,1,0,0,0,0,Other,0,0,0,0,0,0,0,0,0,0,0,0,1,1,1,1,1,1,0,1,1,0,0,0,0,0,0,0,1,Computer Science,0,1,0,0,0,1,0,Prefer not to say,No,No,No,No
False,Yes,No,No,Maybe,Maybe,Yes,Woman,1,0,1,1,1,1,1,0,Senior,0,1,1,0,1,Woman,0,1,0,0,1,1,0,0,0,0,0,0,0,1,0,0,0,0,0,1,1,0,0,0,0,1,0,0,0,Engineering-based,0,0,0,1,0,0,0,No,No,Yes,Yes,No
False,Maybe,No,No,Yes,Yes,Yes,Man,1,0,1,1,1,0,1,1,Freshman,0,0,1,0,1,Man,0,0,0,0,0,0,0,0,0,0,0,0,1,1,1,1,1,1,0,0,0,1,0,0,0,0,0,0,1,Computer Science,0,0,0,0,0,1,0,No,No,Yes,Yes,No
False,No,Maybe,No,Yes,Yes,Yes,Man,1,0,1,1,1,0,1,1,Freshman,1,0,1,0,0,Man,0,0,0,0,0,0,0,0,0,0,0,0,1,1,1,1,0,1,0,0,0,1,0,0,0,0,0,0,1,Computer Science,0,0,0,0,0,0,0,No,No,No,No,No
False,Yes,No,Maybe,No,Maybe,Yes,Woman,0,1,1,1,1,0,1,1,Sophomore,1,0,0,0,1,Woman,0,1,0,0,0,0,0,1,0,0,0,0,1,1,1,1,1,1,0,0,1,1,0,0,0,0,0,0,1,Engineering-based,0,0,0,1,0,0,0,No,No,No,No,No
False,Maybe,Yes,No,No,Maybe,Yes,Woman,0,1,1,1,1,1,1,1,Graduate Student,0,1,0,1,1,Woman,0,0,0,0,0,0,0,0,0,0,0,0,1,1,1,1,1,1,0,0,1,1,0,0,0,0,0,0,1,Computer Science,1,0,0,0,0,1,0,No,No,No,No,No
True,No,Maybe,No,No,Yes,Yes,Woman,0,0,1,1,1,0,0,0,Sophomore,1,0,1,0,1,Woman,0,0,0,0,0,0,0,0,0,0,0,0,1,1,0,0,0,0,0,0,0,1,0,0,0,1,0,0,0,Computer Science,0,0,0,1,0,0,0,No,No,No,No,Yes
True,No,Yes,No,No,No,Yes,Man,1,0,1,1,1,0,1,1,Senior,1,0,1,1,1,Man,0,0,0,0,0,0,0,0,0,0,0,0,1,1,1,1,1,1,0,0,0,0,0,0,0,1,0,0,0,Computer Science,0,0,0,1,0,0,0,No,No,No,No,No
False,No,No,No,Maybe,Yes,Yes,Man,1,0,1,1,1,0,1,1,Sophomore,0,0,1,0,1,Man,0,0,0,0,0,0,0,0,0,0,0,0,1,1,1,1,1,1,0,0,0,1,0,0,0,0,0,0,1,Computer Science,0,0,0,1,0,0,0,No,No,Yes,No,No
True,Yes,No,No,Maybe,Yes,Yes,Woman,1,0,1,1,1,0,1,1,Freshman,0,1,0,0,1,Woman,1,0,0,0,0,1,1,0,0,0,0,1,1,1,1,1,1,1,0,1,0,0,1,1,0,0,0,0,1,Computer Science,0,1,0,0,0,0,0,No,No,No,No,No
True,No,No,No,No,No,Yes,Woman,1,1,1,1,1,1,1,0,Fifth year+,1,0,1,0,1,Woman,0,0,0,0,0,0,0,0,0,0,0,0,1,1,1,1,1,1,0,1,1,1,0,0,0,0,0,0,1,Computer Science,0,0,0,1,0,0,0,No,Yes,No,No,No
True,Yes,No,No,Yes,Yes,Yes,Woman,1,0,1,1,1,0,1,1,Junior,1,1,1,0,1,Woman,0,0,0,0,0,0,0,1,0,0,0,0,1,1,1,1,1,1,0,1,1,0,0,0,0,0,0,0,1,Computer Science,0,0,0,1,0,0,0,No,No,No,No,No
True,Yes,No,No,Yes,Maybe,Maybe,Man,1,0,1,1,1,0,1,0,Junior,1,0,1,0,1,Man,1,0,0,0,0,1,0,0,0,0,0,0,1,1,1,1,0,1,0,0,0,1,0,0,0,0,0,0,1,Computer Science,0,0,0,1,0,0,0,No,No,No,No,No
False,Maybe,No,No,Yes,Yes,Yes,Man,1,0,1,1,1,0,1,0,Freshman,1,0,1,0,1,Man,0,0,0,0,0,0,0,0,0,0,0,0,1,1,1,1,1,1,0,0,0,1,0,0,0,0,0,0,1,Computer Science,0,0,0,1,0,0,0,No,No,No,No,No
False,No,No,No,Maybe,Maybe,Yes,Man,0,1,1,1,1,0,1,0,Junior,0,0,1,0,1,Man,0,0,0,0,0,0,1,0,0,0,0,0,1,1,1,1,1,1,0,0,1,0,0,0,0,0,0,0,1,Computer Science,0,0,0,1,0,0,0,No,No,No,No,Yes
False,No,No,No,Maybe,Yes,Maybe,Man,1,0,0,1,1,0,1,0,Freshman,1,0,1,0,0,Man,0,0,0,0,0,0,0,0,0,0,0,0,1,1,1,1,1,1,0,0,0,1,0,0,1,0,0,0,1,Mathematics,0,0,0,1,0,0,0,No,No,No,No,No
True,Maybe,No,No,Maybe,Maybe,Yes,Woman,1,0,1,1,1,0,0,0,Junior,1,1,1,0,1,Woman,1,0,0,0,0,0,0,0,0,0,0,0,1,1,1,1,1,1,0,0,0,1,0,0,0,1,0,0,0,Computer Science,0,0,0,1,0,0,0,No,No,No,No,Yes
False,Maybe,No,No,No,Maybe,Yes,Woman,0,1,1,1,1,1,1,1,Sophomore,0,1,1,1,1,Woman,0,1,0,1,0,0,0,0,0,0,0,0,1,1,1,1,1,1,0,1,1,1,0,0,0,1,0,0,0,Computer Science,0,0,1,0,0,0,0,No,Yes,No,No,No
False,No,No,No,Maybe,Maybe,No,Man,1,0,1,1,1,1,1,1,Junior,0,0,0,0,1,Man,0,0,0,0,0,0,0,0,0,0,0,0,1,1,0,0,0,0,0,0,0,1,0,0,0,1,0,0,0,Computer Science,0,0,0,0,0,0,1,No,No,No,Yes,Yes
True,Maybe,No,No,No,Maybe,Yes,Man,0,0,1,1,1,1,1,1,Junior,1,0,1,0,1,Man,0,0,0,0,0,0,0,0,0,0,0,0,1,1,1,1,1,1,0,0,0,1,0,0,0,1,0,0,1,Computer Science,0,0,0,1,0,0,0,No,No,No,Yes,No
True,Yes,No,No,No,No,Maybe,Man,1,0,0,1,1,0,1,1,Junior,1,0,1,0,1,Man,0,0,0,0,0,1,0,0,0,0,0,0,1,1,1,1,0,1,0,0,0,1,0,0,0,0,0,0,1,Computer Science,0,0,0,1,0,0,0,No,No,No,No,No
False,Maybe,No,No,Maybe,Yes,Yes,Man,1,0,1,1,1,0,0,1,Sophomore,0,0,1,0,1,Man,0,0,0,0,0,0,0,0,0,0,0,0,1,1,1,1,1,1,0,0,0,1,0,0,0,1,0,0,0,Computer Science,0,0,0,1,0,0,0,No,Yes,No,No,Yes
False,No,Yes,No,Yes,Yes,Yes,Man,1,0,0,0,1,1,1,0,Junior,0,1,1,0,0,Man,0,0,0,0,0,0,0,0,0,0,0,0,1,1,1,1,1,1,0,1,1,1,0,0,0,1,0,0,0,Mathematics,0,0,0,0,0,0,0,No,No,No,No,No
False,No,No,No,Yes,Yes,Yes,Man,1,0,1,1,1,0,1,0,Graduate Student,1,0,0,0,1,Man,0,0,0,0,0,0,0,0,0,0,0,0,1,1,1,1,0,1,0,1,0,1,0,0,0,1,0,0,0,Computer Science,0,0,0,1,0,0,0,No,No,No,No,No
False,Maybe,Yes,No,Maybe,Yes,Yes,Woman,0,1,1,1,1,0,0,0,Sophomore,0,1,0,0,1,Woman,0,0,0,0,0,0,0,0,0,0,0,0,1,1,1,1,1,1,0,0,1,1,0,0,0,0,0,0,1,Undecided,0,0,0,1,0,0,0,No,No,No,No,No
False,Yes,Yes,No,Maybe,Maybe,Yes,Man,1,1,0,1,0,1,1,0,Senior,0,0,1,0,1,Man,1,0,0,0,0,0,0,0,0,0,0,0,1,1,1,1,1,1,0,0,1,1,0,0,1,0,0,0,1,Computer Science,0,0,0,1,0,0,0,No,No,No,No,No
False,No,Yes,No,Yes,Yes,Maybe,Woman,1,1,1,1,1,0,1,0,Junior,0,0,1,0,1,Woman,0,0,0,0,0,0,0,0,0,0,0,0,0,0,0,0,0,0,0,0,0,1,0,1,0,0,0,0,1,Computer Science,0,0,0,1,0,0,0,No,No,No,No,Yes
False,Yes,Maybe,No,No,Maybe,Yes,Woman,0,1,1,1,1,0,0,0,Sophomore,0,1,1,0,0,Woman,0,0,0,0,0,0,0,0,0,0,0,0,1,1,1,1,0,1,0,1,1,0,0,0,0,1,0,0,0,Computer Science,0,0,0,1,0,0,0,No,No,No,No,No
False,No,No,No,No,Maybe,Yes,Woman,0,1,1,0,0,0,0,1,Senior,0,1,1,0,1,Woman,0,1,0,0,0,0,0,1,0,0,0,0,1,1,1,1,1,1,0,1,1,0,0,0,0,0,0,0,1,Computer Science,0,0,0,1,0,0,0,No,No,No,No,No
False,Yes,Yes,No,Yes,Yes,Yes,Man,0,1,1,0,1,0,0,0,Sophomore,0,0,1,1,1,Man,0,0,0,0,0,0,0,0,0,0,0,0,1,1,1,1,1,1,0,0,1,1,0,0,0,1,0,0,0,Computer Science,0,0,0,1,0,0,0,No,No,No,No,No
False,Yes,Maybe,No,Maybe,Yes,Yes,Woman,1,1,1,1,1,0,1,0,Senior,0,1,1,1,1,Woman,0,0,0,0,0,0,0,0,0,0,0,0,1,1,1,1,0,1,0,0,0,0,0,0,0,1,0,0,0,Computer Science,0,0,0,1,0,0,0,No,No,No,No,Yes
False,No,No,No,No,Yes,Yes,Man,1,0,1,1,1,0,1,1,Senior,0,0,1,0,1,Man,0,0,0,0,0,0,0,0,0,0,0,0,1,0,0,1,0,0,0,0,0,1,0,0,0,1,0,0,0,Computer Science,0,0,1,0,0,0,0,No,No,No,No,No
False,Yes,Yes,Yes,No,Maybe,Yes,Woman,0,1,1,1,1,0,1,0,Senior,1,1,1,1,1,Woman,0,0,0,0,0,0,0,0,0,0,0,0,1,1,1,1,1,1,0,0,1,0,0,0,0,1,0,0,0,Engineering-based,0,0,0,1,0,0,0,No,No,Yes,Yes,No
False,No,No,No,Maybe,Maybe,Yes,Man,1,0,1,1,1,0,1,0,Junior,1,1,0,0,1,Man,0,0,0,0,0,0,0,0,0,0,0,0,1,1,1,1,1,1,0,1,1,1,0,0,0,1,0,0,0,Computer Science,0,0,0,1,0,0,0,No,No,No,Yes,Yes
False,No,Yes,No,Yes,Yes,Yes,Man,1,0,1,1,1,1,1,0,Junior,1,0,1,1,1,Man,0,0,0,0,0,0,0,0,0,0,0,0,1,1,1,1,0,1,0,1,1,1,0,0,0,1,0,0,0,Computer Science,0,1,0,0,0,0,0,No,No,Yes,Yes,No
False,No,Yes,No,No,Yes,No,Man,0,1,1,0,0,1,0,0,Senior,0,0,0,0,1,Man,1,0,0,0,0,0,0,0,0,0,0,0,1,0,1,0,1,1,0,1,1,0,0,0,0,0,0,0,1,Computer Science,0,0,0,1,0,0,0,No,Yes,No,Yes,No
False,Maybe,No,No,No,Maybe,Yes,Man,1,0,1,1,1,0,1,1,Sophomore,0,0,1,0,1,Man,0,0,0,0,0,0,0,0,0,0,0,0,1,1,1,1,1,1,0,0,1,1,0,0,0,1,0,0,0,Undecided,0,0,0,1,0,0,0,No,No,No,No,Yes
False,Maybe,No,No,No,Maybe,Yes,Man,1,0,1,1,1,0,1,1,Sophomore,0,0,1,0,1,Man,0,0,0,0,0,0,0,0,0,0,0,0,1,1,1,1,1,1,0,0,1,1,0,0,0,1,0,0,0,Undecided,0,0,0,1,0,0,0,No,No,No,No,Yes
False,Maybe,Maybe,No,Maybe,Yes,Yes,Man,0,0,0,1,0,0,0,0,Freshman,1,0,1,0,0,Man,0,0,0,0,0,0,0,0,0,0,0,0,1,1,1,1,1,1,0,0,0,0,0,0,0,0,0,0,1,Computer Science,0,0,0,1,0,0,0,No,No,No,No,No
False,Yes,No,No,Yes,Yes,Yes,Man,0,0,0,1,1,0,1,0,Senior,0,0,1,0,0,Man,0,0,0,0,0,0,0,0,0,0,0,0,1,0,0,0,1,1,0,0,1,1,0,0,0,0,0,0,1,Undecided,0,0,0,1,0,0,0,No,No,No,Yes,No
False,Yes,No,No,Yes,Yes,No,Man,1,1,1,1,1,0,1,1,Junior,1,0,1,0,1,Man,0,0,0,0,0,1,0,0,0,0,0,0,0,0,0,0,0,0,0,0,1,1,0,0,0,0,0,0,1,Computer Science,0,0,0,1,0,0,0,No,No,No,No,No
False,Yes,Yes,No,No,Maybe,Yes,Man,1,0,1,1,1,0,0,1,Junior,0,1,1,0,1,Man,0,0,0,0,0,0,0,0,0,0,0,0,1,1,1,1,1,1,0,1,0,1,0,0,0,1,0,0,0,Computer Science,0,0,0,1,0,0,0,No,No,Yes,No,Yes
False,Yes,Yes,Yes,Maybe,Yes,Yes,Woman,0,1,1,0,1,0,1,1,Senior,0,0,0,0,1,Woman,0,0,0,0,0,1,1,1,0,0,0,0,1,1,1,1,1,1,0,1,1,1,0,0,0,0,0,0,1,Undecided,0,0,0,1,0,0,0,No,No,No,No,No
False,No,Yes,No,Maybe,Maybe,Yes,Non-binary,0,1,1,1,1,1,1,0,Sophomore,0,1,1,1,1,Other,0,0,0,0,0,0,0,0,0,0,0,0,1,1,1,1,1,1,0,0,1,0,0,0,0,0,0,0,1,Computer Science,0,0,0,0,0,1,0,Prefer not to say,No,No,No,No
False,Yes,No,No,No,Yes,Yes,Man,1,0,1,1,1,0,1,1,Freshman,1,0,1,0,1,Man,0,0,0,0,0,0,0,0,0,0,0,0,1,1,1,1,1,1,0,0,0,1,0,0,0,1,0,0,0,Engineering-based,0,0,0,1,0,0,0,No,Prefer not to say,No,No,No
False,Yes,No,No,Maybe,Yes,Yes,Man,1,0,1,1,1,0,0,0,Senior,1,0,1,0,1,Man,0,0,0,0,0,0,0,0,0,0,0,0,1,1,0,1,0,1,0,0,1,1,0,0,0,0,0,0,1,Computer Science,0,0,0,1,0,0,0,No,No,Yes,Yes,No
False,No,Yes,Maybe,No,Maybe,Yes,Woman,0,1,1,1,1,1,0,0,Sophomore,0,1,0,1,1,Woman,1,0,0,0,1,1,0,0,0,0,0,0,1,1,1,1,1,1,0,1,1,0,1,0,0,0,0,0,0,Computer Science,0,0,0,1,0,0,0,No,No,Yes,Yes,Yes
False,No,Maybe,No,Yes,Yes,Maybe,Man,0,0,1,1,0,0,0,0,Senior,0,0,0,0,0,Man,0,0,0,0,0,0,0,0,0,0,0,0,1,1,1,0,0,0,0,0,0,1,0,0,0,0,0,0,1,Computer Science,0,0,0,1,0,0,0,No,No,No,No,No
False,No,No,No,No,Yes,Yes,Man,1,1,1,1,1,0,0,0,Senior,1,0,0,0,1,Man,0,0,0,0,0,0,0,0,0,0,0,0,1,1,1,1,1,1,0,1,0,1,0,0,0,0,0,0,1,Computer Science,0,1,0,0,0,1,0,Yes,No,No,No,No
False,No,No,No,Yes,Yes,Maybe,Woman,0,0,1,1,1,0,0,0,Junior,0,0,1,0,0,Woman,0,0,0,0,0,0,0,0,0,0,0,0,0,0,0,0,0,0,0,0,0,1,0,0,0,0,0,0,1,Engineering-based,0,0,0,1,0,0,0,No,No,No,No,Yes
False,Yes,Yes,No,Maybe,Maybe,Yes,Woman,0,1,1,1,1,1,1,0,Senior,1,0,1,0,0,Woman,0,0,0,0,0,0,0,0,0,0,0,0,1,1,0,1,0,0,0,1,0,1,0,0,0,1,0,0,0,Computer Science,0,0,0,1,0,0,0,No,No,No,No,Yes
False,No,Maybe,No,No,No,Yes,Woman,0,1,1,1,1,1,0,1,Sophomore,0,1,0,1,1,Woman,0,0,0,0,0,0,0,1,0,0,0,0,1,1,1,1,1,1,0,1,1,0,0,0,0,1,0,0,1,Computer Science,0,1,0,0,0,0,0,No,No,No,No,No
False,Yes,No,No,Yes,Yes,Yes,Man,0,1,1,0,1,1,1,1,Junior,1,0,1,0,1,Man,0,0,0,0,0,0,0,0,0,0,0,0,1,1,1,1,1,1,0,1,0,1,0,0,0,0,0,0,1,Computer Science,0,0,0,1,0,0,0,No,No,No,No,No
False,Yes,Yes,Yes,Yes,Yes,No,Man,1,0,1,0,1,0,0,0,Senior,0,0,0,1,0,Man,0,0,0,0,0,0,0,0,0,0,1,0,0,0,0,0,0,1,0,0,0,1,0,0,0,0,0,0,1,Mathematics,0,0,0,1,0,0,0,No,No,No,No,No
False,Yes,No,No,Yes,Yes,Yes,Man,1,0,1,1,1,1,1,0,Senior,1,1,1,0,1,Man,0,0,0,0,0,0,0,1,0,0,0,0,1,1,1,1,1,1,0,0,0,1,0,0,0,0,0,0,1,Mathematics,0,0,0,1,0,0,0,No,No,No,No,No
False,Yes,Yes,No,Maybe,Maybe,Yes,Woman,1,1,1,1,1,0,1,1,Junior,0,1,0,1,1,Woman,0,0,0,0,0,0,0,0,0,0,0,0,1,1,1,1,1,1,0,0,1,0,0,0,0,0,0,0,1,Computer Science,0,0,0,1,0,0,0,No,No,No,No,No
False,Yes,Yes,No,Yes,Yes,Yes,Man,1,0,1,1,1,0,0,1,Sophomore,0,0,1,0,1,Man,0,0,0,0,0,0,0,0,0,0,0,0,1,1,1,1,0,1,0,0,0,1,0,0,0,1,0,0,0,Computer Science,0,0,0,1,0,0,0,No,No,No,No,No
True,Yes,Yes,No,Yes,Yes,Yes,Man,1,0,1,1,1,0,1,0,Junior,1,1,1,0,1,Man,1,0,0,0,0,0,1,0,0,0,0,0,1,1,1,1,0,0,0,1,1,0,1,0,0,0,0,0,0,Engineering-based,0,0,0,1,0,0,0,No,No,Yes,Yes,Yes
True,No,No,No,Maybe,Yes,Yes,Woman,0,1,1,1,1,1,0,0,Freshman,0,1,0,0,0,Woman,0,1,0,0,0,0,0,1,0,0,0,0,1,1,1,1,0,1,0,1,1,0,0,0,0,1,0,0,0,Computer Science,0,0,0,0,0,0,0,No,No,No,No,No
True,Maybe,No,No,Maybe,Yes,Yes,Man,1,1,1,1,1,0,0,0,Freshman,1,0,1,0,0,Man,0,0,0,0,0,0,1,0,0,0,0,0,1,1,1,1,0,1,0,1,1,1,0,0,0,1,0,0,0,Computer Science,0,0,0,1,0,0,0,No,No,No,No,No
True,Maybe,No,No,Yes,Yes,Yes,Man,0,1,0,1,0,0,0,1,Sophomore,1,0,1,0,0,Man,0,0,0,0,0,0,0,0,0,0,0,0,0,0,0,0,0,0,0,0,0,1,0,1,0,0,0,0,0,Undecided,1,0,0,1,0,0,0,No,Yes,Yes,Yes,No
True,Maybe,Yes,No,Yes,Yes,Yes,Woman,0,1,1,1,0,1,1,0,Freshman,0,1,0,1,0,Woman,0,0,0,0,0,0,1,1,0,0,0,0,1,1,1,1,1,1,0,1,1,1,0,0,0,1,0,0,0,Undecided,0,0,0,0,0,0,0,No,Prefer not to say,No,No,No
False,No,No,No,Maybe,Yes,Yes,Man,0,0,1,1,1,1,1,0,Senior,0,1,0,0,1,Man,0,0,0,0,0,0,0,0,0,0,0,0,1,1,1,1,1,1,0,1,0,1,0,0,0,0,0,0,1,Physical Sciences,0,0,0,1,0,0,0,No,No,No,No,No
False,No,Maybe,No,Yes,Yes,Yes,Man,1,0,1,1,1,0,0,0,Freshman,1,0,1,1,0,Man,0,0,0,0,0,0,0,0,0,0,0,0,1,1,1,1,1,1,0,0,0,1,0,0,0,1,0,0,0,Computer Science,0,0,0,1,0,0,0,No,No,No,No,No
True,Yes,No,No,No,Yes,Yes,Man,0,1,1,1,1,1,0,0,Freshman,1,0,1,0,1,Man,0,0,0,0,0,0,0,0,0,0,0,0,1,1,1,1,1,1,0,1,1,1,0,0,0,1,0,0,0,Computer Science,0,0,0,1,0,0,0,No,No,No,No,No
False,No,Maybe,No,No,Maybe,Yes,Woman,1,0,1,1,1,1,0,0,Sophomore,0,1,1,1,1,Woman,0,1,0,0,0,0,0,0,0,0,0,0,1,1,1,1,1,1,0,1,1,0,0,0,0,1,0,0,0,Computer Science,0,0,0,1,0,0,0,No,No,No,No,No
False,No,No,No,Yes,Yes,Yes,Man,1,0,1,1,1,1,0,1,Freshman,0,0,0,0,1,Man,0,0,0,1,0,0,0,0,0,0,0,0,1,1,1,1,0,1,0,0,1,1,0,0,0,0,0,0,1,Computer Science,0,0,0,0,0,0,1,No,Yes,No,Yes,No
False,Maybe,Yes,No,No,Maybe,Yes,Woman,0,1,1,1,1,1,1,1,Junior,0,1,1,0,1,Woman,0,0,0,0,0,0,0,0,0,0,0,0,1,1,1,1,1,1,0,0,0,1,0,0,0,1,0,0,0,Computer Science,0,1,0,0,0,0,0,No,Yes,No,No,Yes
False,Maybe,No,No,No,Yes,Yes,Man,1,0,0,1,1,0,1,1,Freshman,1,1,1,1,0,Man,0,0,0,0,0,0,0,0,0,0,0,0,1,1,1,1,1,1,0,0,0,1,0,0,0,1,0,0,0,Computer Science,0,0,0,1,0,0,0,No,Yes,No,Yes,No
False,No,No,No,Yes,Yes,Yes,Woman,0,1,1,1,1,0,1,0,Junior,0,0,1,0,1,Woman,0,0,0,0,0,0,0,0,0,0,0,0,1,1,1,1,1,1,0,0,0,1,0,0,0,1,0,0,0,Computer Science,0,0,0,1,0,0,0,No,No,No,No,No
False,No,Yes,No,Maybe,Yes,Yes,Woman,0,1,1,1,1,0,0,0,Sophomore,0,0,1,0,1,Woman,0,0,0,0,0,0,0,0,0,0,0,0,1,1,1,1,1,1,0,0,0,0,0,0,0,0,0,0,1,Computer Science,0,0,0,1,0,0,0,No,No,No,No,No
False,Maybe,Maybe,No,Yes,Yes,Yes,Woman,0,0,1,1,1,0,1,1,Freshman,1,0,1,0,0,Woman,0,0,0,0,0,0,0,0,0,0,0,0,0,0,0,0,0,0,0,0,0,1,0,0,0,1,0,0,0,Undecided,0,0,0,1,0,0,0,No,No,No,No,Yes
True,Yes,No,No,Maybe,Maybe,Yes,Woman,0,1,1,1,1,1,0,0,Sophomore,1,1,1,1,1,Woman,0,0,0,0,0,0,0,0,0,0,0,0,1,1,1,1,1,1,0,1,1,0,0,0,0,1,0,0,0,Computer Science,0,0,0,1,0,0,0,No,No,No,No,No
False,No,No,No,Yes,Yes,Yes,Man,1,0,0,1,1,1,1,0,Freshman,0,0,1,0,0,Man,0,0,0,0,0,0,0,0,0,0,0,0,1,1,1,1,0,0,0,0,0,1,0,0,0,1,0,0,0,Computer Science,0,0,0,1,0,0,0,No,No,No,No,Yes
True,Maybe,Yes,No,No,No,Yes,Man,0,1,1,0,1,0,1,1,Junior,0,1,1,1,1,Man,0,0,0,0,0,1,0,0,0,0,0,0,1,1,1,1,1,1,0,0,0,1,0,0,0,1,0,0,0,Computer Science,0,0,0,1,0,0,0,No,No,No,No,No
False,Maybe,Maybe,No,Maybe,Maybe,Yes,Woman,0,1,0,0,1,0,1,1,Sophomore,1,0,1,0,1,Woman,0,0,0,0,0,0,0,0,0,0,0,0,1,1,1,1,1,1,0,0,0,1,0,0,0,1,0,0,0,Computer Science,0,0,0,1,0,0,0,No,No,No,No,Yes
True,No,Yes,No,Maybe,No,Yes,Man,0,0,0,0,0,1,0,0,Junior,0,0,0,0,0,Man,0,0,0,0,0,0,0,0,0,0,0,0,1,1,1,1,1,1,0,0,0,1,0,0,0,0,0,0,1,Computer Science,0,0,0,1,0,0,0,No,No,No,No,No
True,No,Yes,No,Maybe,No,Yes,Man,0,0,0,0,0,1,0,0,Junior,0,0,0,0,0,Man,0,0,0,0,0,0,0,0,0,0,0,0,1,1,1,1,1,1,0,0,0,1,0,0,0,0,0,0,1,Computer Science,0,0,0,1,0,0,0,No,No,No,No,No
True,No,No,No,Maybe,Yes,Yes,Woman,1,0,1,1,1,1,1,0,Freshman,0,1,0,1,1,Woman,0,1,0,0,0,0,0,0,0,0,0,0,1,1,1,1,1,1,0,1,1,1,0,0,0,1,0,0,0,Computer Science,0,0,1,0,0,0,0,No,Prefer not to say,No,No,No
True,No,Yes,No,No,No,Yes,Man,0,1,1,0,0,0,1,1,Senior,0,0,1,0,0,Man,0,0,0,0,0,0,0,0,0,0,0,0,1,1,1,1,1,1,0,1,0,0,0,1,0,1,0,0,1,Undecided,0,0,0,1,0,0,0,No,No,No,Prefer not to say,No
True,Maybe,No,No,Maybe,Yes,Yes,Man,1,0,1,1,1,1,1,1,Senior,0,1,1,1,1,Man,0,0,0,1,0,0,0,0,0,1,0,1,1,1,1,1,1,1,0,0,1,1,0,0,0,1,0,0,0,Computer Science,0,0,0,1,0,0,0,No,Yes,No,No,No
True,No,Maybe,No,Yes,No,Maybe,Man,1,0,1,1,1,0,1,0,Junior,1,0,0,0,0,Man,0,0,0,0,0,0,0,0,0,0,0,0,1,1,0,0,0,0,0,0,0,1,0,0,0,1,0,0,0,Computer Science,0,0,0,1,0,0,0,No,No,No,No,No
True,Maybe,No,No,Yes,Maybe,Yes,Man,0,0,1,1,0,0,0,0,Graduate Student,1,0,1,0,0,Man,0,0,0,0,0,0,0,0,0,0,0,0,1,0,0,0,0,0,0,0,0,0,0,0,0,1,0,0,0,Engineering-based,0,0,0,1,0,0,0,No,No,No,No,Yes
True,Yes,Yes,No,No,No,Yes,Man,0,1,1,1,1,0,1,1,Junior,1,0,0,0,0,Man,1,1,0,0,0,0,0,0,0,0,0,0,1,1,1,1,0,1,0,1,1,1,0,0,0,1,0,0,0,Informatics,0,1,0,0,0,0,0,No,No,No,Prefer not to say,No
True,Yes,No,No,No,Maybe,Yes,Man,0,1,1,0,1,1,1,0,Fifth year+,0,0,0,0,1,Man,0,0,0,0,0,0,0,0,0,0,0,0,1,1,1,1,1,1,0,0,0,0,0,0,0,0,0,0,1,Undecided,0,1,0,0,0,0,0,No,Yes,No,Yes,No
False,No,No,No,Yes,Yes,Yes,Man,1,0,1,1,1,0,1,1,Junior,1,0,1,1,0,Man,0,0,0,0,0,0,0,0,0,0,0,0,1,0,0,0,0,1,0,0,1,1,0,0,0,0,0,0,1,Engineering-based,0,0,0,1,0,0,0,No,No,No,No,No
False,Maybe,Maybe,No,Yes,Yes,Yes,Man,1,1,1,1,1,0,1,1,Sophomore,1,0,1,0,1,Man,0,0,0,0,0,0,0,0,0,0,0,0,1,1,1,1,1,1,0,0,0,1,0,1,0,0,0,0,1,Computer Science,0,0,0,1,0,0,0,No,No,No,No,No
False,Yes,No,No,Maybe,Yes,Yes,Non-binary,1,0,1,0,1,1,0,0,Sophomore,1,0,1,0,1,Other,0,0,0,0,0,0,0,0,0,0,0,0,1,1,1,1,1,1,0,0,1,0,0,0,0,0,0,0,1,Engineering-based,0,0,0,0,0,1,0,Prefer not to say,No,No,No,No
True,No,Yes,Yes,No,No,Yes,Woman,0,1,1,0,0,0,0,0,Sophomore,1,1,1,1,1,Woman,0,0,0,0,0,0,0,0,0,0,0,0,1,1,1,1,0,1,0,1,1,0,1,0,0,0,0,0,0,Computer Science,0,1,0,0,0,0,0,No,No,No,No,No
True,No,Yes,Yes,No,No,Maybe,Prefer not to say,0,1,1,0,0,1,0,0,Junior,0,0,0,1,1,Other,0,0,0,0,0,0,0,0,0,0,0,0,1,1,1,1,1,1,0,0,0,0,0,0,0,1,0,0,0,Computer Science,0,0,0,0,0,0,0,Prefer not to say,Yes,No,Yes,No
True,Maybe,Maybe,No,No,Yes,Yes,Woman,0,0,1,1,0,0,1,0,Sophomore,0,1,0,0,1,Woman,0,0,0,0,1,0,0,0,0,0,0,0,1,1,0,1,1,0,0,0,0,0,0,0,0,1,0,0,0,Computer Science,0,0,0,0,0,0,0,No,No,Yes,No,Yes
True,Yes,No,No,No,Yes,Yes,Woman,1,0,1,1,1,0,0,0,Junior,1,0,1,0,1,Woman,0,1,0,0,0,0,0,1,0,0,0,0,1,1,1,1,1,1,0,1,1,1,0,0,0,1,0,0,1,Computer Science,0,0,0,1,0,0,0,No,No,No,No,No
True,Yes,Yes,No,Yes,No,Yes,Woman,0,1,1,1,0,0,0,0,Junior,0,0,1,0,0,Woman,0,0,0,0,0,0,0,1,0,0,0,0,1,1,1,1,0,0,0,1,1,0,0,0,0,1,0,0,0,Computer Science,0,0,0,0,0,0,0,No,No,No,No,No
True,Yes,No,No,Yes,Yes,Yes,Woman,1,1,1,1,1,1,1,0,Sophomore,0,1,1,1,0,Woman,0,0,0,0,0,0,0,1,0,0,0,0,1,1,0,0,0,0,0,0,1,1,0,0,0,1,0,0,0,Computer Science,0,0,0,1,0,0,0,No,No,No,No,No
True,Yes,Yes,No,Yes,Yes,Yes,Woman,0,1,1,1,1,1,1,0,Junior,1,1,1,1,0,Woman,0,1,0,0,0,0,0,1,0,0,0,0,1,1,0,1,0,1,0,1,1,0,0,0,0,1,0,0,0,Computer Science,0,0,0,1,0,0,0,No,No,No,No,No
True,No,Yes,No,No,No,Yes,Woman,0,1,1,0,0,1,0,0,Junior,0,1,1,1,0,Woman,0,0,0,0,0,0,0,0,0,0,0,0,1,1,1,1,1,1,0,1,1,0,0,0,0,1,0,0,0,Computer Science,0,0,0,1,0,0,0,No,No,No,No,No
True,No,Yes,Maybe,Yes,No,Yes,Woman,0,1,1,1,1,1,0,0,Sophomore,0,1,0,1,1,Woman,0,1,0,0,1,0,0,0,0,0,0,0,1,1,1,1,1,1,0,1,1,1,0,0,0,0,0,0,1,Computer Science,0,0,0,1,0,0,0,No,No,Yes,Yes,Prefer not to say
True,Yes,No,No,No,Yes,Yes,Man,1,0,1,1,1,0,0,0,Sophomore,0,1,1,1,1,Man,0,0,0,0,0,0,0,0,0,0,0,0,1,1,1,1,1,1,0,0,1,0,0,0,0,1,0,0,0,Computer Science,0,1,0,0,0,0,0,No,No,No,No,No
True,No,Maybe,No,No,Maybe,Yes,Man,0,1,1,1,1,0,0,0,Senior,0,0,0,0,0,Man,0,0,0,0,0,0,0,0,0,0,0,0,1,1,1,1,1,1,0,1,1,1,0,0,0,1,0,0,0,Computer Science,0,0,0,1,0,0,0,No,No,No,No,No
True,No,No,No,Yes,Yes,Yes,Man,0,1,1,1,0,1,1,0,Freshman,0,0,0,0,0,Man,0,0,0,0,0,0,0,0,0,0,0,0,1,1,1,1,0,0,0,0,1,0,0,0,0,1,0,0,0,Computer Science,0,0,0,1,0,0,0,No,No,No,No,No
True,No,Yes,Yes,No,No,Yes,Woman,0,1,1,0,0,1,0,0,Sophomore,0,1,0,1,1,Woman,1,1,0,1,0,1,1,1,0,0,0,0,1,1,1,1,1,1,0,1,1,0,0,1,0,0,0,0,0,Computer Science,0,1,0,0,0,1,0,No,Yes,No,Yes,No
True,Yes,Yes,No,Maybe,Maybe,Yes,Woman,1,1,1,0,1,0,0,0,Senior,0,0,1,0,1,Woman,0,1,0,0,0,0,0,1,0,0,0,0,1,1,0,0,1,1,0,1,1,1,0,0,0,1,0,0,0,Computer Science,0,0,0,1,0,0,0,No,No,No,No,No
True,No,Yes,Yes,Maybe,Maybe,Yes,Woman,0,1,1,1,1,0,1,1,Sophomore,0,0,1,0,0,Woman,0,0,0,0,0,0,0,0,0,0,0,0,1,1,1,1,1,1,0,1,1,0,0,0,0,1,1,0,0,Computer Science,0,0,0,1,0,0,0,No,No,No,No,No
True,No,Yes,No,Maybe,Maybe,Yes,Woman,0,1,1,1,0,1,1,0,Junior,1,0,1,0,0,Woman,0,1,0,0,0,0,0,1,0,0,0,0,1,1,1,1,1,1,0,1,1,0,0,0,0,1,0,0,0,Undecided,0,0,0,1,0,0,0,No,No,No,No,Yes
True,No,Yes,No,Maybe,Maybe,Yes,Woman,0,1,1,1,0,1,1,0,Junior,1,0,1,0,0,Woman,0,1,0,0,0,0,0,1,0,0,0,0,1,1,1,1,1,1,0,1,1,0,0,0,0,1,0,0,0,Undecided,0,0,0,1,0,0,0,No,No,No,No,Yes
True,Maybe,No,No,No,Maybe,Yes,Woman,1,1,1,1,1,0,1,1,Junior,0,1,1,1,0,Woman,0,0,0,0,0,0,0,0,0,0,0,0,1,1,1,1,1,1,0,0,0,1,0,0,0,1,0,0,0,Computer Science,0,0,0,1,0,0,0,No,No,No,No,No
True,No,Yes,No,No,No,Yes,Woman,0,0,1,0,0,1,0,0,Senior,0,0,0,1,0,Woman,0,0,0,0,0,0,0,0,0,0,0,0,1,1,1,1,1,1,0,1,1,0,0,0,0,1,0,0,0,Undecided,0,0,0,1,0,0,0,No,No,No,No,No
True,No,Yes,No,Yes,Maybe,Yes,Man,0,1,1,1,0,0,0,0,Junior,0,0,0,0,0,Man,0,0,0,0,0,0,0,0,0,0,0,0,1,1,0,0,1,1,0,0,0,1,0,0,0,1,0,0,0,Undecided,0,0,0,1,0,0,0,No,No,No,No,No
True,Yes,No,No,Yes,Yes,Yes,Woman,0,1,1,1,1,1,0,1,Junior,0,0,0,0,0,Woman,0,0,0,0,0,0,0,1,0,0,0,0,1,1,1,1,0,0,0,0,0,1,0,0,0,1,0,0,0,Computer Science,0,0,0,1,0,0,0,No,No,No,No,No
True,No,Yes,No,Yes,Yes,Yes,Woman,0,1,1,0,1,1,1,1,Freshman,0,1,1,1,1,Woman,1,0,0,0,0,0,1,0,0,0,0,0,1,0,0,0,0,0,0,1,1,0,0,0,0,1,0,0,0,Computer Science,0,0,0,1,0,0,0,No,No,No,No,No
True,No,Yes,No,No,Maybe,Yes,Man,0,1,1,1,1,1,1,1,Junior,0,0,0,0,1,Man,0,0,0,0,0,0,1,0,0,0,0,0,1,1,1,1,1,1,0,0,1,0,0,0,0,1,0,0,0,Computer Science,0,0,0,1,0,0,0,No,No,No,No,No
False,No,No,No,Maybe,Yes,Yes,Woman,1,0,1,1,1,0,1,0,Sophomore,0,0,1,0,1,Woman,1,1,0,0,0,0,0,0,0,0,0,0,1,1,1,1,0,1,0,1,1,1,0,0,0,0,0,0,0,Undecided,0,0,0,1,0,0,0,No,No,Yes,Yes,No
True,Maybe,Yes,No,Maybe,No,Yes,Woman,1,0,1,0,1,1,1,1,Junior,0,1,1,1,0,Woman,0,0,0,0,0,0,0,0,0,0,0,0,1,1,1,1,1,1,0,1,1,1,0,0,0,1,0,0,0,Undecided,0,0,0,1,0,0,0,No,No,No,No,Yes
True,Yes,Maybe,No,Maybe,Yes,Yes,Woman,0,1,1,1,1,0,0,1,Junior,0,1,1,1,1,Woman,0,0,0,0,0,0,0,0,0,0,0,0,1,1,1,1,0,1,0,0,0,0,0,0,0,1,0,0,0,Computer Science,0,0,0,1,0,0,0,No,No,No,No,No
True,No,No,No,Maybe,Yes,Yes,Woman,0,1,1,1,1,1,0,0,Sophomore,0,1,0,1,1,Woman,0,0,0,0,0,0,0,0,0,0,0,0,1,1,1,1,0,1,0,1,1,1,0,0,0,1,0,0,0,Computer Science,0,1,0,0,0,0,0,No,No,Yes,No,No
True,No,Yes,No,No,No,Yes,Woman,1,1,1,1,1,1,0,0,Junior,0,0,1,1,1,Woman,0,0,0,0,0,0,0,0,0,0,0,0,1,1,1,1,1,1,0,0,1,0,0,0,0,0,0,0,1,Computer Science,0,0,0,1,0,0,0,No,No,No,No,No
True,Yes,No,No,No,Maybe,Yes,Woman,1,0,1,1,1,0,1,1,Junior,0,1,1,1,1,Woman,0,0,0,0,0,0,0,1,0,0,0,0,1,1,1,1,1,1,0,1,0,1,0,0,0,1,0,0,0,Computer Science,0,1,0,0,0,0,0,No,No,No,No,No
True,Maybe,No,No,Maybe,Maybe,Yes,Woman,0,1,1,1,1,1,1,0,Junior,0,1,0,0,1,Woman,0,0,0,0,0,0,0,1,0,0,0,0,1,1,1,1,0,0,0,1,1,1,0,0,0,1,0,0,0,Computer Science,0,0,0,1,0,0,0,No,No,No,No,No
True,No,No,No,No,Yes,Yes,Woman,0,1,1,1,1,1,1,0,Freshman,0,1,1,1,1,Woman,0,0,0,0,0,0,0,0,0,0,0,0,1,1,1,1,1,1,0,1,1,1,0,0,0,1,0,0,0,Computer Science,0,1,0,0,0,0,0,No,No,No,No,No
True,Yes,Yes,No,No,Maybe,Yes,Woman,0,1,1,1,1,1,1,0,Junior,0,1,0,1,1,Woman,1,0,0,0,0,0,0,0,0,0,0,0,1,1,1,1,0,0,0,0,1,0,0,0,0,1,0,0,0,Computer Science,0,0,0,1,0,0,0,No,No,No,Prefer not to say,No
True,No,Yes,No,No,Maybe,Yes,Woman,0,1,1,1,1,1,0,0,Sophomore,0,1,1,0,0,Woman,0,0,0,0,0,0,0,0,0,0,0,0,1,1,1,1,1,1,0,0,1,0,0,0,0,1,0,0,0,Informatics,0,0,0,1,0,0,0,No,No,Yes,Prefer not to say,No
True,No,Maybe,No,No,Maybe,Yes,Woman,1,1,1,0,1,1,0,0,Sophomore,1,0,1,0,1,Woman,0,1,0,0,0,0,0,1,0,0,0,0,1,1,1,1,0,1,0,1,1,0,0,0,0,1,0,0,1,Computer Science,0,0,0,1,0,0,0,No,Yes,No,No,No
True,No,Yes,No,Yes,Maybe,Yes,Woman,0,1,1,1,1,1,0,0,Sophomore,0,1,1,1,1,Woman,0,0,0,0,0,0,0,0,0,0,0,0,1,1,0,0,1,1,0,0,0,0,0,0,0,1,0,0,0,Computer Science,0,0,0,1,0,0,0,No,No,No,No,Yes
True,No,Yes,No,Maybe,No,Yes,Woman,0,1,1,1,0,1,1,0,Senior,0,1,0,1,1,Woman,0,0,0,0,0,0,0,0,0,0,0,0,1,1,1,1,1,1,0,1,1,1,0,0,0,1,0,0,0,Computer Science,0,0,0,1,0,0,0,No,No,No,Prefer not to say,No
True,No,Yes,No,Yes,Maybe,Yes,Woman,0,1,1,0,0,0,0,0,Junior,0,1,1,0,0,Woman,0,0,0,0,0,0,0,0,0,0,0,0,1,1,0,1,0,1,0,0,0,0,0,0,1,0,0,0,0,Informatics,0,0,0,1,0,0,0,No,No,No,No,Yes
True,No,Yes,No,Maybe,Maybe,Yes,Woman,0,1,1,0,0,0,0,0,Senior,0,1,1,1,0,Woman,0,0,0,0,0,0,1,1,0,0,1,0,1,1,1,1,1,1,0,0,0,1,0,1,0,0,0,0,0,Informatics,0,0,0,1,0,0,0,No,No,Yes,Yes,No
True,Yes,Yes,No,Maybe,Maybe,Yes,Man,0,1,1,1,1,1,1,0,Senior,0,1,0,0,0,Man,0,0,0,0,0,0,0,0,0,0,0,0,1,0,1,1,0,0,0,0,1,1,0,0,0,1,0,0,0,Computer Science,0,0,0,1,0,0,0,No,No,Yes,No,No
True,Maybe,Maybe,No,Maybe,Maybe,Yes,Woman,0,1,1,0,1,1,0,0,Sophomore,0,0,1,0,1,Woman,0,0,0,0,0,0,0,0,0,0,0,0,1,1,1,1,0,0,0,0,0,0,0,0,0,1,0,0,0,Computer Science,0,0,0,1,0,0,0,No,No,No,No,No
True,Maybe,Maybe,No,Yes,Maybe,Yes,Woman,0,1,1,0,1,0,0,0,Sophomore,0,1,1,0,0,Woman,0,0,0,0,0,0,0,1,0,0,0,0,1,1,1,1,1,1,0,1,0,1,0,0,0,1,0,0,0,Informatics,0,0,0,0,0,0,0,No,Prefer not to say,No,No,No
True,Maybe,Yes,No,Maybe,Yes,Yes,Woman,0,1,1,1,1,0,1,1,Junior,0,0,1,0,1,Woman,0,0,0,0,0,0,0,0,0,0,0,0,1,1,1,1,1,1,0,0,1,0,0,0,0,1,0,0,0,Computer Science,0,0,0,1,0,0,0,No,No,Yes,Prefer not to say,No
True,No,Maybe,No,Yes,Maybe,Yes,Woman,0,1,0,1,1,1,0,0,Sophomore,0,0,0,0,0,Woman,0,0,0,0,0,0,0,0,0,0,0,0,1,1,1,1,1,1,0,1,0,1,0,0,0,1,0,0,0,Informatics,0,0,0,1,0,0,0,No,No,No,No,No
True,No,Yes,No,Yes,Maybe,No,Man,0,1,1,1,1,1,0,0,Sophomore,1,0,1,0,0,Man,0,0,0,0,0,0,0,0,0,0,0,0,0,0,0,0,0,0,0,0,0,0,0,0,0,1,0,0,0,Computer Science,0,0,0,1,0,0,0,No,No,No,Yes,No
True,Yes,Maybe,No,Yes,Yes,Yes,Woman,0,1,1,1,1,0,1,1,Freshman,0,1,1,0,0,Woman,0,0,0,0,0,0,0,0,0,0,0,0,1,1,1,1,0,1,0,1,0,1,0,0,0,1,0,0,0,Computer Science,0,0,0,1,0,0,0,No,No,No,No,No
True,Yes,No,No,Yes,Yes,Yes,Woman,1,0,1,1,1,0,1,0,Sophomore,1,1,1,1,1,Woman,0,0,0,0,0,0,0,1,0,0,0,0,1,1,1,1,1,1,0,1,1,1,0,0,0,1,0,0,0,Computer Science,0,0,0,1,0,0,0,No,No,No,No,Yes
True,Yes,No,No,Maybe,Yes,Yes,Man,1,0,1,1,1,1,1,1,Freshman,1,0,1,0,0,Man,0,0,0,0,0,0,0,0,0,0,0,0,1,1,1,1,1,1,0,0,0,1,0,0,0,1,0,0,0,Computer Science,0,0,0,1,0,0,0,No,No,No,No,No
True,Maybe,Yes,Maybe,No,Yes,Yes,Woman,0,1,1,1,1,0,0,1,Sophomore,0,1,1,1,0,Woman,0,1,0,0,0,1,0,1,0,0,0,0,1,1,1,1,1,1,0,1,1,1,0,0,0,1,0,0,0,Engineering-based,0,0,0,1,0,0,0,No,No,No,No,No
True,Yes,Yes,No,Yes,Yes,No,Man,1,0,1,1,0,0,1,1,Freshman,1,0,1,0,0,Man,0,0,0,0,0,0,0,0,0,0,0,0,1,1,1,0,1,1,0,0,0,0,0,0,0,1,0,0,0,Computer Science,0,0,0,1,0,0,0,No,No,No,No,No
True,Yes,Yes,No,Maybe,Yes,Yes,Woman,0,1,1,1,0,1,0,0,Junior,0,1,0,1,1,Woman,0,1,1,0,0,0,0,1,1,0,0,0,1,1,1,1,1,1,0,1,1,0,0,0,0,0,0,0,1,Computer Science,0,0,1,0,0,1,0,No,No,No,No,No
True,No,No,No,Yes,Yes,Yes,Man,1,0,1,0,0,0,0,0,Freshman,1,1,1,0,0,Man,0,0,0,0,0,0,0,0,0,0,0,0,1,1,1,1,1,1,0,0,1,0,0,0,0,1,0,0,0,Computer Science,0,0,0,1,0,0,0,No,No,Yes,No,No
True,No,Maybe,Yes,Yes,Yes,Yes,Woman,1,1,1,1,1,1,0,1,Senior,0,1,1,0,1,Woman,0,0,0,0,0,1,0,1,0,0,0,0,1,1,1,1,1,1,0,1,1,1,0,0,0,1,0,0,0,Computer Science,0,0,0,1,0,0,0,No,No,No,No,No
True,Yes,No,No,Yes,Yes,Yes,Woman,0,0,1,1,1,1,1,1,Junior,1,1,1,1,1,Woman,1,0,0,0,0,0,0,1,0,0,0,0,1,0,0,0,1,0,0,1,1,0,0,0,0,1,0,0,0,Computer Science,0,0,0,1,0,0,0,No,No,No,No,Yes
True,Yes,No,No,Maybe,No,Yes,Woman,0,1,1,1,1,0,0,0,Junior,1,1,1,1,0,Woman,0,0,0,0,0,0,0,1,0,0,0,0,1,1,1,1,1,1,0,0,1,1,0,0,0,1,0,0,0,Undecided,0,0,0,1,0,0,0,No,No,No,No,No
True,No,Maybe,No,No,No,Yes,Woman,0,0,1,0,0,1,1,0,Junior,1,1,0,0,1,Woman,0,1,0,0,0,0,0,1,0,0,0,0,1,1,1,1,1,1,0,1,1,0,0,0,0,1,0,0,0,Engineering-based,0,0,0,1,0,0,0,No,No,No,No,No
True,No,Maybe,Yes,No,No,Yes,Woman,0,1,1,0,0,1,0,0,Junior,0,1,0,1,1,Woman,0,1,0,0,0,0,0,1,0,0,0,0,1,1,1,1,1,1,0,1,1,0,0,0,0,0,0,0,1,Computer Science,0,0,0,1,0,0,0,No,Yes,No,No,No
True,No,Yes,No,Yes,No,Yes,Woman,0,1,1,1,0,1,1,0,Sophomore,0,0,1,1,1,Woman,0,0,0,0,0,0,0,1,0,0,0,0,1,1,0,1,1,0,0,1,1,0,0,0,1,0,0,0,0,Computer Science,0,0,0,1,0,0,0,No,No,No,No,No
True,Yes,Yes,No,Yes,Yes,Yes,Woman,1,0,1,1,1,0,0,0,Sophomore,0,1,1,1,1,Woman,0,0,0,0,0,0,0,0,0,0,0,0,1,1,1,1,1,1,0,0,0,1,0,0,0,1,0,0,0,Computer Science,0,1,0,0,0,0,0,No,No,No,No,No
True,No,Yes,No,Maybe,No,Yes,Woman,0,1,1,0,1,0,1,1,Junior,0,1,1,0,1,Woman,0,0,0,0,0,0,1,1,0,0,0,0,1,1,1,1,0,1,0,0,1,0,0,0,0,1,0,0,0,Computer Science,0,0,0,1,0,0,0,No,No,No,No,Yes
True,Yes,Maybe,No,Yes,Yes,Yes,Woman,0,1,1,1,1,1,0,1,Junior,0,1,0,1,0,Woman,0,0,0,0,0,0,0,0,0,0,0,0,1,1,1,1,0,1,0,1,1,1,0,0,0,1,0,0,0,Informatics,0,0,0,1,0,0,0,No,No,No,No,No
False,Yes,Yes,No,Yes,Yes,Yes,Non-binary,0,1,1,0,1,0,0,0,Freshman,1,0,1,0,0,Other,0,1,1,0,0,0,0,1,1,0,0,0,1,1,1,1,1,1,0,0,0,0,0,0,0,1,0,0,0,Computer Science,0,1,0,0,0,0,0,Prefer not to say,Prefer not to say,No,No,No
True,No,Yes,No,No,Maybe,Yes,Woman,0,1,1,1,1,1,1,0,Senior,0,1,0,0,1,Woman,0,0,0,0,0,0,0,1,0,0,0,0,1,1,1,1,1,1,0,0,0,0,0,0,0,1,0,0,0,Computer Science,0,0,0,1,0,0,0,No,No,No,No,No
True,Maybe,Yes,No,Yes,Maybe,Yes,Woman,0,1,1,1,1,1,0,0,Junior,1,1,1,0,1,Woman,0,1,0,0,0,0,0,1,0,0,0,0,1,1,1,1,0,0,0,1,1,0,0,0,0,1,0,0,0,Computer Science,0,0,0,0,0,0,0,No,No,No,No,No
True,Yes,No,No,Yes,Maybe,Yes,Woman,0,1,1,0,0,0,0,0,Freshman,0,0,0,0,0,Woman,0,0,0,0,0,0,0,1,0,0,0,0,1,1,1,1,1,1,0,0,0,0,0,0,0,0,0,0,1,Computer Science,0,0,0,1,0,0,0,No,Yes,No,No,No
True,Yes,No,No,Yes,No,Yes,Woman,1,0,1,1,1,1,1,0,Senior,0,0,1,0,1,Woman,0,0,0,0,0,0,0,0,0,0,0,0,1,1,1,1,1,1,0,0,1,0,0,0,0,1,0,0,0,Computer Science,0,0,0,1,0,0,0,No,No,No,No,No
True,Maybe,Yes,No,No,Maybe,Yes,Woman,1,0,0,1,0,1,0,0,Sophomore,0,0,1,1,1,Woman,0,0,0,0,0,0,0,1,0,0,0,0,1,1,1,1,1,1,0,1,1,1,0,0,0,1,0,0,0,Computer Science,0,0,0,1,0,0,0,No,No,No,No,No
True,Yes,No,Maybe,No,No,Yes,Woman,0,1,1,1,0,1,1,1,Sophomore,0,1,0,1,0,Woman,1,1,0,0,0,0,1,1,0,0,0,0,1,1,1,1,1,1,0,1,1,0,0,0,0,1,0,0,0,Computer Science,0,0,0,1,0,0,0,No,No,No,No,No
True,No,Yes,No,No,No,Yes,Woman,0,1,1,1,1,0,1,1,Sophomore,1,1,1,0,0,Woman,0,0,0,0,0,0,0,0,0,0,0,0,1,1,1,1,1,1,0,0,1,1,0,0,0,0,0,0,1,Computer Science,0,1,0,0,0,0,0,No,No,No,No,No
True,No,No,No,Yes,Yes,No,Man,1,1,0,1,1,0,1,0,Sophomore,1,0,1,0,0,Man,0,0,0,0,0,0,1,1,1,0,0,1,0,0,0,1,0,1,0,0,0,1,0,0,0,0,0,0,1,Computer Science,0,0,0,1,0,0,0,No,No,Yes,No,No
True,No,No,No,Yes,Yes,No,Man,1,1,0,1,1,0,1,0,Sophomore,1,0,1,0,0,Man,0,0,0,0,0,0,1,1,1,0,0,1,0,0,0,1,0,1,0,0,0,1,0,0,0,0,0,0,1,Computer Science,0,0,0,1,0,0,0,No,No,Yes,No,No
True,Yes,No,No,No,Maybe,Maybe,Woman,0,1,1,1,1,0,0,0,Freshman,0,1,0,0,1,Woman,0,0,0,0,0,0,0,0,0,0,0,0,0,0,0,0,0,0,0,0,0,1,0,0,0,1,0,0,0,Computer Science,0,0,0,1,0,0,0,No,No,No,No,Yes
True,Yes,No,No,No,Maybe,Maybe,Woman,0,1,1,1,1,0,0,0,Freshman,0,1,0,0,1,Woman,0,0,0,0,0,0,0,0,0,0,0,0,0,0,0,0,0,0,0,0,0,1,0,0,0,1,0,0,0,Computer Science,0,0,0,1,0,0,0,No,No,No,No,Yes
True,Maybe,Yes,No,Maybe,No,Yes,Woman,0,1,1,1,1,1,0,0,Junior,0,1,0,1,1,Woman,0,0,0,0,0,1,0,1,0,0,0,0,1,1,1,1,1,1,0,1,1,1,0,0,0,1,0,0,0,Computer Science,0,0,0,1,0,0,0,No,No,No,No,No
True,No,Yes,Maybe,Yes,Yes,Yes,Woman,0,1,1,0,0,1,1,0,Sophomore,0,0,1,0,0,Woman,0,0,0,0,0,0,0,0,0,0,0,0,1,1,0,0,0,1,0,0,1,0,0,0,0,1,0,0,0,Computer Science,0,0,0,1,0,0,0,No,No,No,Yes,No
True,Yes,No,No,Yes,Maybe,Yes,Man,0,0,1,1,1,0,1,1,Senior,1,0,1,0,1,Man,0,0,0,0,0,0,0,0,0,0,0,0,1,1,0,1,0,1,0,0,0,1,0,0,0,1,0,0,0,Computer Science,0,0,0,1,0,0,0,No,No,No,No,No
True,No,Yes,No,Maybe,No,Maybe,Man,0,1,0,0,0,1,0,0,Sophomore,0,0,1,0,0,Man,0,0,0,0,0,0,0,0,0,0,0,0,1,1,1,1,0,0,0,0,1,0,0,0,0,1,0,0,0,Computer Science,0,0,0,0,0,0,0,No,No,Yes,No,No
True,No,Yes,No,No,No,Yes,Woman,0,1,1,0,0,1,0,0,Sophomore,1,1,0,0,1,Woman,1,0,0,0,0,0,0,0,0,0,0,0,1,1,1,1,1,1,0,1,1,0,0,1,0,0,0,1,0,Informatics,0,1,0,0,1,0,0,No,No,No,Yes,No
True,Yes,No,No,Yes,Yes,Yes,Woman,1,0,1,1,1,0,0,0,Sophomore,1,0,1,0,0,Woman,0,0,0,0,0,0,0,0,0,0,0,0,0,0,0,0,0,0,0,0,0,1,0,0,0,1,0,0,0,Undecided,0,0,0,0,0,0,0,No,No,No,No,No
True,No,Yes,No,Yes,No,Yes,Man,0,1,1,1,1,0,1,1,Sophomore,1,0,1,0,1,Man,0,0,0,0,0,0,0,0,0,0,0,0,1,1,1,1,1,1,0,1,1,1,0,0,0,1,1,0,0,Computer Science,0,0,0,1,0,0,0,No,No,No,No,No
True,Yes,No,No,Maybe,No,Yes,Woman,0,1,1,0,0,0,0,0,Sophomore,0,1,0,0,0,Woman,0,0,0,0,0,0,1,1,0,0,0,0,1,1,0,0,0,0,0,1,1,0,0,0,0,1,0,0,0,Computer Science,1,0,0,0,0,0,0,No,No,No,No,No
True,No,Yes,No,Yes,No,Yes,Woman,0,1,1,1,0,0,0,1,Sophomore,1,1,0,0,1,Woman,0,0,0,0,0,0,0,1,0,0,0,0,1,1,1,0,0,1,0,0,0,0,0,0,0,1,0,0,0,Computer Science,0,0,0,1,0,0,0,No,No,No,No,No
True,No,No,No,Yes,Yes,Yes,Woman,1,0,1,1,1,0,1,0,Freshman,0,0,1,0,1,Woman,0,0,0,0,0,0,0,1,0,0,0,0,1,1,1,1,0,0,0,0,1,0,0,0,0,1,0,0,0,Computer Science,0,0,0,1,0,0,0,No,No,No,Prefer not to say,No
True,Yes,No,No,Maybe,No,Yes,Man,0,1,1,0,1,1,0,0,Sophomore,0,0,1,0,1,Man,0,0,0,0,0,0,0,0,0,0,0,0,0,0,0,0,0,0,0,0,1,0,0,0,0,0,0,0,1,Computer Science,0,0,0,1,0,0,0,No,No,No,No,No
True,No,No,No,Yes,Yes,Yes,Man,1,0,0,1,0,1,0,0,Sophomore,0,0,1,0,0,Man,0,0,0,0,0,0,0,0,0,0,0,0,1,0,0,1,0,0,0,0,0,1,0,0,1,0,0,0,0,Computer Science,0,0,0,1,0,0,0,No,No,No,No,No
True,No,No,No,Yes,No,Yes,Woman,0,0,1,1,1,1,0,0,Senior,0,1,1,0,1,Woman,0,0,0,0,0,0,0,1,0,0,0,0,1,1,1,1,1,1,0,1,1,0,0,0,0,1,0,0,0,Computer Science,0,0,0,1,0,0,0,No,No,Yes,No,No
True,Yes,No,No,Maybe,Yes,Yes,Woman,0,1,0,0,1,0,0,0,Junior,1,0,0,0,1,Woman,0,0,0,0,0,0,0,0,0,0,0,0,1,1,1,0,0,1,0,0,0,1,0,0,0,1,0,0,0,Computer Science,0,0,0,1,0,0,0,No,No,No,No,Yes
True,Maybe,Yes,No,Yes,Yes,Maybe,Woman,0,1,1,1,0,1,1,0,Junior,0,1,1,1,0,Woman,0,0,0,0,0,0,0,0,0,0,0,0,1,1,1,1,1,1,0,0,1,1,0,0,0,1,0,0,0,Computer Science,0,0,0,1,0,0,0,No,No,No,No,No
True,No,No,No,Yes,Yes,Yes,Man,1,0,1,1,1,0,1,0,Graduate Student,0,1,0,0,1,Man,0,0,0,0,0,0,0,0,0,0,0,0,1,1,1,1,1,1,0,0,1,1,0,0,0,1,0,0,0,Engineering-based,0,0,0,1,0,0,0,No,No,No,No,No
True,Yes,Maybe,No,Maybe,Maybe,Yes,Man,0,1,1,1,0,1,0,1,Sophomore,0,1,1,0,1,Man,0,0,0,0,0,0,0,0,0,0,0,0,1,1,1,0,0,0,0,1,0,0,0,0,0,1,0,0,0,Computer Science,0,0,0,1,0,0,0,No,No,No,No,No
True,No,Yes,Yes,No,No,Yes,Woman,0,1,1,0,1,1,0,0,Sophomore,0,1,1,0,0,Woman,0,0,0,0,0,0,1,0,1,0,0,0,1,1,0,0,0,1,0,1,1,1,0,0,0,1,0,0,0,Undecided,0,0,0,1,0,0,0,No,No,No,No,No
True,No,Yes,No,Maybe,Maybe,Yes,Woman,0,1,1,0,0,0,1,0,Junior,0,1,0,0,1,Woman,0,0,0,0,0,0,0,0,0,0,0,0,1,1,1,1,0,1,0,0,0,0,0,0,0,1,0,0,0,Computer Science,0,1,0,0,0,0,0,No,Yes,No,No,No
True,Yes,Yes,No,No,Yes,Yes,Woman,0,1,1,1,1,0,1,1,Senior,0,1,1,1,1,Woman,0,1,0,0,0,0,0,1,0,0,0,0,1,1,1,1,1,1,0,1,1,0,0,0,0,1,0,0,0,Computer Science,0,0,0,1,0,0,0,No,No,No,No,No
False,No,No,No,No,Yes,Yes,Non-binary,1,1,1,1,1,0,1,0,Junior,1,1,1,0,0,Other,0,0,0,0,0,0,0,0,0,0,0,0,1,1,1,1,0,1,0,1,0,1,0,1,0,0,0,0,1,Computer Science,0,1,1,0,0,1,0,No,No,No,No,Yes
False,No,No,No,No,Yes,Yes,Non-binary,1,1,1,1,1,0,1,0,Junior,1,1,1,0,0,Other,0,0,0,0,0,0,0,0,0,0,0,0,1,1,1,1,0,1,0,1,0,1,0,1,0,0,0,0,1,Computer Science,0,1,1,0,0,1,0,No,No,No,No,Yes
True,No,No,No,Yes,No,No,Man,1,0,0,1,1,0,1,0,Sophomore,1,0,1,0,1,Man,0,0,0,0,0,0,0,0,0,0,0,0,1,0,0,0,0,0,0,0,0,1,0,1,0,0,0,0,0,Computer Science,0,1,0,0,0,0,0,No,No,No,No,No
True,No,No,No,Maybe,Yes,Yes,Woman,1,1,1,1,1,1,0,0,Junior,0,1,1,1,1,Woman,1,1,0,0,0,0,1,1,0,0,0,0,1,1,1,1,1,1,0,0,1,1,0,0,0,1,0,0,0,Statistics/DS,0,0,0,1,0,0,0,No,No,No,No,No
True,Yes,Maybe,No,Yes,Yes,Yes,Man,0,1,1,1,1,0,1,0,Junior,1,0,1,0,0,Man,0,0,0,0,0,0,0,0,0,0,0,0,1,1,1,1,1,1,0,0,1,1,1,0,0,1,0,0,1,Undecided,0,0,0,1,0,0,0,No,Yes,No,Yes,No
True,No,No,No,Yes,Maybe,Yes,Woman,0,1,1,0,1,0,1,0,Sophomore,0,1,0,1,0,Woman,0,0,0,0,0,0,0,1,0,0,0,0,1,1,1,1,0,1,0,0,0,0,0,0,0,1,0,0,0,Computer Science,0,0,0,0,0,0,0,No,No,Yes,Yes,No
True,Maybe,Maybe,No,Maybe,Maybe,Maybe,Woman,0,1,1,1,1,1,0,0,Freshman,0,0,0,0,0,Woman,0,0,0,0,0,0,0,0,0,0,0,0,1,1,1,1,1,1,0,0,0,0,0,1,0,0,0,0,0,Computer Science,0,0,0,1,0,0,0,No,No,No,Prefer not to say,No
True,Maybe,No,No,Maybe,Yes,Yes,Woman,1,1,1,1,1,0,1,1,Freshman,0,1,1,1,1,Woman,0,0,0,0,0,0,0,0,0,0,0,0,1,1,1,1,1,1,0,1,1,1,1,0,0,0,0,0,0,Computer Science,0,0,0,0,1,0,0,No,No,No,Yes,No
True,No,No,No,Yes,No,Yes,Woman,0,0,1,1,0,0,0,0,Senior,0,0,1,0,1,Woman,0,1,0,0,0,0,0,1,0,0,0,0,1,1,1,1,1,1,0,1,1,0,0,0,0,0,0,0,1,Computer Science,0,0,0,1,0,0,0,No,No,No,No,No
False,Maybe,Yes,No,No,No,Yes,Man,0,0,1,1,1,1,1,0,Sophomore,0,1,1,1,0,Man,0,0,0,0,0,0,0,0,0,0,0,1,1,1,1,1,1,1,0,0,0,1,0,0,1,0,0,0,1,Life Sciences,0,0,0,1,0,0,0,No,No,No,No,Yes
False,Maybe,Yes,No,No,Yes,Maybe,Man,0,1,1,0,0,1,0,0,Junior,0,0,1,0,1,Man,0,0,0,1,0,0,1,0,0,1,0,0,1,0,0,1,0,0,0,0,1,1,0,0,0,1,0,0,0,Computer Science,0,0,0,1,0,0,0,No,Yes,No,No,Yes
False,No,No,No,Maybe,Yes,Yes,Man,1,0,1,1,1,0,1,0,Junior,1,0,0,0,1,Man,0,0,0,0,0,0,0,0,0,0,0,0,1,1,1,1,1,1,0,0,0,1,0,0,0,0,0,0,1,Undecided,0,0,0,1,0,0,0,No,No,No,No,No
False,Maybe,Maybe,No,Yes,Yes,No,Man,0,0,1,1,1,0,0,1,Sophomore,1,0,0,0,0,Man,0,0,0,0,0,0,0,0,0,0,0,0,0,0,0,0,0,0,0,0,0,0,0,0,0,1,0,0,0,Engineering-based,0,0,0,1,0,0,0,No,No,No,No,No
True,Maybe,No,No,Maybe,Maybe,Maybe,Woman,1,0,1,1,1,0,0,0,Sophomore,0,1,0,0,0,Woman,0,0,0,0,0,0,0,0,0,0,0,0,1,1,0,0,0,0,0,0,0,1,0,0,0,1,0,0,0,Computer Science,0,0,0,1,0,0,0,No,No,No,No,No
True,No,Yes,No,Maybe,Maybe,Yes,Woman,0,1,1,1,1,1,1,1,Junior,0,1,0,1,0,Woman,0,0,0,0,0,0,0,0,0,0,0,0,1,1,1,1,1,1,0,1,1,1,0,0,0,1,0,0,0,Informatics,0,0,0,1,0,0,0,No,No,No,No,No
True,Maybe,Yes,No,No,Yes,Yes,Woman,0,1,1,0,1,1,0,0,Junior,0,1,0,0,1,Woman,0,0,0,0,0,0,1,1,0,0,0,0,1,1,1,1,1,1,0,0,1,1,0,1,0,0,0,0,0,Computer Science,0,0,1,0,0,0,0,No,Prefer not to say,Yes,Prefer not to say,No
True,Maybe,Yes,No,No,Maybe,Yes,Man,0,1,1,1,0,1,1,0,Sophomore,0,1,1,1,1,Man,1,0,0,0,0,0,0,0,0,0,0,0,1,1,1,1,0,1,0,0,1,0,0,0,0,1,0,0,0,Undecided,0,0,0,1,0,0,0,No,No,Yes,No,No
True,Yes,Yes,Maybe,Yes,Maybe,Yes,Woman,0,1,1,1,1,1,0,0,Senior,0,0,1,0,0,Woman,0,0,0,0,0,0,1,1,1,0,0,0,1,1,1,1,1,1,0,1,1,0,0,0,0,1,0,0,0,Computer Science,0,0,0,1,0,0,0,No,No,No,No,No
True,Yes,No,No,Yes,Yes,Maybe,Man,0,1,1,0,0,1,0,0,Junior,1,0,1,0,0,Man,0,0,0,0,0,0,0,0,0,0,0,0,1,1,0,0,0,0,0,0,1,0,0,0,0,1,0,0,0,Undecided,0,0,0,1,0,0,0,No,No,Yes,No,No
True,Maybe,Yes,No,No,Maybe,Yes,Woman,1,0,1,1,1,1,1,1,Senior,1,1,0,1,0,Woman,0,1,0,0,0,0,0,1,0,0,0,0,1,1,1,1,1,1,0,1,1,1,0,0,0,1,0,0,0,Computer Science,0,1,0,0,1,1,0,No,No,No,No,No
True,Yes,No,No,No,Maybe,Yes,Man,1,0,1,1,1,0,1,0,Graduate Student,1,0,1,0,1,Man,0,0,0,0,0,0,0,0,0,0,0,0,1,1,1,1,1,1,0,0,0,1,0,0,0,1,0,0,1,Computer Science,0,1,0,0,0,0,0,No,No,No,No,No
True,Yes,No,No,Yes,Yes,Yes,Man,1,0,1,1,1,0,0,0,Senior,0,0,1,0,1,Man,0,0,0,0,0,0,0,0,0,0,0,0,1,0,0,1,0,1,0,0,0,1,0,0,0,0,0,0,1,Computer Science,0,0,0,1,0,0,0,No,No,No,No,No
True,No,No,No,Yes,Yes,Yes,Man,1,0,0,1,0,0,0,0,Graduate Student,0,0,1,0,1,Man,0,0,0,0,0,0,0,0,0,0,0,0,1,1,1,1,1,1,0,0,0,1,0,0,0,0,0,0,1,Computer Science,0,0,0,1,0,0,0,No,No,No,No,No
True,Yes,Maybe,No,Yes,Yes,Yes,Man,1,0,1,1,1,0,1,0,Senior,1,0,1,0,1,Man,0,0,0,0,0,0,0,0,0,0,0,0,1,1,1,1,1,1,0,0,1,1,0,0,0,0,0,0,1,Computer Science,0,0,0,1,0,0,0,No,No,No,No,No
True,Yes,Maybe,No,Yes,Yes,Yes,Man,0,0,1,1,1,0,1,0,Sophomore,1,1,1,1,1,Man,0,0,0,0,0,0,0,0,0,0,0,0,1,1,1,1,1,1,0,0,0,1,0,0,0,1,0,0,0,Computer Science,0,0,0,1,0,0,0,No,No,Yes,Yes,No
True,Maybe,Maybe,No,Maybe,No,Yes,Man,0,1,1,0,0,0,1,0,Junior,0,0,0,0,0,Man,0,0,0,0,0,0,0,0,0,0,0,0,1,1,1,1,1,1,0,0,0,1,0,0,0,0,0,0,1,Computer Science,0,0,0,1,0,0,0,No,No,No,No,No
True,Yes,Yes,No,No,Yes,Maybe,Woman,0,1,1,0,0,0,0,0,Junior,0,0,0,0,0,Woman,0,0,0,0,0,0,0,0,0,0,0,0,0,0,0,0,0,0,0,0,1,0,0,0,0,1,0,0,0,Informatics,0,0,0,1,0,0,0,No,No,Yes,No,No
True,Yes,Yes,No,No,Yes,Maybe,Woman,0,1,1,0,0,0,0,0,Junior,0,0,0,0,0,Woman,0,0,0,0,0,0,0,0,0,0,0,0,0,0,0,0,0,0,0,0,1,0,0,0,0,1,0,0,0,Informatics,0,0,0,1,0,0,0,No,No,Yes,No,No
True,Yes,Yes,No,Yes,Maybe,Yes,Woman,0,1,1,1,1,0,1,1,Fifth year+,0,1,0,0,1,Woman,0,1,0,0,0,0,1,1,0,0,0,0,1,1,0,0,0,1,0,0,1,1,0,1,0,0,0,0,0,Computer Science,0,1,0,0,0,0,0,No,No,No,No,No
True,Yes,No,No,Maybe,Maybe,Yes,Woman,1,0,1,1,1,0,1,0,Graduate Student,0,0,0,0,1,Woman,0,0,0,0,0,0,0,1,0,0,0,0,1,1,1,1,0,0,0,0,1,1,0,0,0,1,0,0,0,Computer Science,0,0,0,1,0,0,0,No,No,No,No,No
True,Yes,No,No,Yes,Yes,Yes,Man,1,1,0,1,1,1,0,0,Fifth year+,0,0,1,0,1,Man,0,0,0,0,0,0,0,0,0,0,0,0,1,1,1,1,1,1,0,0,1,1,0,1,0,0,0,0,0,Computer Science,0,0,0,1,0,0,0,No,Yes,No,No,Yes
True,Yes,Yes,No,No,Yes,Yes,Non-binary,1,0,0,0,1,1,1,0,Senior,1,1,0,1,1,Other,0,0,0,0,0,0,0,1,1,0,0,0,1,1,1,1,1,1,0,1,1,1,0,0,0,0,0,0,1,Computer Science,0,0,1,0,0,0,0,No,No,No,No,No
False,No,No,Yes,No,No,No,Man,0,0,1,0,0,1,0,0,Junior,1,0,0,0,0,Man,0,0,0,0,0,0,0,0,0,0,0,0,0,0,0,1,0,1,0,0,1,0,0,0,1,0,0,0,0,Computer Science,0,0,0,1,0,0,0,No,Yes,No,Yes,Yes
True,No,No,No,Yes,Yes,Yes,Woman,1,0,0,1,1,0,0,0,Sophomore,1,0,1,0,1,Woman,0,0,0,0,0,0,1,1,0,0,0,0,1,1,1,1,0,0,0,0,0,1,0,0,0,1,0,0,0,Computer Science,0,0,0,1,0,0,0,No,No,Yes,No,No
True,Maybe,No,No,Yes,Yes,Yes,Woman,1,0,0,1,1,0,1,1,Junior,0,0,1,0,1,Woman,0,0,0,0,0,0,0,0,0,0,0,0,0,1,0,0,0,0,0,0,0,1,0,0,0,1,0,0,0,Computer Science,0,0,0,1,0,0,0,No,No,No,No,No
True,Maybe,Maybe,No,Maybe,Yes,Maybe,Man,1,1,1,1,1,0,0,0,Graduate Student,1,0,0,0,1,Man,0,0,0,0,0,0,0,0,0,0,0,0,1,1,1,0,0,0,0,0,0,1,0,0,0,1,0,0,1,Computer Science,0,0,0,1,0,0,0,No,Prefer not to say,No,No,No
True,Yes,Yes,No,Yes,Maybe,Yes,Woman,1,0,0,1,1,1,1,1,Senior,1,1,1,1,0,Woman,0,0,0,0,0,0,0,1,0,0,0,0,1,1,1,1,1,1,0,1,1,1,0,0,0,1,0,0,0,Computer Science,0,0,0,1,0,0,0,No,Yes,No,No,No
True,No,No,No,No,No,Yes,Man,0,1,1,1,1,1,0,1,Freshman,1,1,1,1,1,Man,0,0,0,0,0,0,0,0,0,0,0,0,1,1,1,1,1,1,0,0,1,1,0,0,0,1,0,0,0,Computer Science,0,0,0,1,0,0,0,No,No,No,No,No
False,Yes,Yes,No,Maybe,Maybe,Yes,Woman,1,1,1,1,1,0,1,0,Sophomore,1,0,1,0,0,Woman,0,0,0,0,0,0,0,1,0,0,0,0,1,1,1,1,1,1,0,1,1,1,0,0,0,1,0,0,0,Computer Science,0,0,0,1,0,0,0,No,No,No,No,No
False,No,No,No,Yes,Yes,Yes,Man,0,1,1,1,1,0,1,1,Junior,0,0,0,0,1,Man,0,0,0,0,0,0,0,0,0,0,0,0,1,1,1,1,1,1,0,0,0,1,0,0,0,0,0,0,1,Computer Science,0,0,1,0,0,0,0,No,No,No,Yes,No
True,Maybe,Yes,No,Yes,Maybe,Yes,Man,1,0,1,1,0,1,0,0,Sophomore,1,0,1,0,0,Man,0,0,0,0,0,0,0,0,0,0,0,0,1,0,0,0,0,0,0,0,0,1,0,0,0,1,0,0,0,Mathematics,0,0,0,1,0,0,0,No,No,No,No,No
True,Maybe,Yes,No,Yes,Yes,Yes,Woman,1,0,1,1,1,0,0,0,Senior,0,0,1,0,1,Woman,0,0,0,0,0,0,0,1,0,0,0,0,0,1,1,1,0,0,0,0,1,1,0,0,0,1,0,0,0,Computer Science,0,0,0,0,1,0,0,No,No,No,No,No
True,No,No,No,Yes,Yes,Yes,Man,1,0,1,1,1,0,0,0,Sophomore,0,1,0,0,0,Man,0,0,0,0,0,0,0,0,0,0,0,0,1,1,1,1,0,0,0,1,1,1,0,0,0,1,0,0,0,Computer Science,0,0,0,1,0,0,0,No,No,Yes,No,No
True,Yes,Yes,No,Maybe,Yes,Yes,Man,0,1,1,1,1,0,1,1,Senior,1,0,0,1,1,Man,0,0,0,0,0,0,0,0,0,0,0,0,1,1,1,1,0,1,0,0,0,1,0,0,1,0,0,0,1,Computer Science,0,0,1,0,0,0,0,No,No,No,No,No
True,No,No,No,No,No,Yes,Woman,0,1,1,0,0,1,0,0,Junior,0,1,1,1,0,Woman,1,0,0,0,0,0,1,1,0,0,0,0,1,1,1,1,1,1,0,0,1,0,1,0,0,0,0,0,0,Computer Science,0,0,0,1,0,0,0,No,No,No,No,No
True,Yes,Yes,No,Maybe,Maybe,Yes,Woman,0,1,1,0,0,1,0,0,Sophomore,0,1,1,1,1,Woman,1,0,0,0,0,0,0,1,0,0,0,0,1,1,1,1,0,1,0,1,1,0,0,0,0,1,0,0,0,Computer Science,0,0,0,1,0,0,0,No,No,Yes,No,Yes
True,No,Maybe,No,No,Yes,Yes,Woman,0,0,1,0,0,1,0,0,Junior,0,0,0,0,0,Woman,0,0,0,0,0,0,0,0,0,0,0,0,1,1,1,1,1,1,0,1,1,1,1,0,0,0,0,0,0,Informatics,0,0,0,1,0,0,0,No,No,No,No,No
True,Maybe,Maybe,No,Maybe,Yes,Yes,Man,1,1,1,1,1,1,1,0,Senior,1,1,1,1,0,Man,0,0,0,0,0,0,0,0,0,0,0,0,1,1,0,1,0,0,0,0,1,1,0,0,0,1,0,0,0,Informatics,0,0,0,1,0,0,0,No,No,No,No,No
True,Maybe,No,No,Maybe,No,Yes,Man,0,1,1,1,1,0,1,1,Senior,0,0,0,0,1,Man,0,0,0,0,0,0,0,0,0,0,0,0,1,1,1,1,1,1,0,1,1,1,0,0,0,1,0,0,0,Computer Science,0,1,0,0,0,0,0,No,Yes,No,No,No
True,Yes,Maybe,No,Maybe,Maybe,Yes,Woman,0,1,1,1,0,0,0,0,Graduate Student,0,1,1,1,0,Woman,0,0,0,0,0,0,1,1,0,0,0,0,1,1,1,1,1,1,0,1,1,1,0,0,0,1,0,0,0,Computer Science,0,0,0,1,0,0,0,No,No,Yes,No,No
True,Maybe,No,No,Yes,Yes,Yes,Woman,1,0,0,1,1,0,0,1,Sophomore,1,0,1,0,1,Woman,0,0,0,0,0,0,0,0,0,0,0,0,1,1,1,1,1,1,0,0,0,0,0,0,0,1,0,0,0,Computer Science,0,0,0,1,0,0,0,No,No,No,Yes,Yes
True,Yes,No,No,Yes,Yes,Yes,Woman,0,0,1,1,0,0,0,0,Junior,1,0,1,0,1,Woman,0,0,0,0,0,0,0,0,0,0,0,0,1,1,1,1,0,1,0,0,0,1,0,0,0,0,0,0,1,Informatics,1,0,0,0,0,0,0,No,No,No,No,No
True,No,Yes,Yes,No,No,Yes,Woman,0,1,1,1,1,1,1,1,Sophomore,0,1,0,0,0,Woman,0,0,0,0,0,0,0,0,0,0,0,0,0,1,0,0,0,0,0,1,0,0,0,0,0,1,0,0,0,Computer Science,0,0,0,1,0,0,0,No,No,No,No,Yes
False,Yes,No,No,Maybe,Yes,Yes,Man,1,0,1,1,1,0,1,1,Senior,1,1,1,0,0,Man,0,0,0,0,0,0,0,0,0,0,0,0,1,1,1,1,0,1,0,0,0,1,0,0,0,1,0,0,0,Computer Science,0,0,0,1,0,0,0,No,No,No,No,No
False,No,Yes,No,Yes,Yes,Yes,Woman,0,1,1,0,0,1,0,0,Senior,0,0,0,1,0,Woman,0,1,0,0,0,0,0,1,0,0,0,0,1,1,1,1,0,1,0,1,1,0,0,0,0,0,0,0,1,Computer Science,0,0,0,1,0,0,0,No,No,No,No,No
False,No,No,No,Yes,Yes,Yes,Man,1,1,1,1,1,1,1,1,Junior,1,0,1,0,1,Man,0,0,0,0,0,0,0,0,0,0,0,0,1,1,1,1,0,1,0,0,0,1,0,0,0,0,0,0,1,Computer Science,0,0,0,1,0,0,0,No,No,No,No,No
False,Maybe,Yes,Maybe,No,No,Maybe,Woman,0,1,1,0,0,0,0,0,Junior,0,0,0,0,1,Woman,0,1,0,0,0,0,0,0,0,0,0,0,0,1,0,0,0,1,0,0,1,0,0,0,0,1,0,0,0,Computer Science,0,0,0,1,0,0,0,No,No,No,Yes,No
False,No,Yes,No,No,No,No,Woman,0,1,1,1,0,1,0,0,Junior,0,0,1,0,1,Woman,1,1,0,0,0,1,1,1,0,0,0,1,1,0,0,0,0,0,0,1,1,0,0,0,0,1,1,0,1,Computer Science,0,0,0,1,0,0,0,No,No,No,No,No
False,Yes,No,No,No,Maybe,Yes,Man,1,1,1,1,0,1,1,1,Junior,1,0,1,0,1,Man,1,1,0,0,1,0,1,1,0,0,0,0,1,1,1,1,1,1,0,0,1,1,0,0,0,0,0,0,1,Computer Science,0,0,0,1,0,0,0,No,No,Yes,No,No
False,No,No,No,No,Yes,Yes,Woman,0,1,1,1,1,0,0,0,Junior,1,1,1,0,1,Woman,0,0,0,0,0,0,0,0,0,0,0,0,1,1,1,1,1,1,0,0,0,1,0,0,0,1,0,0,0,Computer Science,0,0,0,1,0,0,0,No,No,No,No,No
False,Maybe,No,No,Yes,Yes,Maybe,Man,1,0,1,1,1,0,1,1,Senior,0,0,1,0,1,Man,0,0,0,0,0,0,0,0,0,0,0,0,1,1,0,0,0,0,0,0,0,1,0,0,0,0,0,0,1,Computer Science,0,0,0,1,0,0,0,No,No,Yes,Yes,No
False,Yes,No,No,Yes,Yes,Yes,Man,1,0,1,1,1,0,1,1,Junior,1,1,1,0,1,Man,0,0,0,0,0,0,0,0,0,0,0,0,1,1,1,1,1,1,0,0,1,1,0,0,0,0,0,0,1,Computer Science,0,0,0,1,0,0,0,No,No,No,No,No
False,Maybe,No,No,Maybe,Yes,Yes,Woman,0,1,1,1,1,0,0,1,Fifth year+,0,1,0,1,0,Woman,0,1,0,0,0,0,0,1,0,0,0,0,1,1,1,1,1,1,0,0,0,1,0,0,0,0,0,0,1,Computer Science,0,0,0,1,0,0,0,No,No,No,No,No
False,No,Yes,No,Yes,Yes,Yes,Man,0,1,1,1,1,0,1,1,Sophomore,1,0,1,0,1,Man,0,0,0,0,0,0,0,0,0,0,0,0,0,0,0,0,0,0,0,0,0,1,0,0,0,1,0,0,0,Computer Science,0,0,0,1,0,0,0,No,No,No,Yes,No
False,Yes,No,No,Yes,Yes,Yes,Man,1,0,0,1,1,0,1,1,Freshman,1,0,1,0,1,Man,0,0,0,0,0,0,0,0,0,0,0,0,1,1,0,0,0,0,0,0,0,1,1,0,0,0,0,0,0,Computer Science,0,0,0,1,0,0,0,No,No,No,Yes,No
False,No,Maybe,No,Maybe,Maybe,Yes,Woman,0,1,1,1,1,1,1,0,Freshman,0,1,1,0,0,Woman,0,0,0,0,0,0,0,0,0,0,0,0,1,1,1,1,1,1,0,1,1,1,0,0,1,0,0,0,0,Computer Science,0,0,0,1,0,0,0,No,No,Prefer not to say,Prefer not to say,No
False,Maybe,No,No,Maybe,Yes,Yes,Man,0,1,1,1,1,0,1,1,Freshman,1,0,1,0,0,Man,1,0,0,0,1,0,0,0,0,0,0,0,1,0,0,0,0,1,0,0,0,1,1,0,0,0,0,0,0,Computer Science,0,0,0,1,0,0,0,No,No,Yes,No,No
False,Maybe,Yes,No,Maybe,Maybe,Yes,Woman,0,1,1,1,1,0,1,1,Freshman,1,1,1,1,1,Woman,0,1,0,0,0,0,0,0,0,0,0,0,1,1,1,1,1,1,0,0,1,0,0,0,0,1,0,0,0,Computer Science,0,0,0,1,0,0,0,No,No,Yes,No,Yes
False,No,Maybe,No,Yes,Yes,Yes,Woman,0,1,1,1,0,1,0,0,Junior,0,0,0,0,0,Woman,0,1,0,0,0,0,0,1,1,0,0,0,1,1,1,1,0,1,0,1,1,0,0,0,0,1,0,0,0,Computer Science,0,1,0,0,0,0,0,No,No,No,No,Yes
False,Maybe,Maybe,No,Yes,Yes,Maybe,Man,0,1,1,1,1,0,1,0,Freshman,0,0,1,0,1,Man,0,0,0,0,0,0,0,0,0,0,0,0,1,1,1,1,1,1,0,0,0,1,0,0,0,1,0,0,0,Computer Science,0,0,0,1,0,0,0,No,No,No,No,No
False,No,Yes,No,Maybe,Maybe,Yes,Woman,0,1,1,1,1,0,1,0,Sophomore,1,1,1,0,1,Woman,0,0,0,0,0,0,0,0,0,0,0,0,1,1,0,0,1,0,0,0,0,1,0,0,0,1,0,0,0,Computer Science,0,0,0,0,0,0,0,No,No,No,No,Yes
False,Maybe,Maybe,No,Maybe,Yes,Yes,Woman,1,0,1,1,1,0,0,0,Sophomore,0,1,1,0,1,Woman,0,1,0,0,0,0,0,1,0,0,0,0,1,1,1,1,0,1,0,1,1,0,0,0,0,1,0,0,0,Computer Science,0,0,0,1,0,0,0,No,No,No,No,No
False,Maybe,No,No,No,Maybe,Yes,Woman,1,0,1,1,0,1,1,1,Senior,0,1,1,0,1,Woman,0,0,0,0,0,0,0,0,0,0,0,0,1,1,1,1,1,1,0,0,1,1,0,0,0,0,0,0,1,Computer Science,0,0,0,1,0,0,0,No,No,No,No,No
False,Yes,Yes,No,Yes,Maybe,Yes,Woman,0,1,1,1,1,1,1,0,Senior,0,1,1,1,1,Woman,0,1,0,0,0,0,0,1,0,0,0,0,1,1,1,1,1,1,0,1,1,1,0,0,0,1,0,0,0,Computer Science,0,0,0,1,0,0,0,No,No,No,No,No
False,No,Maybe,No,No,Yes,Yes,Man,0,0,1,0,1,1,1,0,Senior,0,1,1,0,1,Man,0,0,0,0,0,0,0,0,0,0,0,0,1,0,0,1,1,1,0,0,0,1,0,0,0,1,0,0,0,Computer Science,0,0,0,0,0,0,0,No,No,No,No,No
False,Yes,Yes,No,No,No,Yes,Man,0,1,1,0,0,1,0,1,Freshman,1,0,1,0,1,Man,1,0,0,0,0,0,0,0,0,0,0,0,1,1,1,1,1,1,0,1,1,1,0,0,0,1,0,0,0,Computer Science,0,0,0,1,0,0,0,No,No,No,No,No
False,Maybe,No,No,Maybe,Maybe,Yes,Man,1,0,1,1,1,1,1,0,Sophomore,0,0,0,0,0,Man,0,0,0,0,0,0,0,0,0,0,0,0,1,1,1,1,0,0,0,0,0,1,0,0,0,0,0,0,1,Computer Science,0,0,0,1,0,0,0,No,No,No,No,No
False,Yes,No,No,No,Yes,Yes,Woman,1,1,1,1,1,0,0,0,Junior,1,0,1,0,1,Woman,0,1,0,0,0,0,0,1,0,0,0,0,1,1,1,1,0,1,0,0,1,1,0,0,0,0,0,0,1,Computer Science,0,0,0,1,0,0,0,No,No,No,No,No
False,No,Yes,No,Yes,Yes,No,Woman,1,0,1,1,1,0,1,1,Freshman,1,0,1,0,1,Woman,0,0,0,0,0,0,0,0,0,0,0,0,1,1,1,1,1,1,0,0,1,1,0,0,0,0,0,0,1,Computer Science,0,0,0,1,0,0,0,No,No,Yes,Yes,No
False,No,Yes,Yes,No,No,No,Man,0,1,1,0,0,1,0,0,Senior,0,0,0,0,0,Man,0,0,0,0,0,0,0,0,0,0,0,0,0,0,0,0,0,0,0,1,1,0,0,0,0,1,0,0,0,Computer Science,0,0,0,1,0,0,0,No,No,No,No,Yes
False,Yes,No,No,Maybe,Yes,Yes,Woman,1,0,1,1,1,0,1,1,Sophomore,1,0,1,0,1,Woman,0,0,0,0,0,0,1,1,0,0,0,0,1,1,1,1,1,1,0,0,1,0,0,0,0,1,0,0,0,Computer Science,0,0,0,1,0,0,0,No,No,No,No,No
False,Yes,No,No,Yes,No,Yes,Man,1,0,1,1,1,0,1,1,Junior,1,0,1,0,1,Man,0,0,0,0,0,0,0,0,0,0,0,0,1,1,1,1,1,1,0,0,1,1,0,0,0,1,0,0,0,Computer Science,0,0,0,1,0,0,0,No,No,No,No,No
False,Yes,Yes,No,Yes,Yes,Yes,Woman,0,0,1,1,0,1,0,0,Junior,0,1,1,0,0,Woman,0,1,0,0,0,0,0,1,0,0,0,0,1,1,1,1,0,0,0,1,1,1,0,0,0,0,0,0,1,Computer Science,0,0,0,1,0,0,0,No,No,No,No,No
False,Maybe,No,No,Maybe,Yes,Yes,Woman,0,1,1,1,1,0,0,0,Freshman,1,0,1,1,1,Woman,0,1,0,0,0,0,0,1,0,0,0,0,1,1,1,1,1,1,0,1,1,1,0,0,0,1,0,0,0,Computer Science,0,0,0,1,0,0,0,No,No,No,No,No
False,Maybe,Yes,No,Maybe,Maybe,Yes,Woman,0,1,1,1,0,1,0,0,Sophomore,0,1,0,0,0,Woman,0,1,0,0,0,0,0,1,0,0,0,0,1,1,1,1,1,1,0,1,1,1,0,0,0,1,0,0,0,Computer Science,0,0,0,1,0,0,0,No,No,No,No,No
False,Yes,No,No,Yes,Maybe,Yes,Man,1,1,1,1,1,1,1,1,Junior,1,1,1,0,1,Man,0,0,0,1,0,1,0,0,0,1,0,0,1,1,1,1,1,1,0,1,0,1,0,0,0,0,0,0,1,Computer Science,0,0,0,1,0,0,0,No,Yes,No,No,No
False,No,No,No,Maybe,Maybe,Yes,Woman,1,1,1,1,0,1,0,0,Junior,1,1,1,0,1,Woman,0,0,0,0,0,0,0,1,0,0,0,0,1,1,1,1,1,1,0,1,1,1,0,0,0,1,0,0,0,Computer Science,0,0,0,1,0,0,0,No,No,No,No,Yes
False,Yes,No,No,Maybe,Yes,Yes,Man,1,0,1,1,1,0,1,0,Junior,0,1,1,0,1,Man,0,0,0,0,0,0,1,1,0,0,0,0,1,1,1,1,0,0,0,1,0,1,0,0,0,1,0,0,0,Computer Science,0,0,0,1,0,0,0,No,No,No,No,No
False,No,Yes,No,No,No,Yes,Woman,0,1,1,1,1,1,1,0,Junior,1,0,1,0,0,Woman,0,1,0,0,0,1,0,1,0,0,0,0,1,1,1,1,1,1,0,1,1,1,0,0,0,1,0,0,0,Computer Science,0,0,0,1,0,0,0,No,No,No,No,No
False,No,No,No,Yes,Yes,No,Man,1,0,1,1,1,0,0,0,Junior,0,0,0,0,1,Man,0,0,0,0,0,0,0,0,0,0,0,0,1,1,1,1,1,1,0,0,1,1,0,0,1,0,0,0,0,Computer Science,0,0,0,1,0,0,0,No,No,No,No,No
False,Yes,Yes,No,Yes,No,Maybe,Man,0,1,1,0,0,1,0,0,Junior,0,0,0,0,1,Man,0,0,0,0,0,0,0,0,0,0,0,0,1,0,0,1,0,0,0,1,1,0,0,0,0,1,0,0,0,Computer Science,0,0,0,1,0,0,0,No,No,No,No,No
False,Yes,No,No,Maybe,Yes,Yes,Woman,0,0,1,1,1,0,0,1,Senior,0,1,1,1,1,Woman,0,0,0,0,0,0,0,1,0,0,0,0,1,1,1,1,0,1,0,0,1,1,0,0,0,1,0,0,0,Computer Science,0,0,0,1,0,0,0,No,No,No,No,Yes
False,Maybe,Maybe,No,Maybe,No,Yes,Woman,0,1,1,1,0,1,0,0,Junior,0,1,0,1,1,Woman,0,1,0,0,0,0,0,1,0,0,0,0,1,1,1,1,0,0,0,1,1,1,0,0,0,1,0,0,0,Computer Science,0,0,0,1,0,0,0,No,No,No,No,No
False,Yes,No,No,No,Yes,Yes,Man,1,0,1,1,1,0,0,0,Senior,1,0,1,0,1,Man,0,0,0,0,0,0,0,0,0,0,0,0,1,1,1,1,1,1,0,0,1,1,0,0,0,1,0,0,0,Computer Science,0,0,0,1,0,0,0,No,No,No,No,No
True,Yes,No,No,Maybe,Yes,Yes,Woman,0,1,1,0,1,0,1,1,Junior,0,1,1,1,0,Woman,1,0,0,0,0,0,1,1,0,0,0,0,1,1,1,1,1,1,0,0,1,0,1,0,0,0,0,0,0,Computer Science,0,0,0,1,0,0,0,No,No,No,No,No
False,Yes,No,No,Maybe,Maybe,Yes,Man,1,0,1,1,1,0,1,0,Senior,1,0,0,0,1,Man,0,0,0,0,0,0,0,0,0,0,0,0,1,1,1,1,1,1,0,0,0,1,0,0,0,1,0,0,0,Computer Science,0,0,0,1,0,0,0,No,No,No,No,No
False,No,No,No,Yes,Yes,Yes,Man,1,0,1,1,1,0,1,0,Junior,1,0,1,0,1,Man,0,0,0,0,0,0,0,0,0,0,0,0,1,1,1,0,0,1,0,0,0,1,0,0,0,0,0,0,1,Computer Science,0,0,0,1,0,0,0,No,No,No,No,No
False,Yes,No,No,Yes,Yes,Yes,Man,1,0,0,1,1,0,1,1,Senior,1,0,1,0,1,Man,0,0,0,0,0,0,0,0,0,0,0,0,1,1,1,1,0,1,0,0,0,1,0,0,0,0,0,0,0,Computer Science,0,0,0,0,0,0,0,No,No,No,No,No
False,Yes,Maybe,No,Maybe,Yes,Yes,Man,1,1,1,1,0,0,1,1,Junior,1,1,1,0,1,Man,0,0,0,0,0,0,0,0,0,0,0,0,1,1,1,1,0,1,0,0,0,1,0,0,0,1,0,0,0,Computer Science,0,0,1,0,0,0,0,No,No,No,Yes,Yes
False,Maybe,No,No,Yes,Yes,Maybe,Woman,1,0,0,1,1,0,0,1,Junior,0,0,1,0,1,Woman,0,1,0,0,0,0,0,1,0,0,0,0,0,1,0,0,0,0,0,0,1,1,0,0,0,1,0,0,0,Computer Science,0,0,0,1,0,0,0,No,No,No,No,No
True,No,Yes,No,Yes,Yes,Yes,Woman,0,1,0,1,1,0,0,1,Freshman,0,1,0,1,1,Woman,0,0,0,0,0,0,0,0,0,0,0,0,1,1,1,1,1,1,0,0,0,1,0,0,0,1,0,0,0,Computer Science,0,0,0,1,0,0,0,No,No,No,No,No
True,No,Yes,Maybe,No,No,Yes,Man,0,1,1,0,0,1,0,0,Senior,0,1,1,1,1,Man,0,0,0,0,0,0,0,0,0,0,0,0,0,0,0,1,1,1,0,0,0,0,0,0,0,1,0,0,0,Computer Science,0,0,0,0,0,0,0,No,Yes,No,No,No
False,Yes,No,No,Yes,Yes,Yes,Man,1,0,0,1,1,0,1,1,Junior,1,0,1,0,1,Man,0,0,0,0,0,0,0,0,0,0,0,0,1,1,1,1,1,1,0,0,0,1,0,0,0,0,0,0,1,Computer Science,0,0,0,1,0,0,0,No,No,No,No,No
False,No,No,No,Yes,Yes,Yes,Man,1,0,0,1,1,0,0,0,Freshman,1,0,1,0,1,Man,0,0,0,0,0,0,0,0,0,0,0,0,0,0,0,0,0,0,0,0,0,1,0,0,0,1,0,0,0,Computer Science,0,0,0,1,0,0,0,No,No,No,No,Yes
True,No,Yes,No,No,No,Yes,Woman,0,1,1,1,1,1,1,0,Junior,0,1,0,1,1,Woman,0,0,0,0,0,0,0,0,0,0,0,0,1,1,1,1,1,1,0,1,1,0,0,0,0,1,0,0,0,Computer Science,0,1,0,0,0,0,0,No,No,No,No,No
False,No,Yes,No,No,No,Yes,Man,0,0,1,0,0,0,0,0,Sophomore,0,0,1,0,1,Man,0,0,0,0,0,0,0,0,0,0,0,0,1,1,1,1,1,1,0,1,0,0,0,0,0,1,0,0,0,Computer Science,0,0,0,1,0,0,0,No,No,No,No,No
False,Yes,Yes,No,Maybe,Yes,Yes,Woman,0,0,1,0,0,1,0,1,Freshman,0,0,0,1,0,Woman,1,0,1,0,1,0,1,0,1,0,1,0,1,1,1,1,1,1,0,0,1,0,0,0,0,1,0,0,0,Computer Science,0,0,1,0,0,0,0,No,No,Yes,No,No
False,No,No,No,No,Yes,Yes,Man,1,0,1,1,1,0,0,1,Junior,1,0,1,0,1,Man,0,0,0,0,0,0,0,0,0,0,0,0,1,1,1,1,0,1,0,0,0,1,0,0,0,1,0,0,0,Computer Science,0,0,0,1,0,0,0,No,No,No,No,No
False,No,Maybe,No,Maybe,Maybe,Maybe,Man,0,1,1,0,0,0,0,0,Senior,0,0,1,0,0,Man,0,0,0,0,0,0,0,0,0,0,0,0,1,1,1,1,0,1,0,0,0,1,0,0,0,1,0,0,0,Computer Science,0,0,0,1,0,0,0,No,No,No,No,No
False,Yes,No,No,Maybe,Maybe,Yes,Man,1,0,1,1,1,0,1,1,Freshman,0,1,1,0,1,Man,0,0,0,0,0,0,0,0,0,0,0,0,1,1,1,1,0,1,0,0,0,1,0,0,0,1,0,0,0,Computer Science,0,0,0,1,0,0,0,No,No,No,No,No
False,Yes,No,No,Yes,Maybe,Maybe,Prefer not to say,1,0,0,1,1,0,1,1,Junior,1,0,1,0,1,Other,0,0,0,0,0,0,0,0,0,0,0,0,0,0,0,0,0,0,0,0,0,1,0,0,0,0,0,0,0,Computer Science,0,0,0,0,0,0,0,Prefer not to say,No,No,No,No
False,No,Yes,No,No,Maybe,Yes,Woman,0,0,1,1,1,0,1,0,Sophomore,1,1,1,0,1,Woman,0,0,0,0,0,0,0,0,0,0,0,0,1,1,1,1,1,1,0,0,0,0,0,0,0,1,0,0,0,Computer Science,0,0,0,1,0,0,0,No,No,No,No,No
False,Yes,No,No,Yes,Yes,Maybe,Woman,1,0,0,1,1,0,1,1,Junior,1,0,1,0,1,Woman,0,0,0,0,0,0,0,0,0,0,0,0,0,0,0,0,1,0,0,0,0,1,0,0,0,1,0,0,0,Computer Science,0,0,0,1,0,0,0,No,No,No,No,No
True,No,No,No,Maybe,Yes,Yes,Man,1,0,0,1,1,0,1,0,Senior,1,0,1,0,1,Man,0,0,0,0,0,0,0,0,0,0,0,0,1,1,1,1,1,1,0,0,0,1,0,0,0,1,0,0,0,Computer Science,0,0,0,1,0,0,0,No,No,No,No,No
True,Yes,No,Maybe,Yes,Yes,Yes,Woman,0,1,1,1,1,1,0,0,Freshman,0,1,1,1,1,Woman,0,0,0,0,0,0,0,0,0,0,0,0,1,1,1,1,1,1,0,1,1,0,0,0,0,1,0,0,0,Computer Science,0,0,0,1,0,0,0,No,No,No,No,No
False,No,Yes,No,Maybe,Maybe,Yes,Man,0,0,1,1,0,1,1,0,Senior,1,0,1,0,1,Man,0,0,0,0,0,0,0,0,0,0,0,0,1,1,1,1,0,0,0,0,1,0,0,0,0,0,0,0,1,Computer Science,0,0,0,1,0,0,0,No,No,No,No,No
False,No,Maybe,No,No,Maybe,Yes,Woman,1,0,1,1,1,0,1,0,Junior,1,1,1,0,1,Woman,0,1,0,0,0,0,0,1,0,0,0,0,1,1,1,1,1,1,0,1,1,1,0,0,0,1,0,0,0,Computer Science,1,0,0,1,0,0,0,No,No,No,No,No
False,Yes,No,No,No,Yes,Yes,Man,0,1,1,0,1,0,0,0,Junior,0,0,0,0,0,Man,0,0,0,0,0,0,0,0,0,0,0,0,1,1,0,0,1,1,0,0,1,0,0,0,0,0,0,0,1,Computer Science,0,1,1,0,0,0,0,No,No,No,No,No
False,No,Maybe,No,Yes,Maybe,Yes,Woman,0,1,1,1,0,1,1,0,Sophomore,0,1,1,1,0,Woman,0,1,0,0,0,0,0,1,0,0,0,0,1,1,1,1,1,1,0,1,1,1,0,0,0,1,0,0,0,Computer Science,0,0,0,1,0,0,0,No,No,No,Yes,No
False,Yes,Yes,No,Maybe,No,Yes,Man,1,0,1,1,0,1,0,1,Junior,0,0,0,0,1,Man,0,0,0,0,1,0,0,0,0,0,0,0,1,1,1,1,0,1,0,0,1,1,0,0,0,0,0,0,1,Computer Science,0,0,0,1,0,0,0,No,Yes,Yes,No,No
True,No,Maybe,No,No,Maybe,Yes,Woman,0,1,1,1,1,0,1,0,Senior,0,1,0,1,1,Woman,0,0,0,0,0,0,0,1,0,0,0,0,1,1,1,1,1,1,0,1,1,1,0,0,0,1,0,0,0,Computer Science,0,0,0,1,0,0,0,No,No,No,No,No
True,No,Maybe,No,No,Maybe,Yes,Woman,0,1,1,1,1,0,1,0,Senior,0,1,0,1,1,Woman,0,0,0,0,0,0,0,1,0,0,0,0,1,1,1,1,1,1,0,1,1,1,0,0,0,1,0,0,0,Computer Science,0,0,0,1,0,0,0,No,No,No,No,No
True,No,Maybe,No,No,Maybe,Yes,Woman,0,1,1,1,1,0,1,0,Senior,0,1,0,1,1,Woman,0,0,0,0,0,0,0,1,0,0,0,0,1,1,1,1,1,1,0,1,1,1,0,0,0,1,0,0,0,Computer Science,0,0,0,1,0,0,0,No,No,No,No,No
True,No,Maybe,No,No,Maybe,Yes,Woman,0,1,1,1,1,0,1,0,Senior,0,1,0,1,1,Woman,0,0,0,0,0,0,0,1,0,0,0,0,1,1,1,1,1,1,0,1,1,1,0,0,0,1,0,0,0,Computer Science,0,0,0,1,0,0,0,No,No,No,No,No
False,Maybe,No,No,Maybe,Yes,Yes,Woman,1,1,1,1,1,0,0,0,Freshman,1,0,1,0,1,Woman,0,0,0,0,0,0,0,0,0,0,0,0,1,1,1,1,1,1,0,0,0,1,0,0,0,0,0,0,0,Computer Science,0,0,0,0,0,0,0,No,No,No,Yes,No
False,No,Yes,Yes,Yes,No,Yes,Man,1,1,1,1,1,0,1,1,Junior,1,1,1,1,1,Man,0,0,0,0,0,0,0,0,0,0,0,0,1,1,1,1,1,1,0,1,0,1,0,0,1,0,0,0,0,Computer Science,0,0,0,1,0,0,0,No,No,No,Yes,Yes
False,No,Yes,No,No,Maybe,Yes,Woman,0,1,1,1,1,1,1,0,Junior,0,1,1,0,1,Woman,0,1,0,0,0,0,0,1,0,0,0,0,1,1,1,0,0,0,0,1,0,1,0,0,0,1,0,0,0,Computer Science,0,0,0,1,0,0,0,No,No,No,No,Yes
True,Yes,No,No,No,Yes,Yes,Woman,1,0,0,1,1,0,1,0,Junior,0,1,0,1,0,Woman,0,0,0,0,0,0,0,1,0,0,0,0,1,1,1,1,1,1,0,0,0,1,0,0,0,1,0,0,0,Computer Science,0,0,0,1,0,0,0,No,No,No,No,No
False,No,No,No,Yes,Yes,Yes,Man,1,0,1,1,1,0,1,0,Senior,0,0,1,0,1,Man,0,0,0,0,0,0,0,0,0,0,0,0,1,1,1,1,0,1,0,0,0,1,0,1,0,0,0,0,0,Computer Science,0,0,1,0,0,0,0,No,No,No,Yes,Yes
False,Maybe,No,No,Maybe,Yes,Yes,Man,1,0,1,1,1,1,0,1,Freshman,0,1,1,1,1,Man,0,0,0,0,0,0,0,0,0,0,0,0,1,1,1,1,1,1,0,0,0,1,0,0,0,1,0,0,0,Computer Science,0,0,0,1,0,0,0,No,No,No,No,No
False,Maybe,Maybe,No,No,Maybe,Yes,Woman,0,1,1,1,0,1,0,0,Freshman,1,1,0,0,1,Woman,1,1,0,0,0,1,1,1,0,0,0,1,1,1,1,1,1,1,0,1,1,0,0,0,0,1,0,0,0,Computer Science,0,0,0,1,0,0,0,No,No,No,No,No
False,No,Maybe,No,Maybe,Maybe,Yes,Woman,0,0,1,1,1,0,0,0,Sophomore,0,1,0,1,1,Woman,0,0,0,0,0,0,0,0,0,0,0,0,1,1,1,1,1,1,0,1,1,1,0,0,0,1,0,0,0,Computer Science,0,0,0,1,0,0,0,No,No,No,No,Yes
False,Maybe,No,No,Yes,Yes,Yes,Man,1,1,1,1,1,0,1,1,Senior,0,0,1,0,1,Man,0,0,0,0,0,0,0,0,0,0,0,0,1,1,1,1,1,1,0,0,1,1,0,0,0,0,0,0,1,Computer Science,0,0,0,1,0,0,0,No,No,No,No,No
False,Yes,Yes,No,No,Yes,Yes,Man,0,1,1,0,1,1,0,0,Junior,0,1,0,1,1,Man,0,0,0,0,0,0,0,0,0,0,0,0,1,1,1,1,0,1,0,1,1,1,0,0,0,1,0,0,0,Computer Science,0,0,0,1,0,0,0,No,No,No,Yes,Yes
False,Yes,No,No,Maybe,Maybe,Yes,Woman,1,0,1,1,1,0,0,0,Freshman,0,0,0,0,1,Woman,0,1,0,0,0,0,0,0,0,0,0,0,0,1,0,0,0,0,0,0,0,1,0,0,0,1,0,0,0,Computer Science,0,0,0,1,0,0,0,No,No,Yes,No,Yes
False,No,Maybe,No,Maybe,Yes,Yes,Woman,0,1,1,0,0,0,1,1,Senior,0,0,1,0,1,Woman,1,1,0,0,0,0,0,0,0,0,0,0,1,1,1,1,0,0,0,0,1,0,1,0,0,0,0,0,0,Computer Science,0,0,0,1,0,0,0,No,No,No,No,No
False,Yes,No,No,Maybe,Yes,Yes,Woman,1,1,1,1,1,1,0,0,Junior,0,1,0,1,0,Woman,0,0,0,0,0,0,0,0,0,0,0,0,1,1,1,1,1,1,0,0,1,0,0,0,0,0,0,0,1,Computer Science,0,0,0,1,0,0,0,No,No,No,No,No
False,Maybe,No,No,Yes,Yes,Maybe,Man,1,0,1,1,1,1,1,0,Senior,0,1,1,1,0,Man,0,0,0,0,0,0,0,0,0,0,0,0,1,1,1,1,1,1,0,0,0,0,0,0,0,1,0,0,0,Computer Science,0,0,0,1,0,0,0,No,No,No,No,Yes
False,No,Maybe,No,Maybe,Maybe,Yes,Woman,1,1,1,1,1,1,0,0,Senior,0,1,0,1,1,Woman,0,1,0,0,0,0,0,1,0,0,0,0,1,1,1,1,1,1,0,1,1,0,0,0,0,0,0,0,1,Computer Science,0,1,0,0,0,0,0,No,No,No,No,No
False,Maybe,No,No,Yes,Yes,Yes,Woman,1,1,1,0,1,1,1,1,Sophomore,0,1,0,1,0,Woman,1,0,0,0,0,1,0,0,0,0,0,1,1,1,1,1,1,1,0,1,1,0,0,0,0,1,0,0,0,Computer Science,1,0,0,0,0,0,0,No,No,Yes,No,Yes
True,Yes,No,No,No,Yes,Yes,Man,1,0,1,1,1,1,1,0,Freshman,1,1,1,1,1,Man,1,0,0,0,1,1,0,0,0,0,0,0,1,1,1,1,1,1,0,0,1,1,0,1,1,0,0,0,1,Computer Science,0,0,0,1,0,0,0,No,No,Yes,Yes,No
False,Yes,Yes,No,No,No,Maybe,Man,1,0,1,1,1,1,1,0,Senior,1,0,1,0,1,Man,0,0,0,0,0,0,0,0,0,0,0,0,1,0,1,1,0,1,0,0,0,1,0,0,0,0,0,0,1,Computer Science,0,0,0,1,0,0,0,No,No,No,Prefer not to say,Yes
False,No,No,No,Yes,Yes,No,Man,0,0,0,1,1,1,1,1,Senior,1,0,1,0,1,Man,0,0,0,0,0,0,0,0,0,0,0,0,0,0,0,0,0,0,0,0,0,0,0,0,0,0,0,0,1,Computer Science,0,0,0,1,0,0,0,No,Prefer not to say,No,No,No
False,No,No,No,Yes,Yes,No,Woman,1,1,1,1,1,0,1,1,Junior,1,0,1,0,1,Woman,0,0,0,0,0,0,0,1,0,0,0,0,1,1,1,1,1,1,0,0,0,1,0,0,0,0,0,0,1,Computer Science,0,0,0,1,0,0,0,No,No,No,No,No
False,Maybe,No,No,No,Maybe,Yes,Woman,0,1,1,1,1,0,0,0,Senior,0,0,1,0,1,Woman,0,1,0,0,0,0,0,1,0,0,0,0,1,1,0,0,0,1,0,0,1,0,0,0,0,1,0,0,0,Computer Science,0,0,0,1,0,0,0,No,No,No,No,No
False,Yes,No,No,Yes,Yes,Yes,Man,1,0,1,1,1,1,0,1,Senior,1,1,1,0,1,Man,0,0,0,0,0,0,0,0,0,0,0,0,1,1,0,1,0,1,0,0,1,1,0,0,0,1,0,0,0,Computer Science,0,0,0,1,0,0,0,No,No,No,No,No
True,No,No,No,Maybe,No,Yes,Woman,0,1,1,1,1,1,1,0,Junior,1,1,1,1,1,Woman,0,1,0,0,0,0,0,1,0,0,0,0,1,1,1,1,0,1,0,1,1,0,0,0,0,1,0,0,0,Computer Science,0,0,0,1,0,0,0,No,No,No,No,No
False,No,No,No,No,Maybe,Yes,Woman,1,0,1,1,1,1,1,0,Freshman,0,1,0,0,0,Woman,0,1,0,0,0,0,0,0,0,0,0,0,1,1,1,1,0,1,0,1,1,1,0,0,0,1,0,0,0,Computer Science,0,1,0,0,0,0,0,No,No,No,No,No
False,Maybe,Yes,No,Yes,Maybe,Yes,Woman,0,0,1,1,0,1,0,0,Junior,0,1,1,0,1,Woman,0,1,0,0,0,0,1,1,0,0,0,1,1,1,0,0,0,1,0,1,0,0,0,0,0,1,0,0,0,Computer Science,0,0,0,1,0,0,0,No,No,No,No,Yes
False,No,Maybe,No,Maybe,No,Yes,Man,1,0,1,1,0,0,1,0,Freshman,1,0,0,0,1,Man,1,0,0,0,0,1,1,0,0,0,0,0,1,1,1,1,1,1,0,0,0,1,0,1,0,0,0,0,0,Computer Science,0,0,0,1,0,0,0,No,No,No,No,No
False,Yes,No,No,No,Yes,Yes,Woman,1,0,1,1,1,0,1,0,Freshman,0,1,1,1,1,Woman,0,0,0,0,0,0,0,1,0,0,0,0,1,1,1,1,1,1,0,1,1,1,0,0,0,1,0,0,0,Computer Science,0,0,0,1,0,0,0,No,No,No,No,No
True,Maybe,Maybe,No,Yes,Maybe,Yes,Woman,0,1,1,1,1,1,1,0,Sophomore,0,1,0,1,1,Woman,0,0,0,0,0,0,0,0,0,0,0,0,1,1,1,1,1,1,0,0,0,1,0,0,0,1,0,0,0,Informatics,0,0,0,1,0,0,0,No,No,Yes,No,No
False,No,Yes,No,Yes,No,Yes,Man,0,1,0,1,0,1,1,0,Freshman,0,0,0,0,0,Man,0,0,0,0,0,0,1,1,0,0,0,0,1,1,1,1,1,1,0,0,0,1,0,0,0,0,0,0,1,Computer Science,0,0,0,1,0,0,0,No,Yes,No,No,No
True,Maybe,Yes,No,Maybe,No,Yes,Woman,0,1,1,0,1,1,1,0,Junior,0,1,1,1,1,Woman,0,0,0,0,0,0,1,0,0,0,0,0,1,1,1,1,1,1,0,1,1,1,0,1,0,0,0,0,0,Computer Science,0,1,0,0,0,0,0,No,No,No,No,No
False,Maybe,No,No,Maybe,Yes,Yes,Woman,1,1,1,1,1,1,1,1,Junior,0,1,1,0,1,Woman,0,1,0,0,0,0,1,1,0,0,0,0,1,1,1,1,1,1,0,0,0,0,0,1,0,0,0,0,1,Computer Science,0,1,0,0,0,0,0,No,No,No,No,Yes
False,No,No,No,No,No,Yes,Woman,1,1,1,1,1,1,1,0,Junior,1,0,1,0,1,Woman,0,0,0,0,0,0,0,0,0,0,0,0,1,1,1,1,1,1,0,1,1,1,0,0,0,0,0,0,1,Computer Science,0,0,0,1,0,0,0,No,No,No,No,No
True,Yes,Maybe,No,Yes,Yes,Yes,Woman,0,1,1,1,1,1,0,0,Sophomore,1,1,0,0,0,Woman,1,0,0,0,0,0,0,1,0,0,0,0,1,1,1,1,1,1,0,1,1,1,0,0,0,1,0,0,0,Computer Science,0,1,0,0,0,0,0,No,No,No,No,No
True,Yes,No,No,Maybe,Yes,Yes,Woman,1,0,0,1,1,0,0,0,Senior,1,0,1,0,1,Woman,0,0,0,0,0,0,0,1,0,0,0,0,1,1,1,1,0,0,0,1,0,1,0,0,0,1,0,0,0,Computer Science,0,0,0,1,0,0,0,No,No,No,No,No
True,Yes,No,No,Yes,Yes,Yes,Woman,1,0,1,1,1,0,1,0,Sophomore,1,1,1,0,1,Woman,0,0,0,0,0,0,0,0,0,0,0,0,1,1,1,1,1,1,0,0,0,1,0,0,0,1,0,0,0,Computer Science,0,0,0,1,0,0,0,No,No,No,No,No
True,No,No,No,Maybe,Maybe,Yes,Woman,0,1,1,1,1,0,0,1,Freshman,0,1,0,0,0,Woman,0,0,0,0,0,0,0,1,0,0,0,0,1,1,1,1,1,1,0,0,0,1,0,0,0,1,0,0,0,Computer Science,0,0,0,0,0,0,0,No,No,No,No,No
False,Yes,No,No,Maybe,Yes,Maybe,Man,0,1,1,0,1,0,0,0,Freshman,1,0,1,0,1,Man,0,0,0,0,0,0,0,0,0,0,0,0,1,1,1,0,1,1,0,0,0,1,0,0,0,1,0,0,0,Computer Science,0,0,0,1,0,0,0,No,No,No,No,No
False,No,No,No,No,No,Yes,Man,1,1,1,1,0,1,0,0,Junior,1,1,1,1,1,Man,1,0,0,0,0,0,1,0,0,0,0,0,1,1,1,1,1,1,0,1,1,0,0,1,0,0,0,0,0,Computer Science,0,0,0,1,0,0,0,No,No,No,No,No
False,No,Yes,No,No,No,Yes,Woman,0,1,1,0,0,1,0,0,Sophomore,0,1,0,1,1,Woman,1,1,0,0,0,0,1,1,0,0,0,0,1,1,1,1,1,1,0,1,1,1,0,0,0,1,0,0,0,Computer Science,0,1,0,0,0,0,0,No,No,No,No,No
False,No,Maybe,No,Maybe,Maybe,Yes,Woman,0,1,1,1,1,0,1,0,Sophomore,1,0,1,0,1,Woman,0,0,0,0,0,0,0,0,0,0,0,0,1,1,1,1,0,0,0,0,0,0,1,0,0,0,0,0,0,Computer Science,0,0,0,1,0,0,0,No,No,No,No,Yes
True,No,No,No,Yes,Yes,Yes,Man,1,0,0,1,1,0,1,0,Junior,1,0,0,0,1,Man,0,0,0,0,0,0,0,0,0,0,0,0,0,0,0,0,0,0,0,0,0,0,0,0,0,1,0,0,0,Computer Science,0,0,0,1,0,0,0,No,No,No,No,No
True,Yes,Maybe,No,Yes,Yes,Yes,Woman,0,1,1,1,0,0,1,0,Junior,0,0,0,0,0,Woman,0,0,0,0,0,0,0,1,0,0,0,0,0,0,0,0,0,0,0,0,1,0,0,0,0,0,0,0,1,Computer Science,0,0,0,1,0,0,0,No,No,No,No,No
False,Maybe,No,No,Yes,Yes,Yes,Man,1,0,1,1,1,1,0,0,Freshman,0,0,1,0,1,Man,0,0,0,0,0,0,0,0,0,0,0,0,1,0,0,1,0,1,0,0,1,1,0,0,0,1,0,0,0,Computer Science,0,0,0,1,0,0,0,No,No,Yes,Yes,No
False,Maybe,No,Maybe,Maybe,Yes,Yes,Man,1,0,1,1,1,0,1,1,Sophomore,1,0,1,1,1,Man,0,0,0,0,0,0,0,0,0,0,0,0,1,1,1,1,1,1,0,0,0,0,0,0,0,1,0,0,0,Computer Science,0,0,0,1,0,0,0,No,No,No,No,No
False,Maybe,Yes,No,Yes,Yes,Yes,Man,1,0,1,1,1,0,0,0,Senior,1,0,1,0,1,Man,0,0,0,0,1,1,0,0,0,0,0,0,0,1,1,1,0,0,0,0,0,1,0,0,0,0,0,0,1,Computer Science,0,0,0,1,0,0,0,No,No,Yes,Yes,No
True,Yes,No,No,Maybe,Yes,Yes,Woman,0,1,1,1,1,1,0,1,Sophomore,0,1,0,0,1,Woman,0,0,0,0,0,0,0,0,0,0,0,0,1,1,1,1,1,1,0,1,1,0,0,0,0,1,0,0,0,Computer Science,0,1,0,0,0,0,0,No,No,No,No,No
True,Yes,Yes,No,Maybe,Yes,Yes,Woman,0,1,1,1,1,1,1,1,Junior,0,1,1,0,1,Woman,0,0,0,0,0,0,0,1,0,0,0,0,1,1,1,1,1,1,0,0,0,0,0,0,0,0,0,0,1,Computer Science,0,1,0,0,0,0,0,No,No,No,No,No
True,Yes,Yes,No,Maybe,Maybe,Yes,Woman,0,1,1,1,1,0,0,0,Junior,0,1,0,1,1,Woman,0,0,0,0,0,0,0,0,0,0,0,0,1,1,1,1,1,1,0,1,1,1,0,0,0,1,0,0,0,Computer Science,0,1,0,0,0,0,0,No,No,No,No,No
True,Yes,No,No,Yes,Yes,Yes,Woman,1,1,1,0,1,0,1,0,Sophomore,0,1,1,1,0,Woman,0,0,0,0,0,0,0,0,0,0,0,0,1,1,1,1,0,0,0,0,0,0,1,0,0,0,0,0,0,Computer Science,0,0,0,0,0,0,0,No,No,No,No,No
True,Yes,No,No,Yes,Yes,Yes,Woman,1,0,0,1,1,0,0,0,Freshman,0,0,0,0,1,Woman,0,0,0,0,0,0,0,0,0,0,0,0,0,0,0,0,0,0,0,0,0,1,0,0,0,1,0,0,0,Computer Science,0,0,0,1,0,0,0,No,No,Yes,Yes,No
False,No,Yes,No,No,Maybe,Yes,Woman,0,1,1,1,1,1,1,0,Senior,0,1,0,1,1,Woman,0,1,0,0,0,0,1,1,0,0,0,0,1,1,0,0,0,0,0,1,1,0,0,0,0,1,0,0,0,Computer Science,0,0,0,1,0,0,0,No,No,No,No,No
True,Maybe,Yes,No,Yes,Yes,Yes,Woman,0,1,0,1,1,1,0,0,Junior,0,1,0,1,0,Woman,0,1,0,0,0,0,0,0,0,0,0,0,1,1,1,0,0,0,0,1,1,0,0,0,0,1,0,0,0,Informatics,0,1,0,0,0,0,0,No,No,No,No,No
True,Maybe,Yes,No,Yes,Yes,Yes,Woman,0,1,0,1,1,1,0,0,Junior,0,1,0,1,0,Woman,0,1,0,0,0,0,0,0,0,0,0,0,1,1,1,0,0,0,0,1,1,0,0,0,0,1,0,0,0,Informatics,0,1,0,0,0,0,0,No,No,No,No,No
True,Yes,Maybe,No,Yes,Yes,Yes,Woman,0,0,1,1,1,1,0,0,Sophomore,1,0,0,0,1,Woman,0,0,0,0,0,0,0,0,0,0,0,0,0,0,0,0,0,0,0,1,1,1,0,0,0,1,0,0,0,Computer Science,0,0,0,1,0,0,0,No,No,No,No,No
False,Maybe,Yes,No,Maybe,No,Yes,Man,0,1,0,1,1,0,1,0,Junior,1,1,1,1,0,Man,1,0,0,0,0,0,0,0,0,0,0,0,1,1,1,1,1,1,0,1,1,1,1,0,0,0,0,0,0,Computer Science,0,0,0,1,0,0,0,No,No,No,No,No
False,Yes,No,No,Yes,Yes,Maybe,Man,1,0,1,1,1,0,1,1,Freshman,1,0,1,0,1,Man,1,0,0,0,0,0,1,0,0,0,0,0,1,1,0,0,0,1,0,0,0,1,0,0,0,0,0,0,1,Computer Science,1,0,0,0,0,0,0,No,Yes,No,No,No
False,No,No,No,Yes,Yes,Yes,Man,1,0,1,1,1,0,0,1,Junior,1,0,1,0,0,Man,0,0,0,0,0,0,0,0,0,0,0,0,1,1,1,1,1,1,0,0,0,1,0,0,0,0,0,0,1,Computer Science,0,0,0,1,0,0,0,No,No,No,No,No
True,Yes,No,No,Yes,Yes,No,Man,0,0,1,1,1,0,1,1,Sophomore,1,1,1,0,0,Man,0,0,0,0,0,0,0,0,0,0,0,0,0,0,0,0,0,0,0,0,0,1,0,0,0,0,0,0,0,Computer Science,1,0,0,0,0,0,0,No,No,Yes,No,No
True,No,No,No,Maybe,Maybe,Yes,Woman,0,0,1,0,0,1,0,0,Junior,0,1,0,1,0,Woman,0,0,0,0,0,0,0,0,0,0,0,0,1,1,1,1,1,1,0,1,1,0,0,0,0,1,0,0,0,Undecided,0,1,0,0,0,0,0,No,No,No,Prefer not to say,No
False,Yes,No,No,No,Yes,Yes,Man,1,0,1,1,1,0,1,1,Sophomore,0,1,1,0,1,Man,0,0,0,0,0,0,0,0,0,0,0,0,1,1,1,1,0,1,0,0,0,1,1,0,0,0,0,0,0,Computer Science,0,0,0,1,0,0,0,No,No,No,Yes,Yes
True,Yes,Yes,No,Maybe,No,Yes,Woman,0,1,0,0,0,0,1,0,Senior,0,1,0,0,0,Woman,0,0,0,0,0,0,1,0,1,0,0,0,1,1,1,1,1,1,0,0,1,0,1,1,0,0,0,1,0,Computer Science,0,0,0,0,1,0,0,No,No,No,Prefer not to say,No
True,Yes,Yes,Maybe,Yes,Maybe,Yes,Woman,0,1,1,1,1,0,0,0,Senior,0,0,1,0,0,Woman,0,0,0,0,0,0,1,1,0,0,0,0,1,1,1,1,1,1,0,1,1,0,0,0,0,1,0,0,0,Computer Science,0,0,0,1,0,0,0,No,No,No,No,No
True,No,Maybe,No,Yes,Yes,Yes,Woman,1,1,1,1,1,1,0,0,Sophomore,0,1,1,0,0,Woman,1,1,0,0,1,1,1,1,0,0,1,0,1,1,1,1,1,1,0,1,1,1,0,0,0,1,0,0,0,Computer Science,0,0,0,1,0,0,0,No,No,Yes,No,No
True,Yes,Yes,No,Maybe,No,Yes,Woman,0,1,1,0,1,1,1,1,Freshman,0,1,1,0,0,Woman,0,0,0,0,0,0,1,0,0,0,0,0,1,1,1,1,1,1,0,0,1,0,1,0,0,0,0,0,0,Undecided,0,1,0,0,0,0,0,No,No,No,Prefer not to say,No
True,Maybe,No,No,Maybe,Maybe,Yes,Man,0,1,1,1,1,1,1,0,Sophomore,1,1,1,1,0,Man,0,0,0,0,0,0,0,0,0,0,0,0,1,0,0,0,0,0,0,0,1,1,0,0,0,1,0,0,0,Computer Science,0,0,0,1,0,0,0,No,No,Yes,No,No
False,Yes,Yes,No,No,No,Yes,Man,0,1,1,0,1,1,0,0,Junior,0,0,1,1,1,Man,0,0,0,0,0,0,0,0,0,0,0,0,1,1,1,1,1,1,0,1,1,0,0,0,0,1,0,0,0,Computer Science,0,0,0,1,0,0,0,No,No,Yes,Yes,No
False,Yes,Yes,No,No,No,Yes,Woman,0,1,1,1,1,1,0,0,Senior,0,1,0,1,1,Woman,1,1,0,0,0,0,1,1,1,0,0,0,1,1,1,1,1,1,0,1,1,0,0,1,0,0,0,0,1,Undecided,0,1,0,0,0,0,0,No,No,No,No,No
False,Yes,Yes,No,No,No,Yes,Woman,0,1,1,0,0,1,0,0,Sophomore,0,1,0,1,0,Woman,1,1,0,0,0,0,1,1,0,0,0,0,1,1,1,1,1,1,0,1,1,0,0,0,0,0,0,0,0,Computer Science,0,0,0,0,0,0,0,No,Prefer not to say,Prefer not to say,Prefer not to say,Prefer not to say
False,Maybe,No,No,Maybe,No,Yes,Woman,1,0,1,1,1,0,1,0,Sophomore,0,0,1,1,0,Woman,0,1,0,0,0,0,0,1,0,0,0,0,1,1,1,1,1,1,0,0,0,1,0,0,0,1,0,0,0,Computer Science,0,0,0,1,0,0,0,No,No,No,No,No
False,Yes,No,No,Maybe,Yes,Yes,Man,1,0,0,1,1,0,0,0,Senior,1,0,1,0,1,Man,0,0,0,0,0,0,0,0,0,0,0,0,1,1,1,0,0,0,0,0,0,1,0,1,0,0,0,0,1,Statistics/DS,0,0,0,1,0,0,0,No,No,No,No,No
False,No,Yes,No,No,No,Yes,Woman,0,1,1,0,0,1,0,0,Junior,0,1,0,1,0,Woman,1,0,0,0,0,1,1,0,0,0,0,0,1,1,1,1,1,1,0,1,1,0,1,0,0,0,0,0,0,Computer Science,0,1,0,0,0,0,0,No,No,No,Yes,No
False,Yes,Yes,Yes,No,No,Yes,Woman,0,1,1,1,0,1,0,0,Freshman,0,0,0,0,0,Woman,0,0,0,0,0,0,0,0,0,0,0,0,1,1,1,1,1,1,0,1,1,1,0,0,0,1,0,0,1,Computer Science,0,0,0,1,0,0,0,No,No,No,No,No
False,Yes,No,No,Maybe,Yes,Maybe,Man,1,0,1,1,1,0,1,0,Junior,1,0,1,0,1,Man,0,0,0,0,0,0,0,0,0,0,0,0,1,1,1,1,1,1,0,0,0,1,0,0,0,0,0,0,1,Mathematics,0,0,0,1,0,0,0,No,No,No,No,No
False,Yes,No,No,No,No,Yes,Woman,0,1,1,0,0,1,1,1,Junior,0,1,0,1,1,Woman,0,0,0,0,1,1,0,0,0,0,0,0,1,1,1,1,1,1,0,1,0,0,0,0,0,0,0,0,1,Computer Science,0,1,0,0,0,0,0,No,No,Yes,Yes,No
True,Maybe,Yes,No,No,Maybe,Yes,Non-binary,0,0,1,1,1,1,1,0,Freshman,0,1,0,1,0,Other,1,0,1,0,0,0,0,0,0,0,0,0,1,1,1,1,1,1,0,1,0,0,0,0,0,1,0,0,0,Computer Science,0,0,0,0,1,1,0,Prefer not to say,No,Prefer not to say,No,No
False,Yes,Yes,No,No,Maybe,Yes,Woman,0,1,1,0,0,1,1,1,Senior,0,1,1,1,1,Woman,0,1,0,0,0,0,0,1,0,0,0,0,1,1,1,1,1,1,0,0,1,1,0,0,0,1,0,0,1,Computer Science,0,1,0,0,0,1,0,No,No,No,No,No
False,Yes,No,No,Yes,No,No,Non-binary,1,0,0,1,1,0,1,1,Junior,1,0,1,0,1,Other,0,0,0,0,0,0,0,0,0,0,0,0,0,0,0,0,1,0,0,0,0,1,0,0,0,0,0,0,0,Computer Science,0,0,0,0,0,0,0,No,No,No,Prefer not to say,No
False,Yes,Yes,Maybe,Maybe,No,Yes,Woman,0,1,1,0,1,1,0,0,Senior,0,0,1,0,1,Woman,1,1,0,1,0,0,0,0,0,0,0,0,1,1,1,1,0,1,0,1,1,1,1,0,0,0,0,0,0,Computer Science,0,1,0,0,0,0,0,No,Yes,Yes,Yes,No
False,Maybe,Maybe,No,Maybe,Yes,Yes,Woman,1,0,1,1,1,0,0,0,Junior,0,0,1,1,1,Woman,0,1,0,0,0,0,0,1,0,0,0,0,1,1,1,1,1,1,0,1,0,1,0,0,0,1,0,0,0,Computer Science,0,0,0,1,0,0,0,No,Yes,No,No,No
False,Yes,No,No,No,No,Yes,Man,1,0,1,1,0,0,1,1,Senior,0,0,1,0,0,Man,0,0,0,0,0,0,0,0,0,0,0,0,1,1,1,1,1,1,0,0,0,1,0,0,0,0,0,0,1,Undecided,0,0,0,1,0,0,0,No,No,No,No,No
True,No,Yes,No,Maybe,No,Yes,Woman,0,1,1,1,1,0,0,0,Sophomore,0,1,0,1,0,Woman,0,0,0,0,0,0,0,0,0,0,0,0,1,1,1,1,1,1,0,0,0,1,0,0,0,1,0,0,0,Undecided,0,0,0,1,0,0,0,No,No,Prefer not to say,Yes,No
False,No,No,No,No,No,Yes,Woman,0,1,0,0,0,1,0,0,Senior,0,1,0,0,0,Woman,0,0,0,0,0,0,0,0,0,0,0,0,1,1,1,1,1,1,0,1,1,0,1,0,0,0,0,0,0,Computer Science,0,0,0,1,0,0,0,No,No,No,Prefer not to say,Prefer not to say
True,No,No,No,Maybe,Maybe,Yes,Woman,1,0,1,1,1,0,0,0,Freshman,0,1,0,0,0,Woman,0,0,0,0,0,0,0,1,0,0,0,0,1,1,1,1,1,1,0,1,1,0,0,0,0,1,0,0,0,Computer Science,0,0,0,1,0,0,0,No,No,No,No,No
True,No,No,No,Maybe,No,Yes,Woman,1,1,1,1,1,1,1,0,Freshman,0,1,1,1,0,Woman,0,0,0,0,0,0,0,0,0,0,0,0,1,1,1,1,1,1,0,1,1,0,0,0,0,1,0,0,0,Computer Science,0,0,0,1,0,0,0,No,No,No,No,No
False,No,Maybe,No,Yes,Yes,Yes,Man,1,0,1,1,1,0,1,0,Sophomore,1,0,0,0,0,Man,0,0,0,0,0,0,0,0,0,0,0,0,1,1,1,1,1,1,0,0,1,1,0,0,0,0,0,0,1,Computer Science,0,0,0,1,0,0,0,No,No,No,No,No
False,Maybe,No,No,Yes,Maybe,Yes,Woman,0,0,1,1,1,0,0,0,Junior,0,0,1,0,0,Woman,0,1,0,0,0,0,0,1,0,0,0,0,1,1,1,0,0,1,0,0,1,0,0,0,0,1,0,0,0,Computer Science,0,0,0,1,0,0,0,No,No,No,No,Yes
False,No,Yes,No,Yes,Maybe,Yes,Woman,0,1,1,1,1,0,0,0,Freshman,0,0,1,0,1,Woman,0,0,0,0,0,0,0,1,0,0,0,0,1,1,1,1,1,1,0,0,1,1,0,0,0,0,0,0,1,Undecided,0,0,0,1,0,0,0,No,No,No,No,No
False,No,Maybe,No,Maybe,No,Yes,Man,0,1,1,1,1,1,1,0,Junior,0,1,1,0,1,Man,1,0,0,0,0,0,1,0,0,0,0,0,1,1,1,1,0,1,0,0,1,1,1,0,0,0,0,0,1,Computer Science,0,0,0,1,0,0,0,No,No,No,No,No
False,Yes,No,No,Maybe,Yes,Yes,Woman,1,0,1,1,1,1,0,0,Senior,0,1,1,0,1,Woman,0,1,0,0,0,0,0,1,0,0,0,0,1,1,1,1,1,1,0,1,1,0,0,0,0,0,0,0,1,Computer Science,0,0,0,1,0,0,0,No,No,No,No,No
False,No,Maybe,No,Maybe,No,Yes,Woman,0,1,1,1,0,1,0,0,Junior,0,1,1,0,1,Woman,0,1,0,0,0,0,0,1,0,0,0,0,1,1,0,1,0,0,0,0,1,1,0,0,0,0,0,0,1,Computer Science,0,0,0,1,0,0,0,No,No,No,No,No
False,No,Yes,No,Maybe,Yes,Yes,Woman,0,1,1,1,0,0,0,1,Freshman,0,1,1,1,1,Woman,0,1,0,0,0,0,0,0,0,0,0,0,1,1,1,1,1,1,0,0,0,0,0,0,0,0,0,0,1,Computer Science,0,0,0,1,0,0,0,No,No,No,No,No
False,Yes,Yes,No,Yes,Maybe,Yes,Man,0,1,1,1,1,0,1,1,Freshman,1,0,1,0,1,Man,0,0,0,0,0,0,0,0,0,0,0,0,1,1,1,1,1,1,0,0,0,0,0,0,0,1,0,0,0,Computer Science,0,0,0,1,0,0,0,No,No,No,Yes,No
False,Maybe,No,No,Maybe,Yes,Yes,Woman,0,0,1,1,1,1,0,0,Freshman,1,1,0,1,0,Woman,0,1,0,0,0,0,0,1,0,0,0,0,1,1,1,1,1,1,0,1,0,1,0,0,0,1,0,0,0,Computer Science,0,0,0,1,0,0,0,No,No,No,No,No
False,Maybe,Maybe,No,Maybe,Maybe,Yes,Man,1,0,0,1,1,0,1,0,Senior,0,0,1,0,1,Man,0,0,0,0,0,1,0,0,0,0,0,1,1,1,0,0,1,0,0,0,0,1,0,0,0,0,0,0,1,Computer Science,0,0,0,1,0,0,0,No,No,No,No,No
False,Maybe,Maybe,No,Yes,Maybe,Yes,Man,1,0,1,0,0,0,1,1,Junior,1,0,1,0,1,Man,0,0,0,0,0,0,0,0,0,0,0,0,1,1,0,0,0,0,0,0,1,1,0,0,0,1,0,0,0,Computer Science,0,0,0,1,0,0,0,No,No,Yes,Yes,No
False,Yes,No,No,Yes,Yes,Yes,Woman,1,1,1,1,1,0,1,0,Junior,0,0,1,0,1,Woman,0,1,0,0,0,0,0,1,0,0,0,0,1,1,1,1,1,1,0,1,1,0,0,0,0,0,0,0,1,Computer Science,0,0,0,1,0,0,0,No,No,No,No,No
False,No,No,No,Yes,Yes,No,Man,1,0,1,1,1,0,1,1,Junior,1,0,1,0,1,Man,0,0,0,0,0,0,0,0,0,0,0,0,0,0,0,0,0,0,0,0,0,1,0,0,0,0,0,0,0,Computer Science,0,0,0,1,0,0,0,No,Yes,No,No,Yes
False,Yes,No,No,Yes,Yes,Yes,Man,1,0,1,0,1,0,1,0,Junior,0,0,1,0,1,Man,0,0,0,0,0,0,0,0,0,0,0,0,1,1,1,1,0,0,0,0,0,0,0,0,0,1,0,0,0,Computer Science,0,0,0,1,0,0,0,No,No,No,No,No
False,No,No,No,No,Maybe,Yes,Woman,0,1,1,1,1,1,1,0,Sophomore,0,1,0,1,1,Woman,0,1,0,0,0,0,0,1,0,0,0,0,1,1,1,1,1,1,0,1,1,1,0,0,0,1,0,0,0,Computer Science,0,0,0,1,0,0,0,No,No,No,No,No
False,Maybe,Maybe,No,Maybe,Maybe,Yes,Woman,1,1,1,0,1,0,1,1,Freshman,0,1,1,1,1,Woman,0,0,0,0,0,0,0,0,0,0,0,0,1,1,1,1,1,1,0,0,1,0,0,0,0,1,0,0,0,Computer Science,0,0,0,1,0,0,0,No,No,No,No,No
False,Yes,No,No,Maybe,Maybe,Yes,Woman,1,0,1,1,1,0,1,0,Junior,1,0,1,0,1,Woman,1,1,0,0,0,0,0,1,0,0,0,0,1,1,1,1,0,1,0,0,0,1,0,0,0,1,0,0,0,Computer Science,0,0,0,1,0,0,0,No,No,No,No,No
False,Yes,No,No,No,Maybe,Yes,Woman,1,1,1,1,1,1,0,0,Senior,1,1,1,1,1,Woman,0,1,0,0,0,1,0,1,0,0,0,1,1,1,1,1,1,1,0,0,1,0,0,0,0,1,0,0,1,Computer Science,0,0,0,1,0,0,0,No,No,No,No,No
False,Maybe,Maybe,No,Maybe,Maybe,Yes,Man,0,1,1,1,1,0,0,0,Sophomore,0,0,1,0,0,Man,0,0,0,0,0,0,0,0,0,0,0,0,1,1,1,1,1,1,0,0,0,0,0,0,0,1,0,0,0,Computer Science,0,0,0,1,0,0,0,No,No,No,No,No
False,No,No,No,Maybe,Maybe,Yes,Man,1,1,1,1,1,0,1,0,Junior,0,0,0,0,1,Man,0,0,0,0,0,0,0,0,0,0,0,0,1,1,1,1,1,1,0,0,1,1,0,0,0,1,0,0,0,Computer Science,0,0,0,1,0,0,0,No,No,No,No,No
False,Yes,No,No,Maybe,Yes,Yes,Woman,0,1,1,1,1,1,0,0,Sophomore,1,0,1,0,1,Woman,0,1,0,0,0,0,0,1,0,0,0,0,1,1,0,0,1,1,0,0,1,1,0,0,0,1,0,0,0,Computer Science,0,0,0,1,0,0,0,No,No,No,No,No
False,Yes,No,No,No,Yes,Yes,Woman,1,0,1,1,1,0,1,1,Senior,0,1,1,1,0,Woman,0,1,0,0,0,0,0,1,0,0,0,0,1,1,1,1,1,1,0,1,0,1,0,0,0,1,0,0,0,Computer Science,0,0,0,1,0,0,0,No,No,No,No,Yes
False,Yes,Yes,No,Yes,Maybe,Yes,Woman,0,1,1,1,1,1,0,0,Sophomore,0,0,1,0,1,Woman,0,1,0,0,0,0,0,1,0,0,0,0,1,1,1,0,1,1,0,1,1,0,0,0,0,0,0,0,1,Computer Science,0,0,0,1,0,0,0,No,No,Yes,Yes,Yes
False,No,Maybe,No,Yes,Yes,Yes,Man,1,1,1,1,1,0,0,0,Sophomore,1,1,1,0,1,Man,0,0,0,0,0,0,0,0,0,0,0,0,1,1,1,1,0,1,0,0,1,1,0,0,0,0,0,0,1,Computer Science,0,0,0,1,0,0,0,No,Yes,No,No,No
False,Yes,Yes,No,Maybe,Yes,Yes,Man,1,0,1,1,1,0,1,0,Junior,1,0,1,0,1,Man,0,0,0,0,0,0,1,1,0,0,0,0,1,1,1,0,0,1,0,1,1,1,0,0,0,0,0,0,1,Computer Science,0,0,0,1,0,0,0,No,No,No,No,No
False,Maybe,No,No,Maybe,Maybe,Yes,Woman,1,0,1,1,1,0,0,0,Sophomore,0,0,1,0,1,Woman,0,1,0,0,0,0,0,1,0,0,0,0,1,1,1,1,1,1,0,1,1,1,0,0,0,0,0,0,1,Computer Science,0,0,0,1,0,0,0,No,No,No,No,No
False,Yes,No,No,No,Yes,Yes,Man,1,0,1,1,1,0,1,0,Sophomore,1,0,1,0,1,Man,0,0,0,0,0,0,0,0,0,0,0,0,1,1,1,1,1,1,0,0,0,1,0,0,0,1,0,0,0,Computer Science,0,0,0,1,0,0,0,No,No,No,No,No
False,No,No,No,No,Maybe,Yes,Man,1,0,1,1,1,1,0,1,Freshman,0,0,0,0,1,Man,1,0,0,0,0,1,0,0,0,0,0,0,1,1,0,1,0,1,0,1,0,0,1,0,0,0,0,0,0,Computer Science,0,0,0,1,0,0,0,No,No,No,Yes,Yes
False,Maybe,No,No,Yes,Yes,Yes,Woman,0,0,1,1,1,0,0,1,Junior,0,0,1,0,1,Woman,0,0,0,0,0,0,0,0,0,0,0,0,1,1,1,0,0,0,0,0,0,1,0,0,0,1,0,0,0,Computer Science,0,0,0,1,0,0,0,No,No,Yes,Yes,No
False,Maybe,Yes,No,Maybe,Yes,Yes,Woman,1,0,1,1,1,1,1,0,Senior,0,1,0,1,1,Woman,0,0,0,0,0,0,0,1,0,0,0,0,1,1,1,1,1,1,0,1,1,1,0,0,0,0,0,0,1,Computer Science,0,0,0,1,0,0,0,No,No,No,No,No
False,Yes,Yes,Yes,Yes,Yes,No,Man,1,0,1,1,1,0,1,0,Junior,1,0,0,0,0,Man,0,0,0,0,0,0,0,0,0,0,0,0,0,0,0,0,0,0,0,0,0,1,0,0,1,0,0,0,1,Computer Science,0,0,0,1,0,0,0,No,No,Yes,No,No
True,Yes,No,No,Maybe,Yes,Yes,Woman,0,1,1,1,1,1,1,0,Freshman,0,1,1,1,1,Woman,0,0,0,0,0,0,0,0,0,0,0,0,1,1,1,1,0,1,0,1,0,0,0,0,0,1,0,0,0,Computer Science,0,0,0,1,0,0,0,No,No,No,No,No
True,No,Yes,No,Maybe,No,Yes,Woman,0,1,1,1,0,1,0,0,Sophomore,0,1,1,0,1,Woman,0,0,0,0,0,0,0,0,0,0,0,0,0,0,0,0,0,0,0,1,0,1,0,0,0,1,0,0,0,Computer Science,0,0,0,1,0,0,0,No,No,No,No,No
True,Maybe,Maybe,No,Yes,Maybe,Yes,Woman,0,0,1,1,0,0,1,1,Sophomore,1,1,0,0,1,Woman,0,0,0,0,0,0,0,0,0,0,0,0,1,1,1,1,0,1,0,1,0,0,0,0,0,1,0,0,0,Computer Science,0,0,0,1,0,0,0,No,No,No,No,No
True,Yes,Yes,No,Maybe,Yes,Yes,Woman,0,1,1,1,1,0,1,1,Sophomore,1,0,1,0,0,Woman,0,0,0,0,0,0,0,0,0,0,0,0,1,1,1,1,1,1,0,1,1,0,0,0,0,1,0,0,0,Engineering-based,0,0,0,1,0,0,0,No,No,No,No,No
False,Maybe,Maybe,No,Yes,Maybe,Yes,Woman,0,1,1,1,1,0,0,0,Junior,0,1,0,0,1,Woman,1,1,0,0,1,1,0,0,0,0,0,0,1,1,1,1,1,1,0,1,0,1,0,0,0,1,0,0,0,Computer Science,0,0,0,1,0,0,0,No,No,Yes,Yes,No
False,Maybe,Yes,No,No,No,Yes,Man,0,1,1,0,0,1,0,0,Freshman,0,0,1,0,0,Man,0,0,0,0,0,0,0,0,0,0,0,0,1,1,1,1,1,1,0,0,1,0,0,0,0,1,0,0,0,Computer Science,0,0,0,1,0,0,0,No,Prefer not to say,No,No,No
True,Yes,No,No,Maybe,Maybe,Yes,Woman,0,1,1,1,1,0,0,1,Sophomore,1,1,1,0,1,Woman,0,0,0,0,0,0,0,0,0,0,0,0,1,1,1,1,0,0,0,0,0,1,0,0,0,1,0,0,0,Engineering-based,0,0,0,1,0,0,0,No,No,No,No,Yes
True,Yes,No,No,Maybe,Maybe,Yes,Woman,0,1,1,1,1,0,0,1,Sophomore,1,1,1,0,1,Woman,0,0,0,0,0,0,0,0,0,0,0,0,1,1,1,1,0,0,0,0,0,1,0,0,0,1,0,0,0,Engineering-based,0,0,0,1,0,0,0,No,No,No,No,Yes
True,No,Yes,No,Maybe,No,Yes,Woman,0,1,1,1,1,0,1,1,Sophomore,0,0,1,1,0,Woman,0,0,0,0,0,0,0,0,0,0,0,0,1,1,1,1,0,0,0,0,0,1,0,0,0,1,0,0,0,Computer Science,0,1,0,0,0,0,0,No,No,No,No,No
False,Yes,Maybe,No,Yes,Yes,Yes,Man,1,1,1,1,1,0,1,0,Sophomore,0,0,1,0,1,Man,0,0,0,0,0,0,0,0,0,0,0,0,1,1,1,1,0,1,0,0,1,1,0,0,0,1,0,0,0,Computer Science,0,0,0,1,0,0,0,No,No,No,No,No
False,Maybe,Yes,No,Maybe,No,Yes,Woman,0,0,1,1,0,0,1,0,Junior,0,1,0,1,1,Woman,0,0,0,0,0,0,0,0,0,0,0,0,1,1,1,1,1,1,0,0,1,0,0,0,0,0,0,0,1,Computer Science,0,0,0,1,0,0,0,No,No,No,No,No
False,Maybe,No,No,Maybe,Maybe,Yes,Woman,1,1,1,1,1,1,1,0,Junior,0,0,1,0,1,Woman,0,0,0,0,0,0,0,0,0,0,0,0,1,1,1,1,1,1,0,0,0,1,0,0,0,1,0,0,0,Computer Science,0,0,0,1,0,0,0,No,No,No,No,No
True,Maybe,No,No,Maybe,No,Yes,Woman,0,0,1,1,0,0,1,1,Junior,0,1,0,0,1,Woman,0,0,0,0,0,0,0,0,0,0,0,0,1,1,1,1,1,1,0,1,1,1,1,0,0,0,0,0,0,Computer Science,0,0,0,1,0,0,0,No,No,Yes,Yes,No
True,Maybe,No,No,Maybe,Yes,Yes,Non-binary,1,0,1,1,1,1,0,1,Sophomore,1,1,0,1,0,Other,0,0,0,0,1,0,1,0,0,0,0,1,1,1,1,1,1,1,0,1,1,1,0,0,0,1,1,0,0,Computer Science,0,1,0,0,1,0,0,Prefer not to say,Yes,Yes,No,No
True,Yes,Maybe,No,Yes,Yes,Yes,Woman,0,1,1,1,1,1,1,1,Sophomore,0,0,0,0,1,Woman,0,0,0,0,0,0,0,0,0,0,0,0,0,0,0,0,0,0,0,0,0,0,0,0,0,1,0,0,0,Computer Science,0,0,0,1,0,0,0,No,No,No,No,No
True,No,Maybe,No,Yes,Yes,Yes,Woman,0,1,1,1,1,0,1,1,Sophomore,1,0,1,0,1,Woman,0,0,0,0,0,0,0,0,0,0,0,0,1,1,1,1,1,1,0,0,1,1,0,0,0,1,0,0,0,Computer Science,0,0,0,1,0,0,0,No,No,No,No,No
True,Maybe,No,Yes,No,No,Yes,Woman,1,0,1,1,1,0,1,1,Sophomore,1,0,1,0,0,Woman,0,0,0,0,0,0,0,0,0,0,0,0,1,1,1,1,1,1,0,1,0,1,0,0,0,1,0,0,0,Engineering-based,0,0,0,1,0,0,0,No,No,Yes,Yes,No
True,Maybe,No,No,Yes,Yes,Yes,Woman,0,1,0,0,1,0,0,0,Freshman,1,1,0,0,1,Woman,0,0,0,0,0,0,0,0,0,0,0,0,0,1,0,1,0,1,0,0,0,0,0,0,0,0,0,0,1,Computer Science,0,0,0,1,0,0,0,No,No,No,No,No
False,No,No,No,No,No,Yes,Man,1,0,0,1,1,1,1,1,Junior,1,0,0,0,0,Man,1,0,0,0,0,0,1,0,0,0,0,0,1,0,0,0,0,0,0,0,0,1,1,0,0,0,0,0,0,Computer Science,0,0,0,1,0,0,0,No,No,No,No,No
False,Yes,No,No,Yes,Yes,Yes,Man,1,0,1,1,0,0,0,0,Freshman,1,0,1,0,0,Man,0,0,0,0,0,0,0,0,0,0,0,0,0,0,0,0,0,0,0,0,0,0,0,0,0,1,0,0,0,Computer Science,0,0,0,1,0,0,0,No,No,Yes,Yes,No
True,No,Maybe,No,Maybe,Maybe,Maybe,Prefer not to say,0,1,1,1,1,1,1,0,Freshman,1,1,1,0,0,Other,0,0,0,0,0,0,0,0,0,0,0,0,1,1,1,0,0,1,0,0,0,0,0,0,0,1,0,0,0,Computer Science,0,0,0,0,0,0,0,No,No,Yes,Prefer not to say,No
False,No,No,No,No,No,Yes,Man,1,0,1,1,0,0,0,0,Junior,0,0,1,0,1,Man,0,0,0,0,0,0,0,0,0,0,0,0,1,1,1,1,1,1,0,0,1,1,0,0,0,1,0,0,0,Computer Science,0,0,0,1,0,0,0,No,No,No,Yes,Yes
False,Yes,Maybe,No,Yes,Yes,Yes,Man,1,0,0,1,1,0,0,0,Freshman,1,0,0,0,1,Man,0,0,0,0,0,0,0,0,0,0,0,0,1,1,1,1,1,1,0,0,0,1,0,0,0,1,0,0,0,Computer Science,0,0,0,1,0,0,0,No,No,No,No,Yes
True,Yes,Maybe,No,Maybe,Maybe,Yes,Man,0,1,1,0,1,0,1,1,Sophomore,0,0,1,0,0,Man,0,0,0,0,0,0,0,0,0,0,0,0,1,1,1,1,1,1,0,0,1,0,0,0,0,1,0,0,0,Computer Science,0,0,0,1,0,0,0,No,No,Yes,Prefer not to say,No
True,No,No,No,Yes,Yes,Maybe,Woman,1,0,0,0,0,0,0,0,Freshman,1,0,0,0,1,Woman,0,0,0,0,0,0,0,1,0,0,0,0,1,1,1,1,1,1,0,1,0,0,0,0,0,1,0,0,0,Computer Science,0,0,0,1,0,0,0,No,No,Yes,No,No
True,No,No,No,Yes,Yes,Yes,Woman,1,0,0,1,1,0,0,0,Sophomore,1,0,1,0,0,Woman,0,0,0,0,0,0,0,0,0,0,0,0,0,0,0,0,0,0,0,0,0,1,0,0,0,1,0,0,0,Computer Science,0,0,0,1,0,0,0,No,No,Yes,No,No
True,Yes,No,No,No,Maybe,Yes,Woman,1,0,0,1,1,0,0,0,Sophomore,0,0,1,0,1,Woman,0,0,0,0,0,0,0,1,0,0,0,0,1,1,1,1,0,1,0,1,1,1,0,0,0,1,0,0,0,Computer Science,0,0,0,1,0,0,0,No,No,No,No,No
True,Yes,Yes,No,Yes,Yes,Yes,Woman,0,0,0,1,1,0,1,1,Freshman,1,0,1,0,0,Woman,0,0,0,0,0,0,0,0,0,0,0,0,1,1,1,1,1,1,0,1,1,1,1,0,0,1,0,0,0,Informatics,0,0,0,1,0,0,0,No,No,No,No,No
False,Yes,Yes,No,Maybe,Maybe,Yes,Woman,0,0,1,1,1,0,1,1,Junior,0,1,1,0,1,Woman,0,1,0,0,0,0,0,1,0,0,0,0,1,1,1,1,1,1,0,0,0,0,0,0,0,1,0,0,0,Computer Science,0,1,0,0,0,0,0,No,No,No,No,No
False,No,No,No,Maybe,Yes,Yes,Man,1,0,1,1,0,0,1,0,Junior,0,0,1,0,1,Man,0,0,0,0,0,0,0,0,0,0,0,0,1,1,1,1,1,1,0,0,1,1,0,0,0,1,0,0,0,Computer Science,0,0,0,1,0,0,0,No,No,No,No,No
False,No,Maybe,No,Yes,Maybe,Maybe,Man,0,1,1,0,0,1,0,0,Junior,1,0,1,0,0,Man,0,0,0,0,0,0,0,0,0,0,0,0,1,1,0,1,1,1,0,0,0,1,0,0,0,0,0,0,1,Computer Science,0,0,0,1,0,0,0,No,No,No,No,No
True,No,Yes,No,Maybe,Maybe,Yes,Woman,0,1,1,1,1,0,0,1,Sophomore,0,1,1,0,0,Woman,1,1,0,0,0,0,1,1,0,0,0,0,1,1,1,1,1,1,0,1,1,0,0,0,0,1,0,0,0,Undecided,0,0,0,1,0,0,0,No,No,Yes,Yes,No
False,Maybe,No,No,Yes,Yes,Yes,Man,1,0,1,1,1,0,1,0,Freshman,1,0,1,0,1,Man,0,0,0,0,0,0,0,0,0,0,0,0,1,1,1,1,0,1,0,0,0,1,0,0,0,1,0,0,0,Computer Science,0,0,0,1,0,0,0,No,No,No,Prefer not to say,Prefer not to say
True,No,No,No,Yes,Yes,Yes,Woman,0,0,0,1,1,0,0,1,Freshman,1,0,0,0,0,Woman,0,0,0,0,0,0,0,0,0,0,0,0,1,0,0,0,0,0,0,0,0,1,0,0,0,1,0,0,0,Computer Science,0,0,0,1,0,0,0,No,No,No,No,Yes
True,No,Maybe,No,Maybe,Yes,Yes,Non-binary,0,1,1,0,1,1,0,1,Graduate Student,0,1,1,0,0,Other,0,0,0,0,0,0,1,1,0,0,0,0,1,1,1,1,1,1,0,1,1,1,0,0,0,1,0,0,0,Computer Science,0,1,0,0,0,0,0,No,No,No,No,No
False,Maybe,Maybe,No,Yes,Yes,Yes,Man,1,0,1,1,1,0,0,0,Freshman,0,0,1,0,0,Man,1,0,0,0,0,0,0,0,0,0,0,0,1,1,1,1,1,1,0,0,0,0,0,1,0,0,0,0,0,Computer Science,0,0,0,1,0,0,0,No,No,No,No,No
False,No,No,No,Yes,Yes,Yes,Man,1,1,0,1,1,0,1,0,Freshman,1,0,1,0,0,Man,0,0,0,0,0,0,0,0,0,0,0,0,1,1,1,0,0,1,0,0,0,0,0,1,0,0,0,0,0,Statistics/DS,1,0,0,0,0,0,0,No,No,Yes,Yes,No
True,Yes,No,No,Yes,Yes,Yes,Woman,0,1,1,1,1,0,1,1,Junior,0,1,1,1,0,Woman,1,1,0,0,0,0,1,1,0,0,0,0,1,1,1,1,1,1,0,0,1,0,1,0,0,0,0,0,0,Computer Science,0,0,0,1,0,0,0,No,No,No,No,No
False,Yes,No,No,Yes,Yes,Yes,Woman,1,0,0,1,1,1,0,0,Junior,0,1,1,0,1,Woman,0,1,0,0,0,0,0,1,0,0,0,0,1,1,1,0,0,0,0,1,0,1,0,0,0,1,0,0,0,Computer Science,0,0,0,1,0,0,0,No,No,Yes,No,Yes
False,Maybe,No,No,Yes,Yes,Yes,Woman,0,1,1,1,1,0,1,1,Sophomore,0,1,1,1,1,Woman,0,0,0,0,0,0,0,0,0,0,0,0,1,1,1,1,1,1,0,0,0,1,0,0,0,1,0,0,0,Computer Science,0,0,0,1,0,0,0,No,No,No,No,No
False,Yes,No,No,Maybe,Yes,Yes,Man,1,0,1,1,1,0,1,0,Freshman,1,0,1,0,1,Man,0,0,0,0,0,0,0,0,0,0,0,0,1,1,1,1,0,1,0,0,0,1,0,0,0,1,0,0,0,Computer Science,0,0,0,1,0,0,0,No,No,No,No,No
False,No,No,No,Maybe,Maybe,Yes,Woman,0,1,1,1,0,1,1,0,Sophomore,0,0,1,0,0,Woman,0,0,0,0,0,1,0,0,0,0,0,0,1,1,1,1,1,1,0,1,1,1,0,0,0,0,0,0,1,Mathematics,0,0,0,1,0,0,0,No,No,No,No,No
False,Yes,No,No,Yes,Yes,Maybe,Man,1,0,1,1,1,0,1,0,Freshman,1,0,1,0,1,Man,0,0,0,0,0,0,0,0,0,0,0,0,1,1,1,0,0,1,0,0,0,1,0,0,0,0,0,0,1,Computer Science,0,0,0,1,0,0,0,No,No,No,No,No
True,No,No,No,Maybe,Maybe,Yes,Woman,1,0,0,1,1,0,1,0,Freshman,0,0,1,0,1,Woman,0,1,0,0,0,0,0,0,0,0,0,0,1,1,0,1,1,1,0,0,0,0,0,0,0,1,0,0,0,Engineering-based,0,0,0,0,0,0,0,No,No,No,No,No
False,No,No,No,Yes,Yes,Yes,Man,1,0,1,1,1,0,0,0,Sophomore,0,0,1,0,1,Man,1,0,0,0,0,0,0,0,0,0,0,0,1,0,1,1,0,0,0,0,0,1,0,0,0,1,0,0,0,Computer Science,0,0,0,1,0,0,0,No,No,Yes,No,No
False,No,Maybe,No,Maybe,Yes,Yes,Man,1,1,1,1,1,0,0,0,Sophomore,0,1,1,1,1,Man,0,0,0,0,0,0,0,0,0,0,0,0,1,1,1,0,0,0,0,0,0,1,0,0,0,1,0,0,0,Computer Science,0,0,0,1,0,0,0,No,No,Yes,Yes,No
True,Maybe,No,No,Yes,Maybe,Yes,Woman,0,1,1,1,1,0,1,0,Sophomore,0,0,1,0,0,Woman,0,0,0,0,0,0,0,1,0,0,0,0,1,1,1,1,0,0,0,1,1,1,0,0,0,1,0,0,0,Computer Science,0,0,0,1,0,0,0,No,No,No,No,No
True,No,Yes,No,Yes,Yes,Yes,Woman,0,1,1,1,1,0,1,0,Senior,0,0,1,0,1,Woman,1,1,0,0,0,0,1,1,0,0,0,0,1,1,1,1,0,1,0,0,0,1,0,1,0,0,0,0,0,Computer Science,0,0,0,1,0,0,0,No,No,No,No,No
True,No,Yes,No,Yes,Yes,Yes,Woman,0,1,1,1,1,0,1,0,Senior,0,0,1,0,1,Woman,1,1,0,0,0,0,1,1,0,0,0,0,1,1,1,1,0,1,0,0,0,1,0,1,0,0,0,0,0,Computer Science,0,0,0,1,0,0,0,No,No,No,No,No
True,No,Yes,No,Yes,Yes,Yes,Woman,0,1,1,1,1,0,1,0,Senior,0,0,1,0,1,Woman,1,1,0,0,0,0,1,1,0,0,0,0,1,1,1,1,0,1,0,0,0,1,0,1,0,0,0,0,0,Computer Science,0,0,0,1,0,0,0,No,No,No,No,No
True,No,Yes,No,Yes,Yes,Yes,Woman,0,1,1,1,1,0,1,0,Senior,0,0,1,0,1,Woman,1,1,0,0,0,0,1,1,0,0,0,0,1,1,1,1,0,1,0,0,0,1,0,1,0,0,0,0,0,Computer Science,0,0,0,1,0,0,0,No,No,No,No,No
True,No,Yes,No,Yes,Yes,Yes,Woman,0,1,1,1,1,0,1,0,Senior,0,0,1,0,1,Woman,1,1,0,0,0,0,1,1,0,0,0,0,1,1,1,1,0,1,0,0,0,1,0,1,0,0,0,0,0,Computer Science,0,0,0,1,0,0,0,No,No,No,No,No
True,No,Yes,No,Yes,Yes,Yes,Woman,0,1,1,1,1,0,1,0,Senior,0,0,1,0,1,Woman,1,1,0,0,0,0,1,1,0,0,0,0,1,1,1,1,0,1,0,0,0,1,0,1,0,0,0,0,0,Computer Science,0,0,0,1,0,0,0,No,No,No,No,No
True,No,No,No,No,Maybe,Yes,Man,1,1,1,1,0,0,1,1,Senior,1,0,1,1,1,Man,1,0,0,0,0,0,1,0,0,0,0,0,1,1,1,1,1,1,0,1,0,1,1,0,0,0,0,0,0,Computer Science,0,0,0,1,0,0,0,No,No,Prefer not to say,No,No
True,Yes,No,No,Yes,Maybe,Yes,Woman,0,0,1,1,0,0,1,1,Senior,0,0,1,0,1,Woman,0,0,0,0,0,0,0,0,0,0,0,0,1,1,1,1,0,0,0,0,0,1,0,0,0,1,0,0,0,Computer Science,0,0,0,1,0,0,0,No,No,No,No,No
True,Maybe,Yes,No,Maybe,Yes,Yes,Woman,0,1,1,1,1,0,1,0,Senior,0,1,1,1,1,Woman,1,1,0,0,0,0,1,1,0,0,1,0,1,1,1,1,1,1,0,1,1,1,0,1,0,0,0,0,0,Computer Science,0,1,0,0,0,0,0,No,Prefer not to say,Yes,No,No
False,Yes,Yes,Yes,Maybe,No,Yes,Woman,0,1,1,0,0,1,1,0,Junior,0,1,1,1,0,Woman,0,1,0,0,0,0,0,0,0,0,0,1,0,0,0,0,1,0,0,1,1,1,0,0,0,1,0,0,0,Computer Science,0,0,0,1,0,0,0,No,No,No,No,Yes
True,Maybe,Yes,Maybe,Maybe,Yes,Yes,Woman,1,0,1,1,0,1,0,0,Senior,1,0,1,0,1,Woman,0,1,0,0,0,0,0,1,0,0,0,0,1,1,1,1,1,1,0,0,1,1,0,0,0,1,0,0,0,Computer Science,0,0,0,1,0,0,0,No,No,No,No,No
True,Maybe,Maybe,No,Maybe,Yes,Yes,Woman,0,1,1,1,0,0,0,0,Freshman,0,0,1,0,1,Woman,0,1,0,0,0,0,0,1,0,0,0,0,1,1,1,1,1,1,0,0,0,0,0,0,0,1,0,0,0,Computer Science,0,0,0,1,0,0,0,No,No,No,No,No
False,Maybe,Maybe,No,Yes,Yes,Yes,Woman,1,1,1,1,1,1,1,0,Junior,1,1,1,1,1,Woman,0,1,0,0,0,0,0,1,0,0,0,0,1,1,1,1,1,1,0,0,0,1,0,0,0,0,0,0,1,Computer Science,0,0,0,1,0,0,0,No,No,No,No,No
True,No,No,No,Maybe,Yes,Yes,Man,1,0,0,1,1,1,0,1,Sophomore,0,0,0,0,1,Man,0,0,0,0,0,0,0,0,0,0,0,0,1,1,1,1,0,0,0,0,0,0,0,0,0,1,0,0,0,Computer Science,0,0,0,1,0,0,0,No,No,No,No,No
True,No,No,No,Yes,Yes,Yes,Man,1,0,0,1,1,1,0,0,Sophomore,0,1,1,0,0,Man,0,0,0,0,0,0,0,0,0,0,0,0,0,0,0,0,0,0,0,0,0,1,0,0,0,1,0,0,0,Computer Science,0,0,0,1,0,0,0,No,No,Yes,No,No
False,Maybe,Yes,No,Yes,Maybe,Yes,Woman,0,1,1,1,1,0,1,1,Junior,0,0,1,0,0,Woman,0,1,0,0,0,0,0,1,0,0,0,0,1,1,1,1,0,0,0,1,1,1,0,0,0,1,0,0,0,Computer Science,0,0,0,0,0,0,0,No,No,No,No,Yes
False,No,No,No,Yes,Yes,Yes,Man,1,0,1,1,1,0,0,0,Junior,1,0,1,1,1,Man,0,0,0,0,0,0,0,0,0,0,0,0,1,1,1,1,0,1,0,0,1,1,0,0,0,0,0,0,1,Computer Science,0,0,0,1,0,0,0,No,No,No,No,No
False,Yes,No,No,Yes,Yes,Yes,Man,1,0,1,1,1,0,1,1,Junior,1,0,1,0,1,Man,0,0,0,0,0,0,0,0,0,0,0,0,1,1,1,1,1,1,0,0,1,1,0,0,0,1,0,0,0,Computer Science,0,0,0,1,0,0,0,No,No,No,No,No
True,No,Maybe,No,Maybe,No,Yes,Man,1,0,1,1,0,1,1,1,Junior,0,1,1,1,0,Man,0,0,0,0,0,0,0,0,0,0,0,0,1,1,1,1,1,1,0,1,0,0,0,0,0,1,0,0,0,Computer Science,0,0,0,1,0,0,0,No,No,No,No,No
False,No,Yes,No,No,Yes,Yes,Woman,0,0,1,1,1,0,1,0,Junior,0,1,0,1,1,Woman,0,1,0,0,0,0,0,1,0,0,0,0,1,1,1,1,1,1,0,1,1,1,0,0,0,0,0,0,1,Computer Science,0,0,0,0,0,0,0,No,No,No,No,No
True,No,Yes,No,Maybe,Yes,Yes,Woman,0,1,1,1,1,1,0,0,Senior,1,1,1,1,1,Woman,0,0,0,0,0,0,0,1,1,0,0,0,1,1,1,1,0,0,0,1,1,0,0,0,0,0,0,0,1,Computer Science,0,1,1,0,0,1,0,No,No,No,No,No
True,No,Maybe,No,No,No,Maybe,Woman,0,1,1,0,0,0,0,0,Freshman,0,0,0,1,1,Woman,0,0,0,0,0,0,0,0,0,0,0,0,1,1,1,1,1,1,0,0,0,0,0,0,0,1,0,0,0,Computer Science,0,0,0,1,0,0,0,No,No,No,No,No
True,Yes,Yes,No,No,Maybe,Yes,Woman,0,1,1,1,1,0,0,0,Sophomore,0,1,0,1,0,Woman,0,1,0,0,0,0,0,1,0,0,0,0,1,1,1,0,0,1,0,0,1,0,0,0,0,1,0,0,0,Computer Science,0,0,0,1,0,0,0,No,No,No,No,No
False,Yes,Maybe,No,Yes,Maybe,Yes,Woman,0,1,1,1,1,0,1,0,Sophomore,1,1,1,1,1,Woman,0,0,0,0,0,0,0,0,0,0,1,0,1,1,1,1,1,1,0,0,0,1,0,0,0,1,0,0,0,Engineering-based,0,0,0,0,0,0,0,No,No,Yes,Yes,No
False,No,No,No,Maybe,Yes,Yes,Woman,0,0,1,0,0,1,0,0,Freshman,0,0,0,0,1,Woman,0,1,0,0,0,1,0,1,0,0,0,0,1,1,0,0,0,0,0,1,1,0,0,0,0,1,0,0,1,Computer Science,0,0,0,1,0,0,0,No,No,No,No,No
False,Yes,Maybe,No,Yes,Yes,Yes,Man,0,0,1,1,1,0,1,1,Senior,1,0,1,0,1,Man,1,0,0,0,0,0,0,0,0,0,0,0,1,1,1,1,1,1,0,0,1,1,0,1,0,0,0,0,1,Undecided,0,0,0,1,0,0,0,No,No,No,Yes,No
False,No,No,No,No,Yes,Yes,Man,1,1,1,1,1,0,0,1,Senior,1,0,1,0,1,Man,0,0,0,0,1,1,0,0,0,0,0,0,1,1,1,1,1,1,0,0,1,1,0,0,1,0,0,0,1,Computer Science,0,0,0,1,0,0,0,No,No,Yes,Yes,No
False,Maybe,No,No,Maybe,Maybe,Yes,Man,1,0,1,1,1,0,1,1,Freshman,0,0,1,0,0,Man,0,0,0,0,0,0,0,0,0,0,0,0,1,1,1,1,1,1,0,0,0,1,0,0,0,0,0,0,1,Computer Science,0,0,1,0,0,0,0,No,No,No,No,No
False,Maybe,No,No,Maybe,Yes,Yes,Woman,0,0,1,1,1,0,0,1,Freshman,1,1,1,1,0,Woman,0,0,0,0,0,0,0,0,0,0,0,0,1,1,1,1,1,1,0,0,1,0,0,0,0,1,0,0,0,Computer Science,0,1,0,0,0,1,0,No,Prefer not to say,No,No,No
False,Maybe,Yes,No,No,Maybe,Maybe,Man,0,1,1,0,1,1,0,0,Sophomore,1,0,0,0,1,Man,0,0,0,0,0,0,0,0,0,0,0,0,1,1,1,1,0,1,0,0,0,0,0,0,0,0,0,0,1,Undecided,0,0,0,1,0,0,0,No,No,No,Yes,Yes
False,No,No,No,No,Maybe,Yes,Man,0,0,1,1,1,0,1,1,Sophomore,0,0,0,1,1,Man,0,0,0,0,0,0,0,0,0,0,0,0,1,1,1,1,1,1,0,0,1,1,0,0,0,1,0,0,0,Mathematics,0,0,1,0,0,0,0,No,No,No,No,No
False,Maybe,Yes,No,No,Maybe,Yes,Man,0,1,1,1,1,0,1,1,Sophomore,1,0,1,0,1,Man,1,0,0,0,0,0,1,0,0,0,0,0,1,1,1,0,1,1,0,1,0,1,0,1,0,0,0,0,0,Engineering-based,0,0,0,1,0,0,0,No,No,Yes,Yes,No
False,Yes,No,No,Maybe,Yes,Yes,Man,0,1,1,1,1,0,1,1,Freshman,0,0,1,0,0,Man,0,0,0,0,0,1,0,0,0,0,0,0,1,1,1,1,0,0,0,0,0,1,0,0,0,0,0,0,1,Life Sciences,0,0,0,1,0,0,0,No,No,No,Yes,No
False,No,Maybe,No,No,No,Yes,Woman,0,1,1,1,1,0,1,1,Freshman,0,1,1,1,0,Woman,1,0,0,0,0,0,1,0,0,0,0,0,1,0,0,0,0,0,0,0,0,1,1,0,0,0,0,0,0,Statistics/DS,0,0,0,1,0,0,0,No,No,No,No,No
False,No,No,No,Yes,Maybe,Yes,Woman,0,1,1,1,1,0,0,0,Sophomore,0,0,0,0,0,Woman,0,0,0,0,0,0,0,0,0,0,0,0,1,1,0,1,0,0,0,0,1,0,0,1,0,0,0,0,1,Mathematics,1,0,0,0,0,0,0,No,No,Yes,Yes,No
False,Yes,No,No,Maybe,Yes,Yes,Man,1,0,1,1,1,1,1,0,Junior,1,0,1,0,1,Man,0,0,0,0,0,0,0,0,0,0,0,0,1,1,1,1,0,1,0,0,0,1,0,0,0,0,0,0,1,Mathematics,0,0,0,1,0,0,0,No,No,No,No,Yes
False,Yes,Maybe,No,Maybe,Maybe,Yes,Woman,0,0,1,1,1,0,1,0,Freshman,1,1,1,1,0,Woman,1,1,0,0,0,0,1,1,0,0,0,0,1,1,1,1,1,1,0,0,0,1,0,0,0,1,1,0,0,Physical Sciences,0,0,0,0,0,0,0,No,No,No,No,No
False,No,Yes,No,Maybe,No,Yes,Woman,0,0,1,1,1,1,0,0,Sophomore,0,1,1,0,0,Woman,0,0,0,0,0,0,0,0,0,0,0,0,1,1,1,1,1,1,0,0,1,0,0,0,0,1,0,0,0,Computer Science,0,1,0,0,0,0,0,No,No,No,No,No
False,No,Maybe,No,Maybe,Maybe,Yes,Woman,0,0,1,1,1,0,1,0,Freshman,1,1,0,0,0,Woman,0,0,0,0,0,0,0,0,0,0,0,0,1,1,1,1,1,1,0,1,1,1,0,0,0,1,0,0,0,Undecided,0,0,0,1,0,0,0,No,No,No,Yes,No
False,Maybe,Maybe,No,No,Maybe,Yes,Man,0,1,1,1,1,0,1,0,Freshman,1,0,1,0,0,Man,0,0,0,0,0,0,0,0,0,0,0,0,1,1,1,1,1,1,0,0,1,1,0,0,0,1,0,0,0,Statistics/DS,0,0,0,1,0,0,0,No,No,No,No,No
False,Yes,Yes,No,Maybe,Yes,Yes,Woman,0,1,1,0,1,1,0,0,Sophomore,0,1,1,1,1,Woman,0,0,0,0,0,1,0,0,0,0,0,0,1,1,1,1,1,1,0,0,1,0,0,0,0,1,0,0,0,Undecided,0,0,0,1,0,0,0,No,No,No,No,No
False,Maybe,Yes,No,Maybe,Maybe,Yes,Woman,0,1,1,1,1,1,0,0,Sophomore,0,1,1,1,1,Woman,0,0,0,0,0,0,1,0,0,0,0,0,1,1,1,1,1,1,0,1,1,1,1,0,0,0,0,0,0,Computer Science,0,0,0,1,0,0,0,No,Prefer not to say,Yes,Yes,No
False,No,Yes,No,Maybe,No,Yes,Woman,0,1,1,1,1,0,0,0,Freshman,0,1,1,0,0,Woman,1,1,0,0,0,1,1,1,0,0,0,0,1,1,1,1,1,1,0,0,1,0,1,0,0,0,0,0,0,Computer Science,0,1,0,0,0,0,0,No,No,No,No,No
False,No,No,No,Yes,Maybe,Yes,Woman,0,1,1,1,1,0,1,0,Senior,0,0,1,0,1,Woman,0,0,0,0,0,0,0,0,0,0,0,0,1,1,1,1,1,1,0,0,0,1,0,0,0,1,0,0,0,Statistics/DS,0,0,0,1,0,0,0,No,No,No,No,No
False,Maybe,No,No,Yes,Yes,Maybe,Man,1,0,0,1,0,0,0,1,Freshman,0,0,1,0,0,Man,0,0,0,0,0,0,0,0,0,0,0,0,1,0,1,0,0,1,0,0,0,0,1,0,0,0,0,0,0,Computer Science,0,0,0,1,0,0,0,No,No,No,Yes,No
False,Yes,No,No,Maybe,Maybe,Yes,Woman,0,1,1,1,1,0,0,0,Sophomore,1,1,1,1,0,Woman,1,1,0,0,0,0,0,1,0,0,0,0,1,1,1,1,1,1,0,1,1,1,0,0,0,1,0,0,0,Undecided,0,0,0,1,0,0,0,No,No,No,Yes,No
False,Yes,No,No,Maybe,Yes,Yes,Man,0,1,1,1,1,0,0,0,Senior,1,0,1,0,1,Man,0,0,0,0,0,0,0,0,0,0,0,0,1,1,1,1,0,0,0,0,0,1,0,0,0,0,0,0,1,Undecided,0,0,0,1,0,0,0,No,No,No,No,No
False,Yes,No,No,Yes,Yes,Yes,Man,0,1,1,0,1,0,1,1,Freshman,1,0,1,0,1,Man,0,0,0,0,0,0,0,0,0,0,0,0,1,0,1,0,0,0,0,0,0,1,0,1,0,0,0,0,1,Physical Sciences,0,0,0,1,0,0,0,No,No,No,Prefer not to say,Yes
False,Yes,Yes,No,No,Yes,Yes,Man,1,0,1,1,1,0,0,0,Junior,1,0,1,0,1,Man,0,0,0,0,0,0,0,0,0,0,0,0,1,1,0,0,0,0,0,0,1,1,0,0,0,1,0,0,0,Mathematics,0,0,0,1,0,0,0,No,No,No,No,No
False,Yes,No,No,Maybe,Maybe,Yes,Woman,0,1,1,1,0,1,1,0,Sophomore,0,1,1,1,1,Woman,0,0,0,0,0,1,0,0,0,0,0,0,1,1,1,1,0,0,0,1,0,1,0,0,0,1,0,0,0,Undecided,0,0,0,1,0,0,0,No,No,No,Yes,Yes
False,No,No,No,Yes,Yes,Yes,Man,1,0,0,1,1,0,1,1,Freshman,1,1,1,1,0,Man,1,0,0,0,0,1,0,0,0,0,0,0,1,1,1,1,0,1,0,0,0,1,1,0,0,0,0,0,0,Undecided,0,1,0,1,0,0,0,No,No,No,No,No
False,Maybe,No,No,No,Maybe,Yes,Woman,0,1,1,0,1,1,1,0,Senior,0,0,1,0,0,Woman,0,1,0,0,0,1,0,1,0,0,0,0,1,1,1,1,1,1,0,0,1,0,0,0,0,0,0,0,1,Computer Science,0,0,0,1,0,0,0,No,No,No,No,No
False,Yes,Maybe,No,Maybe,Yes,Yes,Man,1,0,1,1,1,0,1,1,Freshman,1,1,1,0,1,Man,1,0,0,0,0,0,0,0,0,0,0,0,1,1,1,1,0,1,0,0,1,1,0,0,0,1,0,0,0,Computer Science,0,0,0,1,0,0,0,No,No,No,Prefer not to say,Yes
False,No,Maybe,No,Yes,Yes,Yes,Woman,1,1,1,1,1,0,1,0,Freshman,0,1,0,0,0,Woman,0,0,0,0,0,0,0,1,0,0,0,0,1,1,1,1,0,1,0,0,1,1,0,0,0,1,0,0,0,Computer Science,0,1,0,0,0,0,0,No,No,No,No,No
False,No,No,No,Yes,Yes,Yes,Woman,0,1,1,0,1,0,1,1,Freshman,1,1,1,1,1,Woman,0,0,0,0,0,0,0,0,0,0,0,0,1,1,1,1,1,1,0,0,0,0,0,0,0,1,0,0,0,Computer Science,0,0,0,0,0,0,0,No,No,No,No,No
False,Yes,No,No,Maybe,Maybe,Yes,Man,1,0,1,1,1,0,1,0,Freshman,1,1,1,0,1,Man,0,0,0,0,0,0,0,0,0,0,0,0,1,1,1,1,0,0,0,0,0,1,0,0,0,1,0,0,0,Computer Science,0,0,0,1,0,0,0,No,No,No,No,No
False,No,No,No,Maybe,Yes,Yes,Woman,1,0,1,1,1,0,1,0,Freshman,0,1,0,0,1,Woman,0,0,0,0,0,0,0,1,0,0,0,0,1,1,1,1,1,1,0,0,1,0,0,0,1,0,0,0,0,Computer Science,0,0,0,1,0,0,0,No,No,No,No,Yes
False,Maybe,Yes,No,No,Maybe,Yes,Woman,0,1,1,0,1,1,1,0,Freshman,0,1,1,1,1,Woman,1,0,0,0,1,1,0,0,0,0,0,0,1,1,1,1,1,1,0,1,0,0,0,1,0,0,0,0,0,Life Sciences,0,0,0,0,0,0,1,No,No,Yes,Yes,No
False,Maybe,Yes,No,Yes,Maybe,Yes,Woman,0,1,1,0,0,1,1,0,Freshman,0,0,0,0,0,Woman,0,0,0,0,0,0,0,1,0,0,0,0,1,1,1,1,1,1,0,1,1,0,0,0,0,0,0,0,1,Computer Science,1,0,0,0,0,0,0,No,No,No,No,No
False,Maybe,No,No,Maybe,Yes,Yes,Woman,1,0,1,1,1,1,0,0,Sophomore,0,1,1,0,1,Woman,0,0,0,0,0,1,0,1,0,0,0,0,0,1,0,0,0,0,0,0,0,0,0,0,0,1,0,0,0,Computer Science,0,0,0,1,0,0,0,No,No,Yes,Yes,No
False,Yes,No,No,Yes,Maybe,Yes,Man,1,0,1,1,1,0,1,1,Sophomore,1,0,1,0,1,Man,0,0,0,0,0,1,0,0,0,0,0,0,1,1,1,1,1,1,0,0,0,1,0,0,0,0,0,0,1,Computer Science,0,0,0,1,0,0,0,No,Yes,No,No,No
True,Yes,Yes,No,Yes,No,Yes,Woman,0,1,1,1,1,1,1,0,Junior,0,1,1,1,1,Woman,0,0,0,0,0,0,0,1,0,0,0,0,1,0,1,1,0,0,0,0,1,0,0,0,0,0,0,0,1,Computer Science,0,0,0,1,0,0,0,No,No,No,No,No
False,Yes,Yes,No,Yes,Yes,No,Woman,1,0,0,1,1,0,0,0,Junior,1,0,0,0,1,Woman,0,0,0,0,0,0,0,0,0,0,0,0,0,0,0,0,0,0,0,0,0,1,1,0,0,0,0,0,0,Computer Science,1,1,1,1,1,1,0,No,Prefer not to say,Yes,Yes,Yes
False,Maybe,Yes,No,Maybe,No,Yes,Man,0,1,1,1,0,1,1,0,Junior,0,0,1,0,1,Man,0,0,1,0,1,0,0,0,1,0,1,0,1,1,1,1,0,1,0,1,1,0,0,0,0,1,0,0,0,Computer Science,0,1,1,0,0,1,0,No,No,Yes,Yes,Yes
True,Yes,Maybe,No,Maybe,No,Yes,Woman,0,1,1,1,1,1,1,0,Junior,0,1,0,1,1,Woman,0,1,0,0,0,0,0,1,0,0,0,0,1,1,1,1,1,1,0,0,1,0,0,0,0,0,0,0,1,Computer Science,0,0,0,1,0,0,0,No,No,No,No,No
True,Maybe,No,No,Maybe,Yes,Yes,Man,1,1,1,1,1,0,1,1,Sophomore,0,0,1,0,1,Man,0,0,0,0,0,0,0,0,0,0,0,0,1,1,1,1,1,1,0,0,1,1,0,0,1,0,0,0,1,Computer Science,0,0,0,1,0,0,0,No,No,No,No,No
True,Yes,Maybe,No,No,Maybe,Yes,Man,1,0,1,1,1,0,1,0,Senior,0,0,1,0,1,Man,0,0,0,0,0,0,0,1,0,0,0,1,1,1,1,1,1,1,0,0,1,1,0,0,0,1,0,0,1,Computer Science,0,0,0,1,0,0,0,No,No,No,No,No
False,No,No,No,No,Maybe,Yes,Woman,0,0,1,0,1,1,0,0,Sophomore,0,1,0,0,1,Woman,0,1,0,0,0,0,0,1,0,0,0,0,1,1,1,1,1,1,0,1,1,0,0,0,0,1,0,0,0,Computer Science,0,0,0,1,0,0,0,No,No,No,No,No
False,Yes,Maybe,No,Maybe,Yes,Yes,Man,1,0,1,1,1,0,1,0,Senior,0,0,1,0,1,Man,0,0,0,0,0,0,0,0,0,0,0,0,1,1,1,1,0,1,0,0,0,1,0,1,0,0,0,0,1,Computer Science,0,0,0,1,0,0,0,No,No,No,Prefer not to say,Yes
True,Maybe,No,No,No,Maybe,Yes,Non-binary,1,1,1,1,1,0,0,0,Sophomore,0,0,1,0,1,Other,0,0,0,0,0,0,0,0,0,0,0,0,1,1,1,1,1,1,0,1,0,1,0,1,0,0,0,0,1,Computer Science,0,1,0,0,0,0,0,Prefer not to say,Yes,No,No,No
False,No,Yes,No,Yes,No,Yes,Man,1,1,1,1,1,0,1,1,Junior,0,1,1,1,1,Man,0,0,0,0,0,0,0,0,0,0,0,0,1,1,1,1,0,1,0,0,0,1,0,0,0,1,0,0,0,Computer Science,0,0,0,1,0,0,0,No,No,No,No,No
False,Yes,Yes,No,No,No,Yes,Non-binary,0,1,1,1,1,1,0,0,Freshman,1,1,0,1,0,Other,0,0,0,0,0,1,0,0,0,0,0,0,1,1,1,1,0,1,0,0,0,1,0,0,0,0,0,0,1,Undecided,0,1,1,0,0,0,0,Yes,Yes,No,Yes,No
False,No,Yes,Yes,No,Maybe,Yes,Prefer not to say,0,0,1,0,0,0,0,0,Sophomore,0,0,0,0,0,Other,0,0,0,0,0,0,0,0,0,0,0,0,1,1,1,1,1,1,0,0,0,0,0,0,0,1,0,0,0,Computer Science,0,0,0,0,0,0,0,Prefer not to say,No,No,No,No
False,Maybe,Yes,No,Maybe,Maybe,Yes,Woman,0,1,1,1,1,1,0,0,Freshman,0,1,1,1,0,Woman,0,1,0,0,0,1,0,0,0,0,0,0,1,1,1,1,1,1,0,0,0,0,0,0,0,1,0,0,0,Computer Science,0,0,0,1,0,0,0,No,No,No,No,No
False,No,Yes,No,No,Maybe,No,Man,0,1,1,1,0,0,0,0,Junior,0,1,0,1,1,Man,0,0,0,0,0,0,0,0,0,0,0,0,1,1,1,1,1,1,0,1,0,0,0,0,0,1,0,0,0,Computer Science,0,1,0,0,0,0,0,Prefer not to say,Yes,No,No,No
False,Maybe,No,No,Yes,Yes,Yes,Man,0,1,1,1,0,0,0,0,Freshman,0,0,1,0,1,Man,0,0,0,0,0,0,0,0,0,0,0,0,0,1,0,1,0,0,0,0,0,0,0,0,0,1,0,0,0,Computer Science,0,0,0,0,0,0,0,No,No,No,No,No
True,Yes,Maybe,Yes,Yes,Yes,Yes,Woman,0,0,0,0,1,1,0,0,Freshman,0,0,0,0,0,Woman,0,0,0,0,0,0,0,0,0,0,0,0,0,0,0,0,0,0,0,0,0,0,0,0,0,1,0,0,0,Computer Science,1,0,0,0,0,0,0,No,No,No,Prefer not to say,No
False,No,Yes,No,Maybe,Maybe,Yes,Man,0,1,1,1,0,0,0,0,Sophomore,0,0,0,0,1,Man,0,0,0,0,0,0,0,0,0,0,0,0,1,1,1,1,0,1,0,1,0,1,0,0,0,1,0,0,0,Computer Science,0,0,1,0,0,0,0,No,No,No,No,No
False,No,No,No,No,Yes,Yes,Man,1,0,1,1,1,1,1,0,Sophomore,1,0,1,0,1,Man,1,0,0,0,0,0,1,0,0,0,0,0,1,1,1,1,1,1,0,1,1,1,0,1,0,0,0,0,1,Computer Science,0,0,0,1,0,0,0,No,No,No,No,No
False,No,Yes,No,Maybe,Maybe,Yes,Man,1,1,1,0,0,0,0,0,Freshman,1,0,1,0,1,Man,0,0,0,0,0,0,0,0,0,0,0,0,1,1,1,1,1,1,0,0,0,1,0,0,0,0,0,0,1,Computer Science,0,0,0,1,0,0,0,No,No,No,No,No
False,No,No,No,No,No,Yes,Man,1,0,1,1,1,0,1,0,Junior,1,0,1,0,1,Man,0,0,0,0,0,0,0,0,0,0,0,0,1,1,1,1,0,1,0,0,0,1,0,0,0,1,0,0,0,Computer Science,0,0,0,1,0,0,0,No,No,No,No,No
False,Maybe,Maybe,No,No,Maybe,Yes,Woman,0,1,1,0,1,0,0,0,Freshman,0,1,1,1,0,Woman,0,0,0,0,1,1,0,0,0,0,0,0,1,1,1,1,1,1,0,1,0,0,0,0,0,1,0,0,0,Life Sciences,1,1,0,0,0,0,0,No,No,Yes,Yes,No
False,Maybe,Yes,No,Maybe,Yes,Yes,Woman,1,0,1,1,1,1,1,1,Junior,1,0,1,0,1,Woman,0,0,0,0,0,0,0,1,0,0,0,0,1,1,1,1,1,1,0,1,1,1,0,1,0,0,0,0,1,Computer Science,0,0,0,1,0,0,0,No,Yes,No,No,No
False,Maybe,Yes,No,Maybe,Maybe,Yes,Man,0,0,1,1,1,0,1,1,Senior,0,0,1,0,1,Man,0,0,0,0,0,0,0,0,0,0,0,0,1,1,1,1,0,1,0,1,0,0,0,0,0,1,0,0,0,Computer Science,0,0,0,1,0,0,0,No,No,Yes,No,No
False,No,Yes,No,Yes,Yes,Maybe,Man,0,0,1,1,1,0,1,1,Sophomore,0,0,1,0,1,Man,0,0,0,0,0,0,0,0,0,0,0,0,0,0,0,0,0,0,0,0,0,0,0,0,0,0,0,0,1,Computer Science,0,0,0,1,0,0,0,No,Yes,Yes,No,Yes
False,Maybe,No,No,Yes,Yes,Yes,Man,1,0,1,1,1,0,1,1,Freshman,1,0,1,0,1,Man,0,0,0,0,0,0,0,0,0,0,0,0,1,1,1,1,0,1,0,0,0,1,0,0,0,1,0,0,0,Computer Science,0,0,0,1,0,0,0,No,No,No,No,No
False,Maybe,Yes,No,No,Maybe,Yes,Woman,0,1,1,0,0,0,1,0,Sophomore,0,1,0,0,1,Woman,1,1,0,0,0,0,0,1,0,0,0,0,1,1,1,1,1,1,0,1,0,0,0,0,0,1,0,0,0,Computer Science,0,0,0,1,0,0,0,No,No,No,No,No
False,No,Yes,No,Maybe,Yes,Yes,Woman,1,0,1,0,1,1,0,0,Junior,1,0,1,0,0,Woman,0,1,0,0,0,0,0,1,0,0,0,0,1,1,1,0,0,0,0,1,0,0,0,0,0,1,0,0,0,Computer Science,0,0,0,1,0,0,0,No,No,No,No,No
True,Yes,Yes,No,Maybe,Yes,Yes,Woman,0,1,1,1,1,0,1,0,Freshman,1,0,1,1,1,Woman,0,0,0,0,0,0,0,1,0,0,0,0,1,1,1,1,1,1,0,0,0,1,0,0,0,1,0,0,0,Computer Science,0,0,0,1,0,0,0,No,No,No,No,No
True,No,No,No,Yes,Yes,Yes,Woman,1,0,1,1,1,0,0,0,Sophomore,0,1,1,1,1,Woman,1,0,0,0,0,0,0,1,0,0,0,0,1,1,1,1,1,1,0,1,0,0,0,0,0,1,0,0,0,Computer Science,0,0,0,1,0,0,0,No,No,No,No,No
True,Yes,Yes,No,Maybe,Yes,Yes,Woman,0,1,1,1,1,0,0,0,Sophomore,1,0,1,0,0,Woman,0,0,0,0,0,0,0,0,0,0,0,0,1,1,1,1,1,1,0,1,1,0,0,0,0,1,0,0,0,Computer Science,0,0,0,1,0,0,0,No,No,No,No,No
False,Yes,No,No,Yes,Yes,Yes,Man,1,0,1,1,1,0,1,0,Sophomore,0,1,1,0,1,Man,0,0,0,0,0,0,0,0,0,0,0,0,0,0,1,1,0,0,0,0,0,1,0,0,0,1,0,0,0,Computer Science,0,0,0,1,0,0,0,No,No,No,No,No
True,Yes,No,No,Maybe,Yes,Yes,Woman,1,0,1,1,1,0,0,1,Sophomore,1,1,1,1,1,Woman,0,0,0,0,0,0,0,0,0,0,0,0,1,1,1,1,1,1,0,0,0,1,0,0,0,1,0,0,0,Computer Science,0,0,0,1,0,0,0,No,No,No,No,No
False,No,Yes,No,No,No,Yes,Man,1,0,1,0,0,0,0,0,Freshman,0,0,0,0,0,Man,0,0,0,0,0,0,0,0,0,0,0,0,1,1,1,1,0,1,0,1,1,0,0,0,0,0,0,0,0,Computer Science,0,0,0,1,0,0,0,No,No,No,Prefer not to say,No
False,Maybe,Yes,No,No,Maybe,Yes,Woman,0,1,1,0,0,1,0,0,Sophomore,0,1,1,0,1,Woman,1,0,0,0,0,0,1,1,0,0,0,0,1,1,1,1,0,1,0,1,1,1,1,0,0,0,0,0,0,Computer Science,0,0,0,1,0,0,0,No,No,No,Yes,Yes
False,Maybe,No,No,Yes,Yes,Yes,Woman,1,0,0,1,1,0,0,0,Freshman,0,0,1,0,1,Woman,0,0,0,0,0,0,0,0,0,0,0,0,1,1,1,0,0,0,0,0,0,0,0,0,0,1,0,0,0,Computer Science,0,1,0,0,0,0,0,No,No,No,No,No
False,Maybe,No,No,Maybe,Maybe,Yes,Woman,0,0,0,0,0,0,1,0,Freshman,1,0,1,1,1,Woman,0,0,0,0,0,0,0,0,0,0,0,0,1,1,1,1,0,0,0,0,0,0,0,0,0,1,0,0,0,Computer Science,0,0,0,1,0,0,0,No,No,No,No,Yes
True,Yes,Yes,No,Maybe,Maybe,Yes,Woman,0,1,1,1,1,1,1,0,Junior,0,1,0,0,1,Woman,1,1,0,0,0,1,1,1,0,0,0,0,1,1,1,1,1,1,0,1,1,1,0,0,0,1,0,0,0,Engineering-based,0,1,0,1,0,0,0,No,Yes,No,No,No
True,Yes,Yes,No,Maybe,Maybe,Yes,Woman,0,1,1,1,1,1,1,0,Junior,0,1,0,0,1,Woman,1,1,0,0,0,1,1,1,0,0,0,0,1,1,1,1,1,1,0,1,1,1,0,0,0,1,0,0,0,Engineering-based,0,1,0,1,0,0,0,No,Yes,No,No,No
False,Yes,No,No,No,Yes,Yes,Man,0,0,1,1,0,0,1,1,Freshman,1,0,1,0,1,Man,0,0,0,0,0,0,0,0,0,0,0,0,1,1,1,1,0,1,0,1,1,1,0,0,0,0,0,0,1,Undecided,0,0,0,0,0,0,0,No,No,No,No,No
True,No,No,No,Yes,No,Yes,Woman,0,0,1,1,1,0,0,1,Junior,1,0,1,0,1,Woman,0,0,0,0,0,0,0,1,0,0,0,0,1,1,0,1,0,0,0,0,0,1,0,0,0,1,0,0,0,Computer Science,0,1,0,0,0,0,0,No,No,No,No,Yes
False,Maybe,No,No,No,Yes,Yes,Prefer not to say,1,0,0,1,1,0,1,0,Sophomore,1,1,0,0,0,Other,1,0,0,0,0,0,1,0,0,0,0,0,1,0,0,0,0,0,0,0,0,1,0,0,0,0,0,0,0,Engineering-based,0,0,0,0,0,0,0,No,No,No,No,No
False,Yes,Yes,No,No,Maybe,Yes,Woman,0,1,1,1,1,0,0,1,Senior,1,1,1,1,1,Woman,1,0,0,0,0,0,1,0,0,0,0,0,1,1,0,0,0,1,0,0,0,0,1,0,0,0,0,0,0,Life Sciences,0,0,0,1,0,0,0,No,No,No,No,No
True,Maybe,No,No,Maybe,Maybe,Yes,Woman,1,0,1,1,1,0,1,1,Sophomore,0,0,1,0,1,Woman,0,0,0,0,0,0,0,0,0,0,0,0,1,1,0,1,0,0,0,0,1,1,0,0,0,1,0,0,0,Computer Science,0,0,0,1,0,0,0,No,No,No,No,No
True,Yes,No,Yes,No,Maybe,Yes,Man,0,1,1,1,0,0,0,0,Junior,0,0,0,0,1,Man,0,0,0,0,0,0,0,0,0,0,0,0,1,0,0,0,0,1,0,0,1,1,1,0,0,0,0,0,0,Computer Science,0,0,0,1,0,0,0,No,No,Prefer not to say,Yes,No
True,No,No,No,Yes,Yes,Yes,Man,1,0,1,1,1,0,1,0,Senior,1,0,1,0,1,Man,0,0,0,0,0,0,0,0,0,0,0,0,0,0,0,0,0,0,0,0,0,1,0,0,0,1,0,0,0,Computer Science,0,0,0,1,0,0,0,No,No,No,No,No
True,No,No,No,Maybe,No,Yes,Man,0,0,1,1,0,1,1,1,Senior,1,1,1,1,0,Man,0,0,0,0,0,0,0,0,0,0,0,0,1,1,1,1,1,1,0,1,1,1,1,0,0,0,0,0,0,Undecided,0,0,0,1,0,0,0,No,Prefer not to say,No,No,No
True,No,Maybe,No,Yes,Maybe,Yes,Woman,0,1,1,1,0,0,0,0,Senior,0,1,1,1,0,Woman,0,1,0,0,0,0,0,1,0,0,0,0,1,1,1,1,1,1,0,1,1,0,0,0,0,0,0,0,1,Engineering-based,0,0,0,1,0,0,0,No,No,No,No,No
True,Yes,No,No,Yes,Yes,Yes,Woman,0,1,1,1,1,0,1,1,Sophomore,0,1,1,0,1,Woman,0,1,0,0,0,0,0,0,0,0,0,0,1,1,1,1,1,1,0,0,1,1,0,0,0,1,0,0,0,Computer Science,1,0,0,0,0,0,0,No,No,Yes,Yes,No
True,Yes,Yes,No,Maybe,Maybe,Yes,Woman,0,1,0,0,1,1,1,0,Junior,0,0,1,0,1,Woman,0,1,0,0,0,0,0,1,0,0,0,0,1,1,1,1,0,0,0,1,1,1,0,0,0,1,0,0,0,Computer Science,0,0,0,1,0,0,0,No,No,No,No,No
True,No,No,No,Maybe,Yes,Yes,Non-binary,1,0,1,1,1,0,1,1,Sophomore,1,1,1,0,1,Other,0,1,0,0,0,0,1,1,0,0,0,0,1,1,1,1,1,1,0,0,0,1,0,0,0,1,0,0,0,Computer Science,0,1,0,0,0,0,0,No,No,No,No,No
True,Maybe,Maybe,No,No,No,Yes,Woman,0,1,1,0,0,1,0,0,Junior,0,1,0,1,0,Woman,0,1,1,0,0,0,0,1,1,0,0,0,1,1,1,1,1,1,0,1,1,0,0,0,0,0,0,0,1,Mathematics,0,1,0,0,0,0,0,No,No,No,No,No
True,No,Yes,Yes,No,Maybe,Maybe,AFAB questioning,1,1,1,1,0,1,0,0,Graduate Student,0,0,1,0,1,Other,0,1,0,0,0,0,1,1,0,0,0,0,1,1,1,1,1,1,0,1,1,1,0,0,0,1,0,0,1,Computer Science,0,0,0,0,0,1,0,Prefer not to say,No,No,No,No
True,Yes,Yes,No,Maybe,Yes,Yes,Man,1,1,1,1,1,0,1,1,Junior,1,1,1,1,1,Man,0,0,0,0,0,0,1,0,0,0,0,0,1,1,1,1,0,1,0,0,0,0,1,0,0,0,0,0,1,Computer Science,0,0,1,0,0,0,0,No,No,No,No,No
True,Yes,No,No,Maybe,Yes,Yes,Woman,1,1,1,1,1,0,0,0,Senior,0,0,1,0,1,Woman,1,1,0,0,0,1,1,1,1,0,0,0,1,1,0,0,1,0,0,1,1,1,0,0,0,1,0,0,0,Computer Science,0,0,0,1,0,0,0,No,No,No,No,No
True,Yes,No,No,Yes,Yes,Maybe,Man,1,0,1,1,1,0,1,0,Graduate Student,1,0,1,0,1,Man,0,0,0,0,0,0,0,0,0,0,0,0,0,0,0,1,1,0,0,0,0,1,0,1,0,0,0,0,1,Computer Science,0,0,0,1,0,0,0,No,No,No,No,No
True,No,No,No,Yes,Yes,Yes,Woman,0,1,1,1,1,0,1,1,Sophomore,0,0,1,0,1,Woman,0,0,0,0,0,0,0,0,0,0,0,0,1,1,1,1,0,0,0,0,0,1,0,0,0,1,0,0,0,Computer Science,0,0,0,1,0,0,0,No,No,No,No,No
True,No,No,No,Yes,Yes,Yes,Woman,1,0,0,1,1,0,0,1,Senior,0,0,1,1,1,Woman,0,1,0,0,0,0,0,0,0,0,0,0,0,1,0,0,0,1,0,0,1,1,0,0,0,1,0,0,0,Computer Science,0,0,0,1,0,0,0,No,No,No,No,No
True,Maybe,Yes,No,Yes,Maybe,Yes,Woman,1,1,1,1,1,0,0,1,Junior,1,0,1,0,1,Woman,0,0,0,0,0,0,0,1,0,0,0,0,1,1,1,1,1,1,0,1,0,0,0,0,0,1,0,0,0,Informatics,0,0,0,1,0,0,0,No,No,No,No,No
True,No,Yes,No,No,No,Maybe,Man,0,1,1,1,0,0,1,0,Junior,1,0,0,0,0,Man,0,0,0,0,0,0,0,0,0,0,0,0,1,1,1,1,1,1,0,0,1,1,0,0,0,0,0,0,1,Statistics/DS,0,0,1,0,0,0,0,No,No,No,No,No
True,Yes,No,No,Yes,Maybe,Maybe,Man,1,1,0,1,1,1,1,0,Fifth year+,0,0,1,0,1,Man,1,1,0,0,0,1,1,1,0,0,0,1,1,1,1,1,0,1,0,0,1,1,0,0,0,0,0,0,1,Computer Science,0,0,0,1,0,0,0,No,Yes,No,No,No
True,Yes,No,No,No,Yes,Yes,Woman,1,0,1,0,1,1,0,0,Sophomore,1,0,1,0,1,Woman,0,1,0,0,0,0,0,1,0,0,0,0,1,1,1,1,0,0,0,1,1,0,0,0,0,1,0,0,0,Computer Science,0,0,0,1,0,0,0,No,No,No,No,No
True,Yes,No,No,No,No,Yes,Woman,0,0,1,0,0,1,1,0,Sophomore,0,1,0,0,0,Woman,0,0,0,0,0,0,0,0,0,0,0,0,1,1,1,0,0,0,0,1,1,0,0,0,0,1,0,0,0,Computer Science,0,1,0,0,0,0,0,No,No,No,No,No
True,No,No,No,Yes,Yes,Maybe,Man,1,0,0,1,1,0,1,1,Junior,0,0,0,0,1,Man,0,0,0,0,0,0,0,0,0,0,0,1,1,1,0,1,0,0,0,0,0,1,0,0,0,1,0,0,0,Computer Science,0,0,0,1,0,0,0,No,No,No,No,No
True,No,No,No,Maybe,Yes,Yes,Man,1,0,1,1,1,0,1,0,Junior,1,0,1,0,1,Man,0,0,0,0,0,0,0,0,0,0,0,0,1,0,1,1,0,0,0,0,0,1,0,0,0,0,0,0,1,Computer Science,0,0,0,1,0,0,0,No,No,No,No,No
False,Yes,No,No,Maybe,Yes,Yes,Woman,1,0,1,1,1,0,0,0,Senior,0,0,1,0,1,Woman,1,1,0,0,0,0,1,1,0,0,0,0,1,1,1,1,0,1,0,1,0,1,0,1,0,1,0,0,0,Computer Science,0,0,0,1,0,0,0,No,No,No,No,No
True,No,Yes,No,Maybe,Yes,Yes,Woman,1,1,1,1,1,0,1,0,Freshman,1,1,1,1,1,Woman,0,0,0,0,0,0,0,0,0,0,0,0,1,1,1,0,0,0,0,0,0,1,0,0,0,1,0,0,0,Statistics/DS,0,0,0,0,0,0,0,No,No,No,No,No
True,No,Yes,No,Maybe,Maybe,Yes,Woman,0,1,1,0,1,1,0,0,Freshman,0,0,0,0,0,Woman,0,1,0,0,0,0,0,1,0,0,0,0,0,1,0,0,0,0,0,1,0,0,0,0,0,1,0,0,0,Computer Science,0,0,0,1,0,0,0,No,No,No,No,No
False,No,Yes,No,No,Yes,Yes,Woman,0,1,1,1,1,0,0,0,Freshman,0,1,0,1,1,Woman,0,0,0,0,0,0,0,1,0,0,0,0,1,1,1,1,1,1,0,0,1,0,0,0,0,1,0,0,0,Computer Science,0,0,0,1,0,0,0,No,No,No,No,No
False,Yes,Yes,No,Yes,Yes,Yes,Man,0,1,1,1,1,1,0,0,Freshman,1,0,0,0,1,Man,1,1,1,0,0,0,1,1,1,0,0,0,1,1,1,1,1,1,0,0,0,1,0,0,0,0,0,0,1,Computer Science,0,0,0,1,0,0,0,No,No,No,No,No
False,Yes,No,No,No,Yes,Yes,Man,1,0,1,1,1,0,1,0,Senior,1,1,1,0,0,Man,1,0,0,0,0,0,0,0,0,0,0,0,1,1,1,1,1,1,0,0,0,1,0,0,0,1,0,0,1,Computer Science,0,0,0,1,0,0,0,No,No,No,No,No
False,No,No,No,Maybe,Maybe,Yes,Woman,0,1,1,1,1,0,1,0,Junior,0,0,1,0,0,Woman,0,1,0,0,0,0,0,1,0,0,0,0,1,1,1,1,1,1,0,0,1,0,0,0,0,1,0,0,0,Computer Science,0,0,0,1,0,0,0,No,No,No,No,No
False,No,No,No,Yes,Yes,No,Man,1,0,1,1,1,0,1,0,Sophomore,1,0,1,0,1,Man,0,0,0,0,0,0,0,0,0,0,0,0,1,1,0,0,1,1,0,0,1,1,0,0,0,0,0,0,1,Computer Science,0,0,0,1,0,0,0,No,No,No,No,No
True,No,No,No,No,Yes,Yes,Woman,0,1,0,1,1,0,1,1,Graduate Student,0,0,0,0,0,Woman,0,0,0,0,0,0,0,0,0,0,0,0,1,1,1,1,0,0,0,1,1,1,0,0,0,1,0,0,0,Undecided,0,0,0,1,0,0,0,No,No,No,No,Yes
False,Yes,No,No,Yes,No,Yes,Woman,1,1,1,0,1,0,0,1,Junior,0,0,1,0,1,Woman,0,0,0,0,0,0,0,0,0,0,0,0,1,1,1,1,1,1,0,0,0,1,0,0,0,1,0,0,0,Computer Science,0,0,0,1,0,0,0,No,No,No,No,No
False,No,No,No,Yes,Yes,Yes,Man,1,0,1,1,1,0,1,0,Sophomore,0,0,0,0,0,Man,0,0,0,0,0,0,0,0,0,0,0,0,1,1,1,1,0,0,0,0,0,1,0,0,0,0,0,0,1,Computer Science,0,0,0,1,0,0,0,No,No,No,No,Yes
False,Maybe,Maybe,No,No,Yes,Yes,Man,1,0,1,1,1,0,1,1,Senior,1,1,1,0,1,Man,0,0,0,0,0,0,0,0,0,0,0,0,1,1,1,1,1,1,0,0,0,1,0,0,0,1,0,0,0,Undecided,0,0,0,1,0,0,0,No,No,No,No,No
False,No,No,No,Yes,Yes,Yes,Woman,1,0,1,1,1,0,0,0,Senior,0,0,1,0,1,Woman,0,0,0,0,0,0,0,0,0,0,0,0,1,1,1,1,1,1,0,0,1,0,0,0,0,0,0,0,1,Computer Science,0,0,0,0,0,0,0,No,No,No,No,No
False,Yes,No,No,No,Yes,Yes,Man,0,0,1,1,1,1,1,0,Senior,1,1,1,0,0,Man,0,0,0,0,0,0,0,0,0,0,0,0,1,0,0,0,0,0,0,1,0,0,0,1,0,1,0,0,0,Computer Science,0,0,0,1,0,0,0,No,No,Yes,Yes,Yes
True,No,No,No,No,No,Yes,Woman,0,1,1,0,0,0,1,0,Fifth year+,0,1,0,0,0,Woman,0,0,0,0,0,0,0,0,0,0,0,0,1,1,1,1,1,1,0,0,1,0,0,0,0,0,0,0,1,Undecided,0,1,0,0,0,0,0,No,No,No,No,No
False,Maybe,No,No,Yes,Yes,Yes,Woman,1,0,1,0,0,0,0,0,Sophomore,0,1,0,1,0,Woman,0,0,0,0,0,0,0,0,0,0,0,0,1,1,1,1,1,1,0,0,0,0,0,0,0,1,0,0,0,Computer Science,0,0,0,1,0,0,0,No,No,No,No,No
False,Yes,Yes,No,Yes,Yes,Maybe,Woman,0,1,1,1,1,0,0,0,Sophomore,1,0,1,0,1,Woman,0,0,0,0,0,0,0,0,0,0,0,0,1,1,0,0,0,1,0,0,0,1,0,0,0,0,0,0,0,Computer Science,0,0,0,0,0,0,0,No,No,No,No,Yes
True,No,No,No,Yes,Yes,Yes,Woman,0,1,1,0,1,0,1,1,Freshman,1,0,1,0,0,Woman,0,1,0,0,0,0,1,0,0,0,0,1,1,1,1,1,1,1,0,1,1,0,0,0,0,1,0,0,0,Life Sciences,0,0,0,0,0,1,0,No,No,No,No,No
False,Yes,Yes,No,No,Yes,Yes,Man,0,1,1,1,1,0,1,0,Junior,1,0,1,0,1,Man,0,0,0,0,0,0,0,0,0,0,0,0,1,1,1,1,1,1,0,0,1,1,0,0,0,1,0,0,1,Computer Science,0,0,0,1,0,0,0,No,No,No,No,No
False,Maybe,No,No,Yes,Yes,No,Prefer not to say,0,0,1,1,1,0,1,1,Freshman,1,0,1,0,1,Other,0,0,0,0,0,0,0,0,0,0,0,0,0,0,0,1,1,1,0,0,0,1,0,0,0,0,0,0,0,Computer Science,0,0,0,0,0,0,0,Prefer not to say,Prefer not to say,Prefer not to say,Prefer not to say,Prefer not to say
False,Yes,Maybe,No,Maybe,Yes,Yes,Woman,0,0,1,1,1,0,1,1,Senior,1,0,1,0,1,Woman,0,0,0,0,0,0,0,0,0,0,0,0,1,1,1,1,1,1,0,0,0,1,0,0,0,1,0,0,0,Computer Science,0,0,0,1,0,0,0,No,No,Yes,No,Yes
False,No,Yes,No,Maybe,Yes,Yes,Woman,0,1,1,1,1,0,1,0,Freshman,0,0,1,0,1,Woman,0,0,0,0,0,0,0,0,0,0,0,0,1,1,1,1,1,1,0,0,0,0,0,0,0,1,0,0,0,Computer Science,0,0,0,1,0,0,0,No,No,No,No,No
False,Yes,No,No,Yes,Yes,Maybe,Man,1,0,0,1,0,0,0,0,Freshman,0,0,0,0,1,Man,0,0,0,0,0,0,0,0,0,0,0,0,0,0,0,0,0,0,0,0,0,1,0,0,0,1,0,0,0,Computer Science,0,0,0,1,0,0,0,No,No,No,No,Yes
False,No,No,No,Yes,Yes,Yes,Man,1,0,1,1,1,0,1,0,Freshman,1,1,1,0,0,Man,0,0,0,0,0,0,0,0,0,0,0,0,1,1,1,1,1,1,0,0,0,1,0,0,0,1,0,0,0,Computer Science,0,0,0,1,0,0,0,No,No,No,No,No
True,Yes,No,No,Maybe,Yes,Yes,Woman,1,0,1,1,1,0,1,0,Sophomore,1,0,1,0,0,Woman,0,0,0,0,0,0,0,0,0,0,0,0,1,1,1,1,1,1,0,1,1,1,0,0,0,1,0,0,0,Computer Science,0,0,0,1,0,0,0,No,No,No,No,No
False,Maybe,Yes,No,No,No,Yes,Man,0,1,1,1,1,1,1,0,Junior,1,0,0,0,1,Man,0,0,0,0,0,0,0,0,0,0,0,0,1,1,1,1,0,1,0,0,1,1,0,0,0,1,0,0,0,Computer Science,0,0,0,1,0,0,0,No,No,No,No,No
False,Maybe,Maybe,No,No,No,Yes,Woman,0,1,1,1,0,1,1,0,Sophomore,0,0,0,1,1,Woman,0,1,0,0,0,0,0,0,0,0,0,0,1,1,1,1,1,1,0,1,1,1,0,0,0,1,0,0,0,Computer Science,0,0,0,1,0,0,0,No,No,No,No,No
False,No,No,No,Maybe,Maybe,Yes,Woman,1,0,1,0,1,0,0,1,Freshman,0,0,0,0,1,Woman,0,1,0,0,0,0,0,0,0,0,0,0,1,1,1,1,1,1,0,0,0,0,0,0,0,1,0,0,0,Computer Science,0,0,0,0,0,1,0,No,No,No,No,No
False,Yes,No,No,Maybe,Yes,Yes,Woman,1,0,1,1,1,0,1,0,Freshman,1,1,0,0,1,Woman,0,1,0,0,0,0,0,0,0,0,0,0,1,1,1,1,1,1,0,0,0,1,0,0,0,1,0,0,0,Computer Science,0,0,0,1,0,0,0,No,No,No,No,No
False,Maybe,Yes,No,Yes,Maybe,Yes,Man,1,1,1,1,1,1,1,0,Sophomore,0,0,0,0,1,Man,0,0,0,0,0,0,0,0,0,0,0,0,1,1,0,1,1,1,0,0,0,1,0,0,0,1,0,0,0,Computer Science,0,0,0,1,0,0,0,No,No,No,No,No
False,No,Yes,No,Maybe,Yes,Yes,Woman,1,0,1,1,1,0,0,0,Junior,0,1,1,0,1,Woman,0,1,0,0,0,0,0,1,0,0,0,0,1,1,1,1,1,1,0,1,1,1,0,0,0,1,0,0,0,Computer Science,0,0,0,1,0,0,0,No,No,No,No,Yes
True,Yes,Maybe,No,No,Maybe,Yes,Woman,0,1,1,1,1,1,1,1,Sophomore,0,1,1,1,1,Woman,1,1,0,0,0,1,1,1,0,0,0,0,1,1,1,1,0,1,0,1,1,0,0,0,0,1,0,0,0,Undecided,0,0,0,1,0,0,0,No,No,No,No,No
True,Yes,Maybe,No,No,Maybe,Yes,Woman,0,1,1,1,1,1,1,1,Sophomore,0,1,1,1,1,Woman,1,1,0,0,0,1,1,1,0,0,0,0,1,1,1,1,0,1,0,1,1,0,0,0,0,1,0,0,0,Undecided,0,0,0,1,0,0,0,No,No,No,No,No
False,Yes,No,No,Maybe,Yes,Yes,Man,0,1,1,1,1,0,1,0,Senior,1,1,1,1,0,Man,0,0,0,0,0,0,0,0,0,0,0,0,1,1,1,1,1,1,0,0,0,1,0,1,0,1,0,0,0,Computer Science,0,0,0,1,0,0,0,No,No,Yes,No,Yes
False,Maybe,No,No,No,Yes,Yes,Woman,1,0,1,1,1,1,0,0,Sophomore,0,0,0,1,1,Woman,0,1,0,0,0,0,0,0,0,0,0,0,1,1,1,1,1,1,0,1,1,0,0,0,0,1,0,0,1,Computer Science,0,0,0,0,1,0,0,No,No,No,No,No
False,Maybe,No,No,Maybe,Yes,Yes,Man,1,0,1,0,1,0,0,0,Freshman,1,0,0,0,0,Man,0,0,0,0,0,0,0,0,0,0,0,0,1,1,1,1,0,1,0,0,0,1,0,0,0,0,0,0,1,Computer Science,0,0,0,1,0,0,0,No,No,No,No,No
False,Maybe,No,No,Yes,Yes,No,Man,1,0,0,0,1,1,0,0,Junior,0,0,0,0,1,Man,1,1,1,0,0,0,1,1,1,0,0,0,1,1,1,1,1,1,0,0,0,1,0,0,0,0,0,0,1,Computer Science,0,0,0,1,0,0,0,No,No,Yes,Yes,Yes
False,Maybe,No,No,Yes,Yes,No,Man,1,0,0,0,1,1,0,0,Junior,0,0,0,0,1,Man,1,1,1,0,0,0,1,1,1,0,0,0,1,1,1,1,1,1,0,0,0,1,0,0,0,0,0,0,1,Computer Science,0,0,0,1,0,0,0,No,No,Yes,Yes,Yes
False,Yes,No,No,Yes,Yes,Yes,Man,0,1,1,1,1,0,0,0,Junior,0,0,1,0,1,Man,1,1,0,0,0,1,1,1,0,0,0,1,1,1,1,1,1,1,0,0,1,0,0,0,0,0,0,0,1,Computer Science,0,0,0,1,0,0,0,No,No,No,No,No
False,Maybe,No,No,Yes,Yes,Yes,Woman,0,0,1,1,1,1,0,0,Junior,0,1,1,0,0,Woman,0,1,0,0,0,0,0,1,0,0,0,0,1,1,1,1,1,1,0,0,1,1,0,0,0,1,0,0,0,Computer Science,0,0,0,1,0,0,0,No,No,No,No,No
False,Yes,No,No,Maybe,Yes,Yes,Man,1,0,1,1,1,0,0,0,Sophomore,1,1,1,0,1,Man,0,0,0,0,0,0,0,0,0,0,0,0,1,1,1,1,1,1,0,0,0,1,0,0,0,1,0,0,0,Computer Science,0,0,0,1,0,0,0,No,No,No,No,No
False,Maybe,No,No,No,No,Yes,Man,1,1,1,1,1,0,1,1,Junior,0,1,1,1,1,Man,0,0,0,0,0,0,0,0,0,0,0,0,1,1,1,1,1,1,0,0,1,1,0,0,0,1,0,0,0,Computer Science,0,0,1,0,0,0,0,No,No,Yes,Yes,No
False,Yes,Yes,No,Yes,Yes,Yes,Prefer not to say,1,1,1,1,1,0,1,1,Sophomore,1,0,1,1,1,Other,0,0,0,0,0,0,0,0,0,0,0,0,1,1,1,1,0,0,0,0,0,1,0,0,0,0,0,0,0,Computer Science,1,0,0,0,0,0,0,No,No,No,No,Yes
True,No,No,No,Yes,Yes,Maybe,Woman,1,1,1,1,1,1,1,1,Junior,1,0,1,0,1,Woman,0,1,0,0,0,1,0,1,0,0,0,0,1,1,1,1,1,1,0,1,1,1,0,0,0,1,0,0,0,Computer Science,0,1,0,0,0,0,0,No,No,No,No,No
False,Yes,Maybe,Maybe,Maybe,Yes,Yes,Non-binary,1,1,1,1,1,0,1,1,Graduate Student,0,1,1,0,0,Other,0,1,0,0,0,0,0,0,0,0,0,0,1,1,1,1,1,1,0,1,1,1,0,0,0,0,0,0,1,Computer Science,1,1,0,0,0,1,0,Yes,Prefer not to say,No,No,No
False,No,Yes,No,Yes,Maybe,Maybe,Man,0,1,1,1,1,0,1,0,Sophomore,0,0,0,0,0,Man,0,0,0,0,0,0,0,0,0,0,0,0,1,1,0,0,0,0,0,0,0,0,0,0,0,0,0,0,1,Computer Science,0,0,0,1,0,0,0,No,No,No,No,No
False,Yes,No,No,Maybe,Yes,Yes,Man,1,0,1,1,1,0,1,0,Freshman,1,0,1,0,0,Man,0,0,0,0,0,0,0,0,0,0,0,0,1,1,1,1,1,1,0,1,0,0,0,0,0,1,0,0,0,Computer Science,0,0,0,1,0,0,0,No,No,No,No,No
False,Yes,Yes,No,Maybe,Yes,Yes,Woman,1,0,1,1,1,1,0,0,Freshman,0,1,0,1,0,Woman,1,1,0,0,0,0,0,0,0,0,0,1,1,1,1,1,1,1,0,1,1,1,0,0,0,1,0,0,1,Physical Sciences,0,0,0,1,0,0,0,No,No,No,No,No
False,No,No,No,No,Maybe,Yes,Woman,0,1,1,1,1,1,0,0,Freshman,0,0,1,0,0,Woman,1,1,0,0,0,1,1,1,0,0,0,1,1,1,1,1,1,1,0,1,1,1,0,0,0,1,0,0,0,Mathematics,0,0,0,1,0,0,0,No,No,No,No,No
False,Yes,Yes,No,Yes,Yes,No,Man,1,0,0,1,1,0,0,0,Freshman,1,0,0,0,0,Man,0,0,0,0,0,0,0,0,0,0,0,0,0,0,0,0,1,1,0,0,0,0,0,0,0,1,0,0,0,Undecided,0,0,0,1,0,0,0,No,No,No,Yes,No
False,Maybe,Maybe,No,No,Maybe,Yes,Man,1,1,1,1,1,1,1,1,Freshman,1,0,1,0,0,Man,1,0,0,0,0,0,1,0,0,0,0,0,1,1,1,1,1,1,0,1,1,1,1,0,0,0,0,0,0,Mathematics,0,0,0,0,0,0,0,No,No,No,No,No
False,Yes,No,No,Maybe,Yes,Yes,Woman,1,0,1,1,1,0,1,0,Junior,1,0,1,0,1,Woman,0,1,0,0,0,0,0,1,0,0,0,0,1,1,1,1,1,1,0,1,0,1,0,0,0,1,0,0,0,Computer Science,0,0,0,1,0,0,0,No,No,No,No,Yes
True,Yes,Yes,No,Yes,Yes,Yes,Woman,1,0,1,1,1,1,1,0,Freshman,1,1,0,1,1,Woman,1,1,0,0,0,1,1,1,0,0,0,1,1,1,1,1,1,1,0,1,0,0,0,0,0,1,0,0,0,Computer Science,0,0,0,1,0,0,0,No,No,No,No,No
True,Yes,No,Maybe,No,Yes,Yes,Man,0,1,1,1,1,0,1,1,Sophomore,1,0,1,0,1,Man,0,0,0,0,0,0,0,0,0,0,0,0,0,0,0,0,0,0,0,0,1,1,0,0,0,1,0,0,0,Computer Science,0,0,0,1,0,0,0,No,No,No,Prefer not to say,Yes
True,Yes,No,No,No,Yes,Yes,Woman,1,0,1,1,1,0,1,1,Junior,0,1,0,1,0,Woman,0,0,0,0,0,0,0,1,0,0,0,0,1,1,1,1,1,1,0,1,1,1,0,0,0,1,0,0,0,Computer Science,0,1,0,0,0,0,0,No,No,No,No,No
True,Yes,No,No,Maybe,No,Yes,Woman,1,0,0,1,0,1,0,0,Senior,0,0,0,1,0,Woman,0,0,0,0,0,0,0,1,0,0,0,0,1,1,1,1,1,1,0,0,1,0,0,0,0,1,0,0,0,Computer Science,0,0,0,1,0,0,0,No,No,No,No,No
True,Yes,No,No,Yes,Yes,Yes,Man,1,0,1,1,1,1,0,0,Junior,1,0,1,0,0,Man,0,0,0,0,0,0,0,0,0,0,0,0,1,1,1,1,0,1,0,0,0,1,0,0,0,1,0,0,0,Computer Science,0,0,0,1,0,0,0,No,No,No,No,No
True,Maybe,No,No,Yes,Yes,Yes,Woman,0,0,1,1,1,0,1,0,Freshman,1,0,0,0,1,Woman,0,0,0,0,0,0,0,0,0,0,0,0,1,1,0,0,0,0,0,0,0,1,0,0,0,1,0,0,0,Computer Science,0,0,0,1,0,0,0,No,Prefer not to say,No,No,Yes
True,No,No,No,Maybe,Maybe,Yes,Woman,0,1,0,1,1,1,1,0,Junior,0,1,0,1,1,Woman,0,0,0,0,0,0,0,1,0,0,0,0,1,1,1,1,1,1,0,1,1,1,0,0,0,1,0,0,0,Computer Science,0,0,0,1,0,0,0,No,No,No,No,No
True,No,Maybe,No,Maybe,Maybe,Yes,Woman,0,1,1,1,1,0,1,0,Sophomore,0,0,1,0,1,Woman,0,0,0,0,0,0,0,0,0,0,0,0,1,1,0,0,0,0,0,0,1,0,0,0,0,1,0,0,0,Computer Science,0,0,0,1,0,0,0,No,No,No,No,No
True,No,Yes,No,Yes,Yes,Yes,Woman,0,1,1,1,1,0,1,0,Freshman,0,1,1,1,1,Woman,0,0,0,0,0,0,0,0,0,0,0,0,1,1,1,1,1,1,0,1,1,1,0,0,0,1,0,0,0,Computer Science,0,0,0,1,0,0,0,No,No,No,No,No
True,Yes,No,No,Yes,Yes,Yes,Woman,1,0,0,1,1,0,1,1,Freshman,0,1,1,1,1,Woman,0,0,0,0,0,0,0,0,0,0,0,0,1,0,1,0,1,1,0,0,1,1,0,0,0,1,0,0,0,Computer Science,0,0,0,1,0,0,0,No,No,No,No,No
True,Yes,No,No,Maybe,Yes,Yes,Woman,1,1,1,1,1,0,1,1,Sophomore,0,1,0,1,0,Woman,0,0,0,0,0,0,0,0,0,0,0,0,1,1,1,1,0,1,0,1,1,1,0,0,0,1,0,0,0,Computer Science,0,0,0,1,0,0,0,No,No,No,No,No
True,Yes,No,No,Maybe,Yes,Yes,Woman,1,0,1,1,1,0,1,1,Junior,0,1,1,1,0,Woman,0,0,0,0,0,0,0,0,0,0,0,0,1,1,1,1,1,1,0,0,0,1,0,0,0,1,0,0,0,Computer Science,0,0,0,1,0,0,0,No,No,No,No,No
True,Yes,No,No,Maybe,Yes,Yes,Woman,0,1,1,0,1,1,1,1,Freshman,0,1,1,1,1,Woman,0,0,0,0,0,0,1,1,0,0,0,0,1,1,1,1,1,1,0,0,0,1,1,0,0,0,0,0,0,Computer Science,0,0,0,1,0,0,0,No,No,No,No,No
True,No,No,No,Maybe,Maybe,Yes,Woman,0,1,1,1,1,0,0,0,Junior,0,0,0,0,0,Woman,0,0,0,0,0,0,0,1,0,0,0,0,1,1,1,1,1,1,0,0,0,1,0,0,0,1,0,0,0,Computer Science,0,0,0,1,0,0,0,No,No,No,No,No
True,Maybe,No,No,Maybe,Maybe,Yes,Woman,0,1,1,1,1,0,0,1,Sophomore,0,1,1,1,1,Woman,1,1,0,0,0,1,0,0,0,0,0,1,1,1,1,1,1,1,0,1,1,1,0,0,0,1,0,0,0,Undecided,0,0,0,1,0,0,0,No,No,No,No,No
True,Yes,No,No,Maybe,Maybe,Yes,Woman,1,0,1,1,1,1,1,0,Junior,1,0,1,0,1,Woman,0,0,0,0,0,0,0,1,0,0,0,0,1,1,1,1,1,1,0,1,1,1,0,0,0,1,0,0,0,Computer Science,0,0,0,1,0,0,0,No,No,No,No,No
True,No,No,No,Yes,Maybe,Yes,Woman,1,0,1,0,0,0,1,1,Junior,1,0,1,0,1,Woman,0,0,0,0,0,0,1,1,0,0,0,0,1,1,1,1,0,1,0,1,1,1,0,0,0,1,0,0,0,Computer Science,0,0,0,1,0,0,0,No,No,No,No,No
True,Maybe,Maybe,No,No,Yes,Yes,Woman,0,0,0,1,1,0,1,0,Junior,1,0,1,0,0,Woman,0,0,0,0,0,0,0,0,0,0,0,0,1,1,1,1,1,1,0,1,0,1,0,0,0,1,0,0,0,Life Sciences,0,0,0,1,0,0,0,No,No,No,No,No
True,No,Yes,Yes,Maybe,No,Yes,Woman,0,0,1,0,0,1,0,0,Junior,0,0,1,0,0,Woman,0,0,0,0,0,1,0,0,0,0,0,0,1,0,1,0,0,1,0,0,0,1,0,0,0,1,0,0,0,Informatics,0,0,0,1,0,0,0,No,No,No,No,Yes
True,No,Yes,No,Maybe,Maybe,Maybe,Woman,0,1,1,1,1,0,0,1,Freshman,1,0,0,0,0,Woman,0,0,0,0,0,0,0,0,0,0,0,0,1,1,0,1,0,1,0,0,1,0,0,0,0,0,0,0,0,Computer Science,1,0,0,0,0,0,0,No,No,No,No,No
False,Yes,No,No,Maybe,Yes,Yes,Woman,1,1,1,1,1,1,1,1,Freshman,1,1,1,1,0,Woman,0,0,0,0,0,0,0,1,0,0,0,0,1,1,1,1,1,1,0,0,0,1,0,0,0,1,0,0,0,Mathematics,0,0,0,1,0,0,0,No,No,No,No,No
True,Yes,Yes,Yes,Yes,Yes,Maybe,Woman,0,1,1,0,1,0,0,0,Junior,0,1,0,0,0,Woman,0,1,0,0,0,0,0,0,0,0,0,0,1,0,1,0,0,0,0,1,0,0,0,0,0,1,0,0,0,Undecided,0,0,0,1,0,0,0,No,No,No,No,No
True,No,No,No,Maybe,Yes,Yes,Woman,0,1,1,1,1,0,0,0,Sophomore,1,0,0,0,0,Woman,0,0,0,0,0,0,0,0,0,0,0,0,1,1,1,1,1,1,0,1,0,1,0,0,0,1,0,0,0,Computer Science,0,0,1,0,0,0,0,No,No,No,No,No
False,No,Maybe,No,Maybe,Maybe,Yes,Woman,1,1,1,1,1,0,1,0,Freshman,0,0,1,0,1,Woman,0,1,0,0,0,0,0,0,0,0,0,0,1,1,1,1,0,1,0,0,0,1,0,0,0,1,0,0,0,Computer Science,0,0,0,1,0,0,0,No,No,No,No,Yes
False,Yes,Yes,Yes,Maybe,Maybe,Yes,Man,1,0,1,1,1,1,1,1,Senior,1,0,1,0,1,Man,0,0,0,0,0,0,0,0,0,0,0,0,1,1,1,1,0,1,0,0,1,1,0,0,0,0,0,0,1,Computer Science,0,0,0,1,0,0,0,No,No,No,No,No
True,Yes,No,No,No,Yes,Yes,Woman,1,1,1,1,1,1,1,0,Graduate Student,0,0,1,0,1,Woman,0,0,0,0,0,0,0,1,0,0,0,0,1,1,1,1,0,1,0,1,1,1,0,0,0,1,0,0,0,Computer Science,0,0,0,1,0,0,0,No,No,No,No,No
True,No,Yes,No,Yes,Maybe,Yes,Woman,0,1,1,1,0,0,0,0,Junior,0,0,1,0,0,Woman,0,0,0,0,0,0,0,0,0,0,0,0,0,0,0,0,0,0,0,1,0,0,0,0,0,1,0,0,0,Informatics,1,0,0,0,0,0,0,No,No,Yes,Yes,No
True,Yes,Yes,No,Yes,Yes,Yes,Woman,1,1,1,1,1,1,1,0,Graduate Student,1,1,0,1,1,Woman,0,1,0,0,0,0,0,1,0,0,0,0,1,1,1,1,1,1,0,1,1,1,0,0,0,0,0,0,1,Computer Science,0,0,0,0,0,0,0,No,No,No,No,No
True,Maybe,No,No,Maybe,Maybe,Yes,Woman,1,0,1,1,1,0,1,1,Junior,0,1,0,1,1,Woman,0,0,0,0,0,0,0,0,0,0,0,0,1,1,1,1,1,1,0,1,1,0,0,0,0,1,0,0,0,Computer Science,0,0,1,0,0,0,0,No,No,No,No,No
True,Maybe,Yes,No,Maybe,Maybe,Yes,Woman,1,1,1,1,1,1,0,0,Graduate Student,1,1,1,0,1,Woman,0,1,0,0,0,0,0,1,0,0,0,0,1,1,1,1,1,1,0,1,1,0,1,0,0,1,0,0,1,Computer Science,1,0,1,0,0,1,0,No,Yes,No,No,No
True,No,Maybe,No,No,No,Yes,Woman,0,1,1,0,0,1,0,1,Sophomore,0,0,0,1,0,Woman,0,1,0,0,0,0,0,1,0,0,0,0,1,1,1,1,1,1,0,1,1,0,0,0,0,1,0,0,0,Computer Science,0,0,0,1,0,0,0,No,No,No,No,No
True,Yes,No,No,Yes,Maybe,No,Woman,1,0,1,0,0,1,0,0,Freshman,0,0,1,0,0,Woman,0,0,0,0,0,0,0,0,0,0,0,0,0,0,0,0,0,0,0,0,1,0,0,0,0,1,0,0,0,Computer Science,0,0,0,1,0,0,0,No,No,Yes,Prefer not to say,Yes
True,No,Yes,No,Maybe,Maybe,Yes,Woman,0,1,0,1,1,0,0,0,Sophomore,0,1,1,1,0,Woman,0,0,0,0,0,0,0,0,0,0,0,0,1,1,1,0,1,1,0,0,1,1,1,0,0,0,0,0,0,Informatics,0,0,0,1,0,0,0,No,No,No,No,No
True,Yes,Yes,Maybe,Maybe,Maybe,Yes,Woman,0,1,1,0,0,1,1,0,Sophomore,0,1,0,1,1,Woman,1,1,0,0,0,0,0,1,0,0,0,0,1,1,0,1,1,1,0,1,0,0,0,0,0,1,0,0,0,Informatics,0,0,0,1,0,0,0,No,No,No,No,No
True,Yes,No,No,Yes,Yes,Yes,Woman,0,1,1,1,0,0,1,0,Senior,1,0,1,1,0,Woman,0,0,0,0,0,0,0,1,0,0,0,0,1,1,0,0,1,1,0,1,1,0,0,0,0,0,0,0,1,Informatics,0,0,0,1,0,0,0,No,No,No,Yes,No
True,No,No,No,No,No,Yes,Man,0,0,1,1,0,0,0,0,Senior,1,1,0,0,0,Man,1,0,0,0,0,0,0,0,0,0,0,0,0,0,0,0,0,0,0,1,0,0,0,0,0,1,0,0,0,Undecided,0,0,0,1,0,0,0,No,No,No,No,No
True,No,Maybe,No,Maybe,Yes,Yes,Woman,0,1,1,0,0,1,0,0,Sophomore,0,1,0,0,0,Woman,0,0,0,0,0,0,0,0,0,0,0,0,1,0,0,0,0,0,0,1,0,0,0,0,0,1,0,0,0,Undecided,0,0,0,1,0,0,0,No,No,No,No,No
True,No,Yes,No,Yes,No,Yes,Woman,0,0,1,1,1,1,1,0,Senior,1,0,1,0,1,Woman,0,0,0,0,0,0,0,1,0,0,0,0,1,1,1,1,1,1,0,1,1,0,0,0,0,1,0,0,0,Computer Science,0,0,0,1,0,0,0,No,No,Yes,No,No
True,Yes,No,No,No,No,Yes,Woman,0,0,1,1,0,0,0,0,Senior,0,1,1,0,0,Woman,1,0,0,0,0,0,1,0,0,0,0,0,1,1,1,1,1,1,0,1,1,1,0,0,0,1,0,0,0,Life Sciences,0,0,0,1,0,0,0,No,No,No,No,Yes
True,No,No,No,Maybe,No,Yes,Woman,1,0,1,0,0,1,0,0,Sophomore,0,0,1,0,1,Woman,0,0,0,0,0,0,0,1,0,0,0,0,1,0,0,0,1,1,0,1,1,0,0,0,0,1,0,0,0,Computer Science,0,0,0,1,0,0,0,No,No,Yes,No,No
True,Yes,No,No,Yes,Yes,Yes,Woman,1,0,0,1,1,0,1,0,Sophomore,1,0,0,0,0,Woman,0,0,0,0,0,0,0,0,0,0,0,0,0,0,0,0,0,0,0,0,0,1,0,0,0,1,0,0,0,Computer Science,0,0,0,1,0,0,0,No,No,No,No,No
True,Yes,Yes,No,Maybe,Yes,Yes,Woman,0,0,1,1,1,0,1,1,Sophomore,1,0,1,0,0,Woman,0,0,0,0,0,0,0,0,0,0,0,0,1,1,1,1,1,1,0,1,1,1,0,0,0,1,0,0,1,Undecided,0,0,0,1,0,0,0,No,No,Yes,Prefer not to say,No
True,No,No,No,Maybe,Yes,Yes,Woman,0,0,1,1,1,1,1,0,Sophomore,0,1,1,0,0,Woman,0,1,0,0,0,0,0,1,0,0,0,0,1,1,1,1,1,1,0,0,1,0,0,0,0,1,0,0,0,Undecided,0,0,0,1,0,0,0,No,No,No,No,No
True,Yes,Yes,No,Yes,Maybe,Yes,Man,0,1,1,1,0,1,0,0,Junior,0,0,0,0,1,Man,0,0,0,0,0,0,0,0,0,0,0,0,1,1,1,1,1,1,0,0,1,0,0,0,0,1,0,0,0,Computer Science,0,0,0,1,0,0,0,No,No,No,No,No
False,Yes,Yes,No,Yes,Yes,Yes,Man,0,1,1,1,0,0,1,0,Junior,0,0,1,0,1,Man,0,0,1,0,0,0,0,0,1,0,0,0,1,1,1,1,1,1,0,0,1,0,0,0,0,0,0,0,1,Engineering-based,0,0,1,0,0,0,0,No,No,No,No,No
False,Maybe,No,No,Maybe,Yes,Yes,Man,1,1,1,1,1,0,1,1,Senior,1,1,1,1,1,Man,0,0,0,0,0,0,0,0,0,0,0,0,1,1,1,1,1,1,0,0,1,1,0,0,0,0,0,0,1,Engineering-based,0,0,0,1,0,0,0,No,No,No,No,No
False,Yes,No,No,No,Yes,Yes,Woman,0,1,1,0,1,1,0,0,Senior,0,0,1,0,0,Woman,0,1,0,0,0,0,0,1,0,0,0,0,1,1,1,1,1,1,0,0,1,1,0,0,0,1,0,0,0,Engineering-based,0,0,0,1,0,0,0,No,No,No,No,No
False,No,Yes,No,No,Maybe,Yes,Man,0,1,1,1,1,0,1,0,Junior,0,1,1,1,1,Man,1,0,0,0,0,1,0,0,0,0,0,0,1,1,1,1,0,1,0,1,1,0,0,0,0,1,0,0,1,Engineering-based,0,0,0,1,0,0,0,No,No,No,No,No
False,No,Yes,No,No,No,Yes,Woman,1,1,0,0,1,0,0,0,Freshman,1,0,1,0,1,Woman,0,0,0,0,0,0,0,0,0,0,0,0,1,1,1,1,1,1,0,0,0,1,1,0,0,0,0,0,0,Engineering-based,0,0,0,1,0,0,0,No,No,No,No,Yes
False,No,Maybe,No,Maybe,Yes,Yes,Woman,0,1,1,1,1,0,0,0,Freshman,0,1,1,1,0,Woman,0,1,0,0,0,0,0,1,0,0,0,0,1,1,1,1,0,1,0,1,0,1,0,0,0,0,0,0,1,Engineering-based,0,0,0,1,0,0,0,No,No,No,No,No
False,Maybe,Maybe,No,Yes,Yes,Maybe,Man,1,0,0,1,1,0,1,1,Sophomore,1,1,1,0,0,Man,0,0,0,0,0,0,0,0,0,0,0,0,0,0,0,0,0,1,0,0,0,1,0,0,0,0,0,0,0,Engineering-based,0,0,0,1,0,0,0,No,Yes,No,No,Yes
False,No,Maybe,No,No,Maybe,Yes,Man,1,0,1,1,1,0,0,0,Senior,0,0,0,0,1,Man,0,0,0,0,0,0,0,0,0,0,0,0,1,1,1,0,0,1,0,0,0,1,0,0,0,1,0,0,0,Engineering-based,0,0,0,1,0,0,0,No,No,No,No,No
False,Yes,No,No,Maybe,Yes,Yes,Man,1,1,1,0,1,0,1,0,Junior,1,0,1,0,1,Man,0,0,0,0,0,0,0,0,0,0,0,0,0,0,0,0,0,1,0,0,1,1,0,0,0,0,0,0,1,Engineering-based,0,0,0,1,0,0,0,No,No,No,No,No
False,Yes,No,No,Maybe,Yes,Yes,Man,1,0,1,1,1,0,0,0,Freshman,1,0,1,0,0,Man,0,0,0,0,0,0,0,0,0,0,0,0,1,1,1,1,1,1,0,0,0,1,0,0,0,1,0,0,0,Engineering-based,0,0,0,1,0,0,0,No,No,No,No,No
False,Maybe,No,No,No,No,Maybe,Man,0,1,1,1,0,1,1,0,Junior,1,1,1,0,1,Man,0,0,0,0,0,0,0,0,0,0,0,0,1,1,1,1,1,1,0,0,0,1,0,0,0,1,0,0,0,Engineering-based,0,0,0,1,0,0,0,No,No,No,No,No
False,Maybe,No,No,No,No,Yes,Man,0,1,1,1,0,0,0,1,Junior,0,1,1,0,0,Man,0,0,0,0,0,0,0,0,0,0,0,0,1,1,1,1,0,0,0,0,1,1,0,0,0,1,0,0,0,Engineering-based,0,0,0,1,0,0,0,No,No,No,No,Yes
False,Maybe,No,No,Maybe,Yes,Yes,Man,1,0,1,1,0,0,0,0,Freshman,0,0,1,0,1,Man,0,0,0,0,0,0,0,0,0,0,0,0,1,1,1,1,1,1,0,0,0,0,0,0,0,0,0,0,1,Engineering-based,0,0,0,1,0,0,0,No,No,No,No,No
False,Yes,Yes,No,Maybe,No,Yes,Man,1,0,1,1,1,0,1,0,Senior,0,0,1,0,1,Man,0,0,0,0,0,1,0,0,0,0,0,0,1,1,1,1,0,1,0,0,0,1,0,0,0,0,0,0,1,Engineering-based,0,0,0,1,0,0,0,No,No,No,No,No
False,No,No,No,Yes,Yes,Yes,Woman,0,1,1,1,1,1,0,0,Sophomore,0,0,1,0,0,Woman,0,0,0,0,0,0,0,0,0,0,0,0,1,1,1,1,0,1,0,0,1,0,0,0,0,0,0,0,1,Engineering-based,0,0,0,1,0,0,0,No,No,No,No,No
False,No,No,No,Maybe,Yes,Yes,Woman,1,1,1,1,1,1,1,0,Senior,0,1,1,0,0,Woman,1,1,0,0,0,0,0,1,0,0,0,0,1,1,1,1,1,1,0,1,0,1,1,0,0,0,0,0,0,Computer Science,0,0,0,1,0,0,0,No,No,No,No,No
False,Yes,No,No,No,Maybe,Yes,Woman,0,0,1,0,1,1,0,0,Junior,0,1,0,0,0,Woman,0,1,0,0,0,1,0,0,0,0,0,0,1,1,1,1,1,1,0,1,0,0,0,0,0,1,0,0,0,Engineering-based,0,1,0,0,0,0,0,No,No,No,No,Yes
False,Yes,No,No,No,Maybe,Yes,Woman,1,0,1,1,1,0,0,0,Senior,1,0,1,0,1,Woman,0,1,0,0,0,0,0,1,0,0,0,0,1,1,1,1,0,1,0,1,1,1,0,0,0,0,0,0,1,Engineering-based,0,0,0,1,0,0,0,No,No,No,No,No
True,No,No,No,Yes,Yes,Yes,Woman,1,0,1,1,1,0,1,0,Freshman,0,1,1,1,1,Woman,0,1,0,0,0,0,0,1,0,0,0,0,1,1,1,1,1,1,0,1,1,0,0,0,0,1,0,0,0,Computer Science,0,0,0,1,0,0,0,No,No,No,No,No
True,Maybe,Yes,Maybe,Maybe,Maybe,Yes,Man,1,0,1,1,0,0,1,0,Senior,1,1,1,0,1,Man,0,0,0,0,0,0,0,0,0,0,0,0,1,1,1,1,1,1,0,0,0,1,0,0,0,1,0,0,0,Computer Science,0,0,0,1,0,0,0,No,No,No,No,No
True,Yes,No,No,Yes,Yes,Maybe,Man,1,0,0,1,1,0,1,1,Sophomore,1,0,1,0,1,Man,0,0,0,0,0,0,0,0,0,0,0,0,0,0,0,0,0,0,0,0,0,1,0,0,0,1,0,0,0,Computer Science,0,0,0,1,0,0,0,No,No,No,No,No
True,Yes,No,No,Yes,Yes,Maybe,Man,1,0,0,1,1,0,1,1,Sophomore,1,0,1,0,1,Man,0,0,0,0,0,0,0,0,0,0,0,0,0,0,0,0,0,0,0,0,0,1,0,0,0,1,0,0,0,Computer Science,0,0,0,1,0,0,0,No,No,No,No,No
False,Yes,No,No,Yes,Yes,Yes,Woman,1,0,1,1,1,1,0,0,Junior,0,1,1,1,1,Woman,1,1,0,0,0,0,1,1,0,0,0,0,1,1,1,1,1,1,0,1,1,1,0,0,0,0,0,0,1,Computer Science,0,0,0,1,0,0,0,No,No,No,No,No
False,Yes,Yes,No,Yes,Yes,Yes,Man,1,0,1,1,1,0,1,1,Sophomore,1,0,1,0,1,Man,0,0,0,0,0,0,0,0,0,0,0,0,1,1,1,1,1,0,0,0,0,1,0,0,0,1,0,0,0,Computer Science,0,0,0,1,0,0,0,No,No,No,No,Yes
False,Maybe,Yes,No,No,No,Yes,Man,0,0,0,1,0,0,1,1,Senior,1,0,0,0,1,Man,0,0,0,0,0,0,0,0,0,0,0,0,1,1,1,1,1,1,0,0,0,1,0,0,0,0,0,0,1,Computer Science,0,0,0,1,0,0,0,No,No,No,No,No
False,No,Maybe,No,Yes,No,No,Man,1,0,0,1,1,1,1,1,Junior,1,0,1,0,1,Man,1,1,1,0,0,1,1,1,1,0,0,1,0,0,0,0,1,1,0,0,1,0,0,0,0,0,0,0,1,Computer Science,0,0,0,1,0,0,0,No,No,No,Prefer not to say,No
False,Yes,No,No,Yes,Maybe,Yes,Woman,0,1,1,1,0,1,0,1,Freshman,0,1,1,1,1,Woman,0,0,0,0,0,0,0,0,0,0,0,0,1,0,0,0,0,0,0,1,1,1,0,0,0,1,0,0,0,Computer Science,0,0,0,1,0,0,0,No,No,No,No,No
False,Maybe,No,No,Yes,Yes,Yes,Man,1,0,1,1,1,0,1,0,Freshman,0,0,1,0,1,Man,0,0,0,0,0,0,0,0,0,0,0,0,1,1,1,1,0,0,0,0,0,1,0,0,0,0,0,0,1,Computer Science,0,0,0,1,0,0,0,No,No,No,No,No
False,Yes,No,No,Maybe,Yes,Maybe,Man,1,0,1,1,1,1,0,0,Freshman,0,1,0,1,0,Man,0,0,0,0,0,0,0,0,0,0,0,0,1,1,1,1,1,1,0,1,0,1,0,0,0,0,0,0,1,Computer Science,0,0,0,0,0,0,0,No,No,Yes,Yes,Yes
False,Yes,No,No,Yes,Maybe,Yes,Man,1,0,1,1,1,0,1,0,Sophomore,1,0,1,0,1,Man,0,0,0,0,0,0,0,0,0,0,0,0,1,1,1,1,1,1,0,1,1,1,0,0,0,1,0,0,0,Computer Science,0,0,0,1,0,0,0,No,No,Yes,Yes,Yes
False,No,Maybe,No,Maybe,Maybe,Yes,Woman,0,1,1,1,0,0,1,0,Junior,0,1,0,1,1,Woman,1,1,0,0,0,0,0,0,0,0,0,0,1,1,1,1,0,1,0,1,1,1,0,0,0,1,0,0,0,Computer Science,0,0,0,1,0,0,0,No,No,No,No,No
False,Yes,No,No,Maybe,Yes,Yes,Woman,0,0,1,1,1,0,1,1,Freshman,0,1,1,0,1,Woman,0,1,0,0,0,0,0,0,0,0,0,0,1,1,1,1,1,1,0,0,0,1,0,0,0,1,0,0,0,Computer Science,0,0,0,0,0,0,0,No,No,No,No,No
False,Yes,No,No,Maybe,Yes,Yes,Woman,1,0,1,1,1,0,1,1,Freshman,1,1,1,1,1,Woman,0,0,0,0,0,0,0,0,0,0,0,0,1,1,1,1,1,1,0,0,0,1,0,0,0,1,0,0,0,Computer Science,0,0,0,1,0,0,0,No,No,No,No,No
False,No,No,No,No,No,Yes,Man,0,0,1,1,1,1,0,0,Sophomore,1,0,1,0,1,Man,0,0,0,0,0,0,0,0,0,0,0,0,1,1,0,0,0,1,0,0,0,1,0,0,0,1,0,0,0,Engineering-based,0,0,0,1,0,0,0,No,No,Yes,Yes,Yes
False,Yes,Yes,No,No,Maybe,Yes,Woman,0,1,1,1,1,1,1,0,Senior,0,1,1,0,1,Woman,0,1,0,0,1,1,0,1,0,0,0,0,1,1,1,1,1,1,0,1,1,1,0,0,0,1,0,0,0,Engineering-based,0,0,0,1,0,0,0,No,No,Yes,Yes,No
False,Yes,No,No,Maybe,Maybe,Yes,Man,0,1,1,1,0,0,1,0,Freshman,1,0,1,0,1,Man,1,0,0,0,0,0,0,0,0,0,0,0,1,1,1,1,1,1,0,0,0,0,1,0,0,0,0,0,0,Computer Science,0,0,0,1,0,0,0,No,No,No,No,No
True,No,No,No,No,No,No,Woman,0,0,1,0,0,0,0,0,Freshman,0,0,1,0,0,Woman,0,1,1,0,0,0,0,0,0,0,0,0,1,1,1,1,0,1,0,0,1,1,0,0,0,1,0,0,0,Computer Science,0,1,0,0,0,0,0,No,No,No,No,No
True,Maybe,No,No,Yes,Yes,Yes,Woman,1,1,1,1,1,1,0,0,Senior,0,1,1,1,0,Woman,1,1,0,0,0,0,1,1,0,0,0,0,1,1,1,1,1,1,0,1,1,1,0,0,0,1,0,0,0,Statistics/DS,0,0,0,1,0,0,0,No,No,No,No,No
True,No,Yes,No,Yes,Maybe,Yes,Woman,1,1,1,0,1,1,0,0,Freshman,0,0,1,1,1,Woman,0,0,0,0,0,0,0,1,0,0,0,0,1,1,0,0,0,1,0,0,1,0,0,0,0,0,0,0,1,Computer Science,0,0,0,1,0,0,0,No,Prefer not to say,No,No,No
True,Yes,Maybe,No,No,Maybe,Yes,Woman,0,1,1,0,0,1,0,0,Sophomore,0,1,1,0,0,Woman,0,0,0,0,0,1,0,1,0,0,0,0,1,1,1,1,1,1,0,1,0,0,0,0,0,0,0,0,1,Computer Science,0,0,0,1,0,0,0,No,No,No,No,No
True,No,Maybe,No,Maybe,No,Yes,Woman,1,0,1,1,1,0,0,0,Senior,0,0,1,1,1,Woman,0,0,0,0,0,0,0,0,0,0,0,0,1,1,1,1,1,1,0,0,0,1,0,0,0,0,0,0,1,Computer Science,0,0,0,1,0,0,0,No,No,No,No,No
True,Yes,No,No,No,Yes,Yes,Woman,1,1,1,1,1,0,1,0,Freshman,0,0,0,0,0,Woman,0,0,0,0,0,0,0,0,0,0,0,0,1,1,1,1,1,1,0,1,1,1,0,0,0,1,0,0,0,Computer Science,0,1,0,0,0,0,0,No,No,No,No,No
True,Maybe,No,No,Yes,Yes,Yes,Woman,1,0,1,1,0,0,0,0,Freshman,0,1,0,0,0,Woman,0,0,0,0,0,0,0,1,0,0,0,0,1,1,1,1,1,1,0,1,1,0,0,0,0,1,0,0,0,Computer Science,0,0,0,0,0,0,0,No,No,No,No,No
True,Yes,No,No,No,Maybe,Yes,Man,0,0,1,1,1,0,0,1,Junior,0,0,1,0,1,Man,0,0,0,0,0,0,0,0,0,0,0,0,1,1,1,1,0,1,0,1,0,1,0,0,0,1,0,0,0,Computer Science,0,0,0,1,0,0,0,No,No,No,No,No
True,Maybe,No,No,Yes,Yes,Maybe,Man,0,0,1,0,0,1,0,0,Junior,0,0,0,0,0,Man,0,0,0,0,0,0,0,0,0,0,0,0,0,0,0,0,0,0,0,0,0,0,0,0,0,1,0,0,0,Computer Science,0,0,0,1,0,0,0,No,No,Yes,Yes,No
True,No,No,No,Yes,Yes,Maybe,Man,0,0,1,1,1,0,1,0,Sophomore,1,0,0,0,1,Man,0,0,0,0,0,0,0,0,0,0,0,0,1,0,1,1,0,0,0,0,0,1,0,0,0,1,0,0,0,Computer Science,0,0,0,1,0,0,0,No,No,No,No,No
True,No,Maybe,No,Maybe,Yes,Yes,Woman,0,1,1,0,0,1,0,0,Sophomore,0,1,1,1,0,Woman,0,1,0,0,0,0,0,1,0,0,0,0,1,1,1,1,1,1,0,0,1,0,0,0,0,1,0,0,0,Computer Science,0,0,0,1,0,0,0,No,No,No,No,No
True,Yes,Yes,No,Yes,Yes,Yes,Man,1,0,1,1,1,0,1,0,Freshman,1,0,1,0,1,Man,0,0,0,0,0,0,0,0,0,0,0,0,1,1,1,1,0,1,0,0,1,1,0,0,0,0,0,0,1,Computer Science,0,1,1,0,0,0,0,No,No,Yes,Yes,No
True,Yes,Maybe,No,No,No,Yes,Man,1,0,1,1,1,0,1,1,Freshman,1,0,1,0,1,Man,0,0,0,0,0,0,0,0,0,0,0,0,1,1,1,0,0,0,0,0,0,1,0,0,1,0,0,0,1,Computer Science,0,0,0,1,0,0,0,No,No,No,No,Yes
True,Yes,No,No,Yes,Yes,Yes,Woman,1,1,1,1,1,0,0,0,Senior,0,0,1,0,1,Woman,1,1,0,0,0,1,0,1,0,0,0,0,1,1,1,1,1,1,0,1,1,0,0,0,0,1,0,0,1,Computer Science,0,0,0,1,0,0,0,No,No,No,No,No
True,Maybe,No,No,Yes,Maybe,Yes,Man,1,0,1,1,1,0,1,0,Junior,1,0,1,0,1,Man,0,0,0,0,0,0,0,0,0,0,0,0,1,1,1,1,1,1,0,0,0,1,0,0,0,1,0,0,0,Computer Science,0,0,0,1,0,0,0,No,No,No,No,No
True,Maybe,No,Maybe,Maybe,Maybe,Yes,Prefer not to say,0,1,1,0,0,0,1,0,Fifth year+,0,0,0,0,1,Other,0,0,0,0,0,0,0,0,0,0,0,0,1,1,1,1,1,1,0,0,0,0,0,0,0,0,0,0,0,Computer Science,0,0,0,0,0,0,0,Prefer not to say,Prefer not to say,Prefer not to say,Prefer not to say,Prefer not to say
True,Maybe,Yes,No,No,Maybe,Yes,Man,0,1,1,1,0,0,0,0,Senior,0,0,0,0,0,Man,0,0,0,0,0,0,0,0,0,0,0,0,1,1,1,1,1,1,0,1,0,1,0,0,0,1,0,0,0,Computer Science,0,0,0,1,0,0,0,No,Prefer not to say,No,No,No
True,No,Yes,No,Maybe,Maybe,Yes,Woman,1,1,1,1,1,0,1,0,Senior,1,0,1,0,1,Woman,0,0,0,0,0,0,0,0,0,0,0,0,1,1,1,1,1,1,0,0,0,1,0,0,0,1,0,0,0,Computer Science,1,0,0,0,0,0,0,No,No,No,Yes,No
True,Maybe,No,No,Yes,Yes,Yes,Man,1,1,1,1,0,1,1,1,Junior,1,0,1,0,1,Man,1,1,0,0,0,0,1,1,0,0,0,0,1,1,1,1,0,1,0,0,0,1,0,0,0,1,0,0,0,Computer Science,0,0,0,1,0,0,0,No,No,No,No,No
True,Yes,Maybe,No,Yes,Yes,Yes,Man,1,0,1,1,1,0,1,1,Sophomore,1,0,1,0,1,Man,0,0,0,0,0,0,0,0,0,0,0,0,1,1,0,0,0,0,0,0,0,1,0,0,0,1,0,0,0,Computer Science,0,0,0,1,0,0,0,No,No,No,No,Yes
True,Yes,Yes,No,No,Maybe,Yes,Woman,0,0,0,0,1,1,1,0,Senior,0,0,0,0,0,Woman,0,0,0,0,0,0,0,0,0,0,0,0,1,1,1,1,1,1,0,1,1,0,0,0,0,1,0,0,0,Computer Science,0,0,0,0,0,0,0,No,No,No,No,No
True,Maybe,Yes,No,Yes,Yes,Yes,Man,0,1,1,1,1,0,1,1,Freshman,1,0,1,0,1,Man,0,0,0,0,0,0,0,0,0,0,0,0,1,1,1,1,0,0,0,0,0,1,0,0,0,1,0,0,0,Undecided,0,0,0,1,0,0,0,No,No,No,Yes,No
True,Yes,No,No,Maybe,Yes,Yes,Man,1,1,1,1,1,0,1,0,Senior,1,0,1,0,0,Man,0,0,0,0,0,0,0,0,0,0,0,0,1,1,1,1,1,1,0,0,1,1,0,0,0,0,0,0,1,Computer Science,0,0,0,1,0,0,0,No,No,No,No,No
True,Yes,Yes,Yes,No,No,Yes,Woman,0,1,1,1,1,0,1,1,Sophomore,0,0,1,0,1,Woman,1,0,0,0,0,0,0,0,0,0,0,0,1,0,0,0,0,0,0,0,1,0,0,0,0,1,0,0,0,Computer Science,0,0,0,1,0,0,0,No,No,No,No,Yes
True,Yes,Yes,No,No,Yes,Yes,Woman,0,1,1,1,1,0,0,1,Senior,0,1,1,1,1,Woman,0,0,0,0,0,0,0,1,0,0,0,0,1,1,1,1,1,1,0,0,1,0,0,0,0,0,0,0,1,Computer Science,0,0,1,0,0,0,0,No,No,No,No,No
True,No,No,No,Yes,Yes,Yes,Man,0,1,1,1,1,0,0,0,Sophomore,1,0,1,0,1,Man,0,0,1,0,0,0,0,0,0,0,0,0,1,1,1,1,1,1,0,0,0,1,0,0,0,0,0,0,1,Computer Science,0,0,1,0,0,0,0,No,Prefer not to say,No,No,No
True,Yes,No,No,No,Yes,No,Man,1,0,1,1,0,0,0,0,Freshman,1,0,0,0,1,Man,1,0,0,0,0,0,1,1,0,0,0,0,1,1,1,0,0,1,0,0,0,0,0,0,0,1,0,0,0,Undecided,0,0,0,1,0,0,0,No,No,No,No,Yes
True,Yes,Yes,Maybe,No,Yes,Yes,Woman,0,1,1,0,0,1,0,0,Senior,0,1,1,1,0,Woman,0,1,0,0,0,0,0,1,0,1,1,0,1,1,1,1,1,1,0,1,1,0,0,0,0,1,0,0,0,Computer Science,1,0,0,0,0,0,0,No,Yes,Yes,Yes,No
True,Maybe,Maybe,No,Yes,Yes,Yes,Man,1,0,0,1,1,0,1,1,Freshman,1,0,1,0,1,Man,0,0,0,0,0,1,0,0,0,0,0,0,1,1,1,1,1,1,0,0,0,1,0,0,1,0,0,0,1,Computer Science,0,1,0,0,0,0,0,No,No,No,Yes,Yes
True,Yes,Yes,No,Yes,Yes,Yes,Prefer not to say,0,0,1,1,0,1,0,0,Junior,1,0,1,0,1,Other,0,0,0,0,0,0,0,0,0,0,0,0,0,0,0,0,1,1,0,0,1,0,0,0,0,0,0,0,0,Computer Science,0,0,0,0,0,0,0,Prefer not to say,Prefer not to say,Prefer not to say,Prefer not to say,Prefer not to say
True,Maybe,No,No,No,Yes,Yes,Woman,1,0,1,0,1,1,0,0,Sophomore,1,0,1,0,0,Woman,0,0,0,0,0,0,0,0,0,0,0,0,1,1,1,1,1,1,0,1,1,1,0,0,0,1,0,0,0,Computer Science,0,0,0,1,0,0,0,No,No,No,No,No
True,Maybe,No,No,Maybe,Yes,No,Man,1,0,1,1,1,0,1,0,Sophomore,0,0,1,0,0,Man,0,1,0,0,0,0,0,0,0,0,0,0,1,1,1,1,1,1,0,0,0,1,0,0,0,0,0,0,1,Computer Science,0,0,0,0,0,0,0,No,No,No,No,No
True,Maybe,Maybe,No,No,Yes,Yes,Man,1,0,1,1,1,0,0,0,Sophomore,0,0,1,0,1,Man,0,0,0,0,0,0,0,0,0,0,0,0,1,1,1,1,1,1,0,0,0,1,0,1,0,0,0,0,1,Computer Science,0,0,0,1,0,0,0,No,No,No,No,No
True,Maybe,Yes,No,Yes,Yes,Yes,Man,1,0,0,1,1,0,1,1,Freshman,1,0,1,0,1,Man,0,0,0,0,0,0,0,0,0,0,0,0,1,1,1,1,0,1,0,0,0,1,0,0,0,0,0,0,1,Undecided,0,1,0,1,0,0,0,No,No,No,No,No
True,Yes,No,No,Yes,Yes,Yes,Woman,1,0,1,1,0,1,0,0,Sophomore,0,0,0,0,1,Woman,0,0,0,0,0,0,0,0,0,0,0,0,1,1,1,1,1,1,0,1,1,1,0,0,0,0,0,0,1,Computer Science,0,0,0,1,0,0,0,No,No,No,No,Yes
True,No,Yes,No,Yes,Maybe,Yes,Woman,0,1,1,1,1,1,1,1,Junior,0,0,1,1,1,Woman,1,1,0,0,0,0,1,1,0,0,0,0,1,1,1,1,1,1,0,1,1,1,0,0,0,1,1,0,0,Computer Science,0,0,0,1,0,0,0,No,Prefer not to say,No,No,No
True,No,No,No,No,Yes,Yes,Woman,1,0,1,0,1,1,1,0,Freshman,0,1,1,0,1,Woman,1,1,0,0,1,1,1,1,0,0,0,0,1,1,1,1,1,1,0,1,1,0,0,1,0,0,0,0,0,Computer Science,0,0,0,1,0,0,0,No,No,Yes,Yes,No
True,Maybe,No,No,Yes,Yes,Yes,Woman,1,0,0,1,1,1,0,1,Freshman,1,0,1,1,1,Woman,0,0,0,0,0,0,0,0,0,0,0,0,1,1,1,1,1,1,0,0,1,0,0,0,0,0,0,0,1,Computer Science,0,0,0,0,0,0,0,No,No,No,No,No
True,Yes,No,No,Maybe,Yes,Yes,Man,0,1,1,1,1,0,1,0,Junior,0,0,1,0,1,Man,0,0,0,0,0,0,0,0,0,0,0,0,1,1,1,0,1,1,0,0,0,1,0,0,0,1,0,0,0,Computer Science,0,0,0,1,0,0,0,No,Yes,No,No,Yes
True,Maybe,No,No,Maybe,Yes,Yes,Man,1,0,0,1,1,0,0,1,Sophomore,0,0,1,0,1,Man,0,0,0,0,0,0,0,0,0,0,0,0,1,1,1,1,1,1,0,0,0,1,0,0,0,0,0,0,1,Computer Science,0,0,0,1,0,0,0,No,No,No,No,No
True,Yes,Yes,No,Yes,No,Yes,Woman,0,1,1,0,1,0,0,0,Sophomore,0,0,1,0,1,Woman,0,0,0,0,0,0,0,0,0,0,0,0,1,1,1,1,0,0,0,1,1,0,0,0,0,1,0,0,0,Computer Science,0,1,0,0,0,0,0,Yes,Prefer not to say,No,No,No
True,Yes,No,No,Yes,Yes,No,Man,1,0,0,1,1,0,1,1,Freshman,0,0,1,0,1,Man,0,0,0,0,0,0,0,0,0,0,0,0,1,1,1,1,1,1,0,0,0,1,0,0,0,0,0,0,1,Computer Science,0,0,0,1,0,0,0,No,No,No,Yes,No
True,Yes,Yes,No,Yes,No,Yes,Man,0,1,1,1,1,0,1,0,Junior,1,0,0,0,1,Man,0,0,0,0,0,1,1,1,1,0,0,1,1,1,1,1,1,1,0,0,1,0,0,0,0,0,0,0,1,Engineering-based,0,1,0,1,0,0,0,No,No,No,No,No
True,Yes,No,No,Maybe,Maybe,Yes,Man,1,0,1,1,1,0,0,1,Freshman,0,0,1,0,1,Man,1,0,0,0,0,0,1,0,0,0,0,0,1,1,1,1,1,1,0,0,0,1,0,0,0,0,0,0,0,Computer Science,0,1,0,0,0,0,0,No,No,No,No,Yes
True,Yes,Yes,No,Yes,Yes,Yes,Woman,0,1,1,0,1,1,0,0,Freshman,0,0,1,0,0,Woman,0,1,0,0,0,0,0,1,0,0,0,0,1,1,1,1,1,1,0,1,1,0,0,0,0,0,0,0,1,Computer Science,0,1,0,0,0,0,0,No,Yes,No,No,No
True,No,No,No,No,Yes,No,Woman,1,0,0,1,1,1,0,0,Sophomore,0,0,1,0,1,Woman,0,0,0,0,0,0,0,1,0,0,0,0,1,1,1,1,1,1,0,1,0,1,0,0,0,0,0,0,1,Computer Science,0,1,0,0,0,0,0,No,No,No,No,No
True,No,Maybe,No,Maybe,Maybe,Yes,Non-binary,1,1,1,1,0,1,0,0,Freshman,0,0,1,1,0,Other,1,0,0,0,0,0,0,0,0,0,0,0,1,1,1,1,1,1,0,0,1,1,0,0,0,1,0,0,0,Undecided,0,0,0,0,0,1,0,Prefer not to say,No,No,No,No
True,Yes,No,No,Yes,Yes,Yes,Man,1,0,1,1,1,0,0,1,Freshman,1,0,1,0,1,Man,0,0,0,0,0,0,0,0,0,0,0,0,1,1,1,1,0,1,0,0,0,1,0,0,0,1,0,0,1,Undecided,0,0,0,1,0,0,0,No,No,No,No,No
True,No,No,No,No,Maybe,Yes,Man,1,0,0,1,1,0,0,0,Sophomore,0,0,1,0,1,Man,0,0,0,0,0,1,0,0,0,0,0,0,1,1,1,1,1,1,0,0,1,1,0,1,0,0,0,0,1,Computer Science,0,0,0,1,0,0,0,No,Yes,No,No,No
True,No,No,No,Yes,Yes,Yes,Woman,1,0,1,1,1,0,0,0,Sophomore,0,0,1,0,1,Woman,0,0,0,0,0,0,0,0,0,0,0,0,1,1,1,1,0,1,0,0,0,1,0,0,0,0,0,0,1,Computer Science,0,0,0,1,0,0,0,No,No,No,No,No
True,Maybe,Yes,No,Yes,Yes,Yes,Woman,0,1,1,1,1,0,0,0,Senior,0,0,1,0,1,Woman,0,0,0,0,0,0,0,1,0,0,0,0,1,1,1,1,0,1,0,1,1,1,0,0,0,1,0,0,0,Computer Science,0,0,0,1,0,0,0,No,No,Yes,No,No
True,Yes,Maybe,No,No,Yes,Yes,Woman,0,1,1,1,1,0,1,0,Freshman,0,1,1,0,1,Woman,0,0,0,0,0,0,0,0,0,0,0,1,1,1,1,1,1,1,0,0,0,1,0,0,0,1,0,0,0,Computer Science,0,0,0,1,0,0,0,No,No,No,No,No
True,No,No,No,Yes,Yes,No,Non-binary,1,0,1,1,1,0,0,0,Sophomore,1,0,1,0,1,Other,0,0,0,0,0,0,0,0,0,0,0,0,1,1,0,0,0,0,0,0,0,1,0,0,0,1,1,0,1,Computer Science,0,0,0,1,0,0,0,No,No,No,No,No
True,Maybe,Yes,No,Yes,Yes,Yes,Man,1,1,1,1,1,0,0,0,Freshman,0,0,1,0,1,Man,0,0,0,0,0,0,0,0,0,0,0,0,1,1,1,0,0,1,0,0,1,1,0,0,0,0,0,0,1,Computer Science,0,0,0,1,0,0,0,No,No,No,No,No
True,No,Yes,No,No,Yes,Yes,Man,0,1,1,1,1,0,1,0,Sophomore,1,0,1,0,0,Man,1,1,1,0,0,1,1,1,1,0,0,1,1,1,1,1,1,1,0,1,1,1,0,0,0,0,0,0,1,Computer Science,0,0,0,1,0,0,0,No,No,No,No,No
True,Yes,Yes,No,Yes,Yes,Yes,Man,1,1,1,1,1,0,1,1,Senior,0,1,1,0,1,Man,0,0,0,0,0,0,0,0,0,0,0,0,1,1,1,1,1,1,0,0,0,1,0,0,0,1,0,0,0,Engineering-based,0,0,0,1,0,0,0,No,No,No,No,No
True,Maybe,Maybe,Maybe,Yes,Maybe,No,Man,1,0,1,0,0,1,1,0,Senior,0,0,1,0,0,Man,0,0,0,0,0,1,0,1,0,0,0,1,1,1,0,1,1,1,0,1,1,0,0,0,0,1,0,0,1,Computer Science,0,0,0,1,0,0,0,No,No,No,No,No
True,No,Maybe,No,No,Maybe,Yes,Woman,0,1,1,0,1,1,1,1,Sophomore,0,0,1,1,1,Woman,0,0,0,0,0,0,0,0,0,0,0,0,1,1,1,1,1,1,0,1,0,0,0,0,1,0,0,0,0,Computer Science,0,0,0,1,0,0,0,No,No,Yes,Yes,Yes
True,Yes,Maybe,No,Yes,Yes,Yes,Man,1,0,1,1,0,1,0,0,Sophomore,1,0,1,0,1,Man,0,0,0,0,0,0,1,0,0,0,0,0,1,1,1,1,1,1,0,0,1,0,0,0,0,1,0,0,0,Computer Science,0,1,0,0,0,0,0,No,No,No,No,No
True,Yes,Yes,No,Yes,Yes,Yes,Woman,1,0,1,1,1,0,0,1,Sophomore,0,0,1,1,1,Woman,0,0,0,0,0,0,0,0,0,0,0,0,1,1,1,1,1,1,0,0,0,1,0,0,0,0,0,0,1,Life Sciences,0,0,0,1,0,0,0,No,No,Yes,Yes,No
True,Yes,Maybe,Maybe,Yes,Maybe,Yes,Woman,0,1,0,0,0,1,0,0,Freshman,0,0,1,0,0,Woman,0,0,0,0,0,0,0,0,0,0,0,0,0,0,0,0,0,0,0,0,0,1,0,0,0,0,0,0,1,Computer Science,0,0,0,1,0,0,0,No,No,No,No,Yes
True,No,Yes,No,Yes,Maybe,Yes,Man,0,0,1,1,1,0,1,0,Sophomore,0,0,1,0,0,Man,0,0,0,0,0,0,0,0,0,0,0,0,1,1,1,1,1,1,0,0,0,1,0,0,0,0,0,0,1,Computer Science,0,0,0,1,0,0,0,No,No,No,No,No
True,Maybe,Yes,Maybe,Maybe,Maybe,Yes,Man,0,1,0,1,1,0,1,1,Freshman,0,0,1,0,1,Man,0,0,0,0,0,0,0,0,0,0,0,0,1,1,1,1,1,1,0,0,1,1,0,0,0,1,0,0,1,Computer Science,0,1,1,0,0,1,0,No,No,No,No,No
True,Maybe,Yes,Maybe,Maybe,Maybe,Yes,Man,0,1,0,1,1,0,1,1,Freshman,0,0,1,0,1,Man,0,0,0,0,0,0,0,0,0,0,0,0,1,1,1,1,1,1,0,0,1,1,0,0,0,1,0,0,1,Computer Science,0,1,1,0,0,1,0,No,No,No,No,No
True,Maybe,No,No,Maybe,Maybe,Maybe,Man,1,0,0,1,1,0,1,0,Freshman,0,0,0,0,1,Man,1,0,0,0,0,0,0,0,0,0,0,0,1,1,1,1,1,1,0,0,0,1,0,0,1,0,0,0,0,Computer Science,0,0,0,1,0,0,0,No,No,No,Yes,Yes
True,No,Maybe,No,No,No,Yes,Woman,0,1,1,0,0,1,0,0,Freshman,0,1,1,0,0,Woman,1,0,0,0,0,0,0,0,0,0,0,0,1,1,1,1,1,1,0,0,1,1,0,1,0,0,0,0,1,Undecided,0,0,0,1,0,0,0,No,No,No,No,No
True,Yes,No,No,Yes,Yes,Yes,Man,1,0,0,1,1,0,1,1,Graduate Student,1,0,1,0,0,Man,0,0,0,0,0,0,0,0,0,0,0,0,1,1,1,1,1,1,0,0,0,0,0,0,0,0,0,0,1,Computer Science,0,0,0,1,0,0,0,No,No,No,No,No
True,Maybe,No,No,Yes,Yes,No,Man,1,0,0,1,1,0,0,1,Freshman,1,0,1,0,0,Man,0,0,0,0,0,0,0,0,0,0,0,0,0,0,0,0,0,1,0,0,1,1,0,0,0,0,0,0,1,Computer Science,0,0,0,1,0,0,0,No,No,No,No,No
True,Yes,No,No,Yes,Yes,Maybe,Man,1,0,1,1,0,1,1,0,Freshman,1,0,1,0,1,Man,0,0,0,0,0,0,0,0,0,0,0,0,1,1,1,0,1,1,0,0,0,1,0,0,0,0,0,0,1,Computer Science,0,0,0,1,0,0,0,No,No,No,No,No
True,Maybe,No,No,Yes,Yes,Maybe,Man,1,0,0,1,1,0,0,0,Freshman,0,0,1,0,1,Man,0,0,0,0,0,0,1,0,0,0,0,0,1,0,0,0,0,0,0,0,0,0,0,0,0,0,0,0,0,Undecided,0,0,0,0,0,0,0,No,No,No,No,Yes
True,Yes,Yes,No,Yes,Yes,Yes,Man,1,0,1,1,1,0,1,0,Fifth year+,0,0,1,0,0,Man,0,0,0,0,0,0,0,1,0,0,0,0,1,1,1,1,1,1,0,0,1,1,0,0,0,0,0,0,1,Computer Science,0,0,0,1,0,0,0,No,No,No,No,No
True,Maybe,Yes,Yes,Maybe,No,Yes,Man,0,1,1,1,1,1,0,0,Junior,1,0,0,0,1,Man,0,0,0,0,0,0,0,0,0,0,0,0,1,1,1,1,1,1,0,0,1,1,0,0,0,0,0,0,1,Life Sciences,0,0,0,1,0,0,0,No,No,No,No,No
True,No,No,No,No,Yes,Yes,Man,1,1,1,1,1,0,0,1,Senior,0,0,1,0,1,Man,0,0,0,0,0,0,0,0,0,0,0,0,1,1,1,1,1,1,0,0,1,1,0,0,0,1,0,0,1,Computer Science,0,0,0,1,0,0,0,No,No,No,No,No
True,No,No,No,Yes,Yes,Yes,Man,1,0,1,1,1,1,1,0,Junior,1,0,1,0,0,Man,0,0,0,0,0,1,0,0,0,0,0,1,1,1,1,1,1,1,0,0,0,1,0,0,0,0,0,0,1,Computer Science,0,0,0,1,0,0,0,No,No,No,No,No
True,Maybe,No,No,No,Yes,Yes,Man,1,0,1,1,1,0,0,0,Freshman,1,0,1,0,1,Man,0,0,0,0,0,0,0,0,0,0,0,0,1,1,1,1,1,1,0,0,0,1,0,0,0,1,0,0,0,Computer Science,0,0,0,1,0,0,0,No,No,No,No,No
True,Yes,No,No,No,No,Yes,Woman,0,1,1,1,1,1,0,1,Junior,0,1,1,1,1,Woman,0,0,0,0,1,1,1,1,1,0,0,0,1,1,1,1,1,1,0,1,1,0,0,0,0,1,0,0,0,Computer Science,0,0,1,0,0,0,0,No,No,Yes,Yes,No
True,Maybe,Yes,No,Yes,No,Yes,Man,0,1,0,1,1,0,1,1,Freshman,0,0,1,0,1,Man,0,0,0,0,0,0,0,0,0,0,0,0,1,1,1,1,1,1,0,0,1,1,0,0,0,0,0,0,1,Computer Science,0,0,0,1,0,0,0,No,No,Yes,No,No
True,No,Yes,No,No,No,Maybe,Man,1,1,1,1,0,0,1,1,Sophomore,0,0,1,0,0,Man,1,0,0,1,0,1,1,0,0,0,0,1,1,1,0,1,1,1,0,0,0,1,0,1,0,0,0,0,1,Computer Science,0,0,0,1,0,0,0,No,Yes,No,No,No
True,Yes,Yes,No,No,Yes,Yes,Man,1,1,1,1,1,1,1,0,Sophomore,1,1,0,1,1,Man,1,0,0,0,0,1,0,0,0,0,0,0,1,1,1,1,1,1,0,1,1,0,0,0,0,1,0,0,0,Physical Sciences,0,1,0,0,0,0,0,No,No,No,No,No
True,Yes,No,No,Yes,Yes,Yes,Woman,0,1,1,1,1,0,1,0,Sophomore,0,0,1,0,1,Woman,1,0,0,0,0,0,0,0,0,0,0,0,1,1,1,1,1,1,0,0,1,1,0,1,0,0,0,0,0,Computer Science,0,0,0,1,0,0,0,No,No,No,No,No
True,Yes,No,No,Yes,Yes,Yes,Woman,0,1,1,1,1,0,1,0,Sophomore,0,0,1,0,1,Woman,1,0,0,0,0,0,0,0,0,0,0,0,1,1,1,1,1,1,0,0,1,1,0,1,0,0,0,0,0,Computer Science,0,0,0,1,0,0,0,No,No,No,No,No
True,Maybe,Yes,No,No,Maybe,Yes,Woman,0,1,1,1,1,1,1,1,Senior,0,1,1,1,1,Woman,0,0,0,0,0,0,0,0,0,0,0,0,1,1,1,1,1,1,0,1,1,1,0,0,1,0,0,0,0,Computer Science,0,1,0,0,0,0,0,No,No,No,No,Yes
True,Maybe,Yes,No,No,Maybe,Yes,Woman,0,1,1,1,1,1,1,1,Senior,0,1,1,1,1,Woman,0,0,0,0,0,0,0,0,0,0,0,0,1,1,1,1,1,1,0,1,1,1,0,0,1,0,0,0,0,Computer Science,0,1,0,0,0,0,0,No,No,No,No,Yes
True,No,Yes,No,Yes,Yes,Yes,Woman,0,1,0,1,1,0,1,1,Freshman,1,0,1,1,1,Woman,0,0,0,0,0,0,0,0,0,0,0,0,1,1,1,1,0,1,0,0,0,0,1,0,0,0,0,0,0,Life Sciences,0,0,0,1,0,0,0,No,No,No,Yes,No
True,Maybe,No,No,No,Yes,Yes,Man,1,0,0,0,1,0,1,0,Sophomore,0,0,1,0,0,Man,0,0,0,0,0,0,0,0,0,0,0,0,1,0,0,0,0,1,0,0,0,1,0,0,0,0,0,0,1,Computer Science,0,0,0,1,0,0,0,No,No,No,Yes,No
True,Maybe,Yes,No,No,No,Yes,Man,0,1,0,1,1,0,1,1,Freshman,1,1,1,1,1,Man,0,0,0,0,0,0,0,0,0,0,0,0,1,1,1,0,1,1,0,0,0,0,1,0,0,0,0,0,0,Computer Science,0,0,0,1,0,0,0,No,No,Yes,Yes,No
True,Maybe,Maybe,No,Yes,Yes,Yes,Man,0,0,0,1,1,0,1,0,Freshman,0,0,1,0,1,Man,0,0,0,0,0,0,0,0,0,0,0,0,1,1,1,1,0,1,0,0,0,1,0,0,0,1,0,0,0,Engineering-based,0,0,0,1,0,0,0,No,No,No,No,Yes
True,Maybe,Maybe,No,Yes,Maybe,Yes,Woman,0,1,0,1,1,0,1,1,Freshman,1,0,1,0,0,Woman,0,0,0,0,0,0,0,0,0,0,0,0,1,1,1,1,1,1,0,0,0,1,0,0,0,0,0,0,1,Mathematics,0,0,0,1,0,0,0,No,No,No,No,No
True,Yes,Maybe,No,Yes,Maybe,Yes,Woman,0,1,1,1,1,0,0,0,Sophomore,0,1,1,0,0,Woman,0,0,0,0,0,0,0,0,0,0,0,0,1,1,1,1,1,1,0,0,1,0,0,0,0,0,0,0,1,Computer Science,0,0,0,0,0,1,0,No,No,No,No,No
True,Yes,No,No,Maybe,Yes,Yes,Woman,0,0,1,0,1,0,1,0,Sophomore,0,1,1,0,1,Woman,0,0,0,0,0,0,0,0,0,0,0,0,1,1,1,1,1,1,0,1,0,1,0,0,0,1,0,0,0,Computer Science,0,0,0,1,0,0,0,No,No,No,Yes,No
True,No,Yes,No,Yes,Yes,Yes,Woman,1,1,1,1,1,0,1,1,Sophomore,1,0,1,0,1,Woman,0,0,0,0,0,0,0,0,0,0,0,0,0,1,0,1,0,1,0,0,0,1,0,0,0,1,0,0,0,Computer Science,0,1,1,0,1,0,0,No,No,No,No,No
True,Maybe,Yes,No,Yes,Yes,Yes,Man,1,0,1,1,1,0,1,0,Freshman,1,0,1,0,0,Man,0,0,0,0,0,0,1,1,0,0,0,0,1,1,1,0,0,0,0,0,0,1,0,0,0,0,0,0,1,Computer Science,0,0,0,1,0,0,0,No,No,No,No,Yes
True,Yes,No,No,No,Maybe,Yes,Woman,1,1,1,0,1,1,0,0,Junior,1,1,0,0,1,Woman,0,0,0,0,0,0,0,1,0,0,0,0,1,1,1,1,0,1,0,1,1,0,0,0,0,0,0,0,1,Computer Science,0,0,0,1,0,0,0,No,No,No,No,Yes
True,Yes,Maybe,No,Yes,Yes,Yes,Man,1,0,1,1,1,0,1,1,Freshman,0,0,1,0,0,Man,0,0,0,0,0,0,0,0,0,0,0,0,1,1,1,1,1,1,0,0,0,1,0,0,0,0,0,0,1,Undecided,0,0,0,1,0,0,0,No,No,No,No,No
True,Maybe,Yes,No,No,Yes,Yes,Woman,0,1,1,1,1,1,0,0,Sophomore,0,0,0,1,1,Woman,0,0,0,0,0,0,0,0,0,0,0,0,1,1,1,1,1,1,0,1,1,1,0,0,0,1,0,0,0,Computer Science,0,0,0,1,0,0,0,No,No,No,No,Yes
True,Maybe,Maybe,No,Yes,Yes,Yes,Woman,0,1,1,1,1,0,0,0,Sophomore,0,0,1,0,1,Woman,0,0,0,0,0,0,0,0,0,0,0,0,1,1,1,1,1,1,0,0,0,1,0,0,0,1,0,0,0,Computer Science,0,1,0,0,0,0,0,No,No,Yes,Yes,No
True,Maybe,Maybe,No,No,No,Maybe,Woman,0,1,1,0,0,0,0,0,Sophomore,0,0,0,0,0,Woman,1,0,0,0,0,1,1,1,0,0,0,0,1,1,1,1,1,1,0,0,1,0,1,0,0,0,0,0,0,Computer Science,0,0,0,0,0,1,0,No,No,Yes,Yes,Yes
True,No,No,No,Maybe,Maybe,Yes,Woman,1,0,1,0,0,0,1,1,Senior,0,1,1,0,1,Woman,0,0,0,0,0,0,0,1,0,0,0,0,1,1,1,1,0,1,0,0,1,0,0,0,0,0,0,0,1,Computer Science,0,0,0,1,0,0,0,No,No,No,No,No
True,Maybe,No,No,Yes,Yes,Yes,Man,1,1,1,0,1,1,0,0,Sophomore,0,1,1,0,0,Man,0,0,0,0,0,0,0,0,0,0,0,0,0,0,0,0,1,1,0,0,1,0,0,1,0,0,0,0,0,Computer Science,0,0,0,1,0,0,0,No,No,Yes,Yes,No
True,No,No,No,Yes,Yes,Yes,Woman,0,1,1,1,1,0,1,1,Sophomore,0,0,1,0,1,Woman,0,0,0,0,0,0,0,0,0,0,0,0,1,1,1,1,0,1,0,0,0,1,0,0,0,1,0,0,0,Computer Science,0,0,0,0,1,0,0,No,No,No,No,Yes
True,Maybe,Yes,No,No,No,Yes,Woman,0,1,1,0,0,1,0,0,Freshman,0,1,1,1,1,Woman,0,1,0,0,0,0,0,1,0,0,0,0,1,1,1,1,0,1,0,1,1,0,0,0,0,0,0,0,1,Computer Science,0,1,0,1,0,0,0,No,No,No,No,No
True,No,Maybe,No,Maybe,Maybe,Yes,Woman,0,1,1,0,0,0,1,0,Freshman,0,1,0,1,0,Woman,0,0,0,0,0,0,0,0,0,0,0,0,1,1,1,1,1,1,0,1,1,1,0,0,0,1,0,0,0,Computer Science,0,0,0,1,0,0,0,No,No,No,Yes,Yes
True,Yes,Maybe,No,No,Yes,Yes,Woman,0,1,1,0,0,0,0,0,Sophomore,0,1,1,1,0,Woman,0,0,0,0,0,0,0,1,0,0,0,0,1,1,1,1,1,1,0,0,1,1,0,0,0,1,0,0,0,Mathematics,0,0,0,1,0,0,0,No,No,No,No,No
True,Maybe,No,No,Maybe,Maybe,Yes,Woman,1,0,1,0,0,0,1,1,Freshman,0,0,1,0,0,Woman,1,1,0,0,0,0,0,1,0,0,0,0,1,1,1,1,1,1,0,1,1,1,0,0,0,1,0,0,0,Statistics/DS,0,0,0,1,0,0,0,No,No,No,No,No
True,Yes,Yes,No,No,No,Yes,Man,0,0,1,0,0,0,1,0,Sophomore,0,1,1,1,0,Man,0,0,0,0,0,0,0,0,0,0,0,0,1,1,1,1,0,1,0,0,1,1,0,0,0,1,0,0,0,Mathematics,0,0,1,0,0,0,0,No,No,No,No,No
True,Maybe,Yes,No,Maybe,Yes,Yes,Woman,0,1,1,0,0,1,0,0,Senior,0,1,1,1,0,Woman,0,0,0,0,0,0,0,0,0,0,0,0,1,1,1,1,1,1,0,1,1,1,0,0,0,0,0,0,1,Computer Science,0,1,0,0,0,0,0,No,No,Yes,No,No
True,No,Yes,No,Maybe,Yes,Yes,Man,1,0,1,0,0,0,0,0,Junior,0,0,1,0,1,Man,0,0,0,0,0,0,0,0,0,0,0,0,1,1,1,1,1,1,0,0,0,0,0,0,0,1,0,0,0,Computer Science,0,0,1,0,0,0,0,No,No,No,Yes,Yes
True,Yes,No,No,Maybe,Yes,Yes,Man,1,0,0,0,0,1,1,0,Freshman,1,0,1,0,1,Man,0,0,0,0,0,0,0,0,0,0,0,0,1,1,1,1,1,1,0,0,0,0,0,0,0,1,0,0,0,Computer Science,0,0,0,1,0,0,0,No,No,No,No,No
True,No,Yes,No,Maybe,Yes,Yes,Woman,1,0,1,0,0,0,0,0,Sophomore,0,1,1,1,1,Woman,0,0,0,0,0,0,0,0,0,0,0,0,1,1,0,1,0,0,0,0,1,0,0,0,0,0,0,0,1,Computer Science,0,0,0,1,0,0,0,No,No,No,No,No
True,Yes,No,No,No,Maybe,Yes,Man,1,0,1,0,0,0,1,1,Senior,0,0,1,0,1,Man,0,0,0,0,0,0,0,0,0,0,0,0,1,1,1,1,1,1,0,0,1,1,0,0,0,0,0,0,1,Mathematics,0,0,0,1,0,0,0,No,No,No,No,No
True,Yes,Yes,No,No,Maybe,Yes,Woman,1,0,1,0,0,1,0,0,Sophomore,0,0,1,1,0,Woman,0,1,0,0,0,0,0,1,0,0,0,0,1,1,1,1,1,1,0,1,1,0,0,0,1,0,0,0,1,Computer Science,0,0,0,1,0,0,0,No,No,No,No,No
True,Yes,Yes,No,No,Yes,Yes,Non-binary,0,0,1,0,0,0,1,1,Sophomore,1,1,0,0,1,Other,0,1,1,0,0,0,0,1,1,0,0,0,1,1,1,1,1,1,0,1,1,1,0,0,0,1,0,0,0,Computer Science,0,1,0,0,0,1,0,Prefer not to say,No,No,No,No
True,Yes,No,No,No,No,Yes,Non-binary,1,0,1,0,0,1,1,0,Junior,1,0,1,0,1,Other,0,1,0,0,0,0,0,1,0,0,0,0,1,1,1,1,1,1,0,1,1,1,0,0,0,1,0,0,0,Statistics/DS,1,0,0,0,0,0,0,Yes,No,No,No,No
True,Maybe,Maybe,No,Yes,No,Yes,Woman,0,1,1,1,1,0,1,1,Fifth year+,0,0,0,1,0,Woman,0,0,0,0,0,0,0,0,0,0,0,0,1,1,1,1,0,0,0,0,0,1,0,0,0,1,0,0,0,Computer Science,0,0,0,1,0,0,0,No,No,No,No,No
True,Yes,Yes,No,No,No,Yes,Woman,0,1,1,0,0,0,0,0,Sophomore,0,1,1,1,1,Woman,1,1,0,0,0,0,1,1,0,0,0,0,1,1,1,1,1,1,0,1,1,1,0,0,0,1,1,0,0,Physical Sciences,0,0,0,0,0,1,0,No,No,No,No,No
True,Maybe,No,No,No,Maybe,Yes,Woman,0,0,1,0,0,1,1,0,Freshman,0,1,0,1,0,Woman,0,1,0,0,0,1,0,0,0,0,0,0,1,1,1,1,0,1,0,1,0,1,0,0,0,1,0,0,0,Computer Science,0,0,0,1,0,0,0,No,No,No,No,No
True,Yes,Yes,No,No,No,Yes,Man,0,1,1,0,0,1,1,0,Sophomore,0,0,1,1,0,Man,0,0,0,0,0,0,0,0,0,0,0,0,1,1,1,1,1,1,0,0,1,1,0,0,0,1,0,0,0,Life Sciences,0,0,0,1,0,0,0,No,No,No,No,No
True,No,Maybe,No,No,Maybe,Yes,Woman,0,0,1,0,0,1,0,0,Senior,0,1,1,1,0,Woman,0,0,0,0,0,0,0,1,0,0,0,0,1,1,1,1,1,1,0,1,1,0,0,0,0,1,0,0,0,Undecided,0,0,0,1,0,0,0,No,No,Yes,Yes,No
True,Yes,Yes,Maybe,Yes,Yes,Yes,Woman,1,0,0,0,0,1,1,1,Senior,1,0,1,0,1,Woman,1,1,0,0,0,0,0,1,0,0,0,1,1,1,1,1,1,1,0,0,1,0,0,1,0,0,0,0,1,Computer Science,0,0,0,1,0,0,0,No,No,No,No,No
True,Yes,Maybe,No,No,Maybe,Yes,Woman,0,1,1,0,0,1,1,0,Freshman,0,1,1,1,0,Woman,0,0,0,0,0,0,1,1,0,0,0,0,1,1,1,1,1,1,0,1,0,0,0,0,0,1,0,0,0,Undecided,0,1,0,1,1,0,0,No,No,No,No,No
True,Yes,Maybe,No,No,Maybe,Yes,Woman,0,1,1,0,0,1,1,0,Freshman,0,1,1,1,0,Woman,0,0,0,0,0,0,1,1,0,0,0,0,1,1,1,1,1,1,0,1,0,0,0,0,0,1,0,0,0,Undecided,0,1,0,1,1,0,0,No,No,No,No,No
True,Yes,Yes,No,Yes,Yes,Yes,Woman,0,1,1,0,0,0,1,0,Senior,0,0,1,0,0,Woman,0,1,0,1,0,0,0,1,0,0,0,0,0,1,0,0,0,0,0,1,1,1,0,0,0,0,0,0,1,Engineering-based,0,0,1,0,0,0,0,No,Yes,No,No,No
True,Yes,Maybe,No,No,Maybe,Yes,Woman,0,1,1,0,0,0,0,1,Sophomore,0,1,1,1,0,Woman,1,1,0,0,0,0,0,0,0,0,0,0,1,1,1,1,1,1,0,0,1,0,0,0,0,1,0,0,0,Computer Science,0,0,0,1,0,0,0,No,No,No,Yes,No
True,Yes,Maybe,No,Maybe,Maybe,Yes,Woman,0,1,1,0,0,0,1,0,Sophomore,0,0,0,0,0,Woman,0,1,0,0,0,0,0,0,0,0,0,0,0,0,0,0,0,0,0,0,1,1,1,0,0,0,0,0,0,Mathematics,0,0,0,0,0,0,0,No,Prefer not to say,No,Prefer not to say,No
True,No,Yes,No,No,No,Yes,Woman,0,1,1,0,0,1,0,0,Senior,0,1,0,1,0,Woman,0,1,0,0,0,0,0,1,0,0,0,0,1,1,1,1,1,1,0,1,1,0,0,0,0,1,0,0,0,Computer Science,0,0,0,1,0,0,0,No,No,No,No,No
True,Yes,Yes,No,Maybe,Maybe,Yes,Woman,0,1,1,0,0,0,1,1,Sophomore,0,0,1,0,0,Woman,0,0,0,0,0,0,0,1,0,0,0,0,1,1,1,1,0,1,0,1,1,1,0,0,0,1,0,0,0,Computer Science,0,0,0,1,0,0,0,No,Yes,No,Yes,No
True,Yes,No,No,Yes,Yes,Yes,Woman,1,0,1,0,0,0,1,1,Freshman,0,1,1,1,1,Woman,0,1,0,0,0,0,0,1,0,0,0,0,1,1,1,1,1,1,0,0,1,1,0,0,0,1,0,0,0,Computer Science,0,0,0,1,0,0,0,No,No,No,No,Yes
True,No,Yes,No,Maybe,Maybe,Yes,Woman,0,1,0,0,0,1,0,0,Freshman,0,0,0,0,0,Woman,0,0,0,0,0,1,0,1,0,0,0,0,1,1,0,0,0,1,0,0,1,0,0,0,0,0,0,0,0,Computer Science,0,0,0,1,0,0,0,No,No,No,Yes,No
True,Yes,No,No,Yes,Maybe,Maybe,Man,0,1,1,0,0,1,0,0,Freshman,0,0,1,0,0,Man,0,0,0,0,0,0,0,0,0,0,0,0,1,1,1,1,1,1,0,1,1,1,0,1,0,0,0,0,0,Computer Science,0,1,0,0,0,0,0,No,No,No,No,Yes
True,No,No,No,Yes,Yes,Yes,Woman,0,1,1,0,0,0,1,1,Freshman,0,0,1,0,1,Woman,0,0,0,0,0,0,0,1,0,0,0,0,0,0,0,0,0,0,0,0,0,0,0,0,0,1,0,0,0,Computer Science,0,0,0,1,0,0,0,No,No,No,No,No
True,Maybe,Yes,No,Yes,Maybe,Yes,Woman,0,1,0,0,0,0,0,0,Senior,0,0,0,0,1,Woman,0,0,0,0,0,0,0,0,0,0,0,0,0,1,0,0,0,0,0,0,1,0,0,0,0,1,0,0,0,Undecided,0,1,0,0,0,0,0,No,No,No,No,No
True,No,Yes,No,No,No,Yes,Man,0,1,1,1,1,1,1,1,Senior,0,1,0,1,0,Man,0,0,0,0,0,0,1,0,0,0,0,0,1,1,1,1,1,1,0,0,0,1,0,1,0,0,0,0,0,Computer Science,0,0,0,1,0,0,0,No,No,Yes,Yes,No
True,Maybe,Yes,No,No,Maybe,Yes,non-binary woman,0,1,1,0,0,1,1,0,Freshman,0,1,0,1,1,Other,0,1,1,0,0,0,0,0,0,0,0,1,1,1,1,1,1,1,0,1,1,1,0,0,0,1,0,0,0,Computer Science,0,0,0,0,1,0,0,No,No,No,No,No
True,Yes,Maybe,No,No,Yes,Maybe,Man,1,0,0,0,0,0,1,0,Senior,1,0,1,0,1,Man,0,0,0,0,0,0,0,0,0,0,0,0,1,1,1,1,0,1,0,0,1,0,0,0,0,0,0,0,1,Computer Science,0,0,0,1,0,0,0,No,No,No,No,No
True,Yes,Yes,No,Yes,Maybe,Yes,Man,0,1,1,0,0,0,1,0,Freshman,0,0,1,0,0,Man,0,0,0,0,0,0,0,0,1,0,0,0,1,1,1,1,1,1,0,1,0,1,0,0,0,0,0,0,1,Engineering-based,0,0,1,0,0,0,0,No,No,No,No,No
True,No,Maybe,Maybe,No,Maybe,Yes,Prefer not to say,0,1,1,0,0,0,0,0,Freshman,0,1,0,1,0,Other,0,0,0,0,0,0,0,0,0,0,0,0,1,1,1,1,1,1,0,0,0,0,0,0,0,0,0,0,0,Engineering-based,0,0,0,0,0,0,0,Prefer not to say,Prefer not to say,Prefer not to say,Prefer not to say,Prefer not to say
True,Yes,No,No,Yes,Yes,Yes,Man,1,0,1,0,0,0,1,1,Freshman,1,0,1,0,0,Man,0,0,0,0,0,0,0,0,0,0,0,0,1,1,1,1,1,1,0,0,0,1,0,0,0,0,0,0,1,Engineering-based,0,0,0,1,0,0,0,No,No,No,No,No
True,Maybe,No,No,Maybe,Maybe,Yes,Woman,0,1,1,0,0,0,0,0,Sophomore,0,0,0,0,1,Woman,0,1,0,1,0,0,0,1,0,1,0,0,1,1,0,1,1,0,0,0,0,0,0,0,0,0,0,0,1,Computer Science,0,0,0,1,0,0,0,No,Yes,No,Yes,No
True,Maybe,Maybe,No,Maybe,Maybe,Yes,Woman,0,1,1,0,1,1,0,0,Sophomore,0,1,1,1,1,Woman,0,0,0,0,0,0,0,0,0,0,0,0,1,1,1,1,1,1,0,0,1,0,0,0,0,0,0,0,1,Computer Science,0,0,0,1,0,0,0,No,No,No,No,No
True,Yes,Yes,No,No,Maybe,Yes,Man,1,0,1,1,1,0,1,1,Senior,1,1,1,0,1,Man,1,0,1,0,0,0,1,0,0,0,0,0,1,1,1,1,1,1,0,1,0,1,1,0,0,0,0,0,1,Computer Science,0,1,0,0,0,0,0,No,No,No,No,No
True,Maybe,No,No,No,No,Yes,Woman,0,1,1,0,0,0,1,1,Sophomore,0,0,1,0,0,Woman,0,0,0,0,0,0,0,0,0,0,0,0,1,1,0,0,0,1,0,1,1,1,0,0,0,1,0,0,0,Computer Science,0,0,0,1,0,0,0,No,No,Yes,Yes,No
True,Yes,Maybe,No,Yes,Yes,Yes,Man,1,0,0,1,1,0,1,1,Freshman,1,0,1,0,1,Man,0,0,0,0,0,0,0,0,0,0,0,0,1,1,1,1,0,1,0,0,0,1,0,0,0,1,0,0,0,Computer Science,0,0,0,1,0,0,0,No,No,No,No,No
True,No,Maybe,Maybe,No,No,Yes,Man,0,1,1,0,0,1,0,1,Sophomore,0,1,1,1,0,Man,1,0,1,0,1,1,1,0,1,0,1,1,1,1,1,1,1,1,0,1,0,0,0,1,0,0,0,0,0,Computer Science,0,0,0,0,0,1,0,No,Yes,Yes,Yes,No
True,No,Maybe,Maybe,No,No,Yes,Man,0,1,1,0,0,1,0,1,Sophomore,0,1,1,1,0,Man,1,0,1,0,1,1,1,0,1,0,1,1,1,1,1,1,1,1,0,1,0,0,0,1,0,0,0,0,0,Computer Science,0,0,0,0,0,1,0,No,Yes,Yes,Yes,No
True,No,Maybe,Maybe,No,No,Yes,Man,0,1,1,0,0,1,0,1,Sophomore,0,1,1,1,0,Man,1,0,1,0,1,1,1,0,1,0,1,1,1,1,1,1,1,1,0,1,0,0,0,1,0,0,0,0,0,Computer Science,0,0,0,0,0,1,0,No,Yes,Yes,Yes,No
True,No,Maybe,Maybe,No,No,Yes,Man,0,1,1,0,0,1,0,1,Sophomore,0,1,1,1,0,Man,1,0,1,0,1,1,1,0,1,0,1,1,1,1,1,1,1,1,0,1,0,0,0,1,0,0,0,0,0,Computer Science,0,0,0,0,0,1,0,No,Yes,Yes,Yes,No
True,No,No,No,No,Yes,Yes,Woman,1,1,1,0,0,0,1,1,Senior,0,1,1,1,1,Woman,0,1,0,0,0,0,0,1,0,0,0,0,1,1,1,1,1,1,0,1,1,0,0,0,0,1,0,0,0,Computer Science,0,0,0,1,0,0,0,No,No,No,No,No
True,Yes,Yes,Yes,No,Yes,Yes,Man,1,1,1,1,1,0,1,1,Senior,1,0,1,0,0,Man,0,0,1,1,0,1,0,0,1,0,0,1,1,1,1,1,1,1,0,1,1,1,0,0,0,0,0,0,1,Computer Science,0,0,1,0,0,1,0,No,Yes,No,No,Yes
True,No,Maybe,No,Yes,Yes,Yes,Woman,1,0,0,0,0,0,1,1,Freshman,1,0,1,0,0,Woman,0,1,0,0,0,0,0,0,0,0,0,0,1,1,1,1,1,1,0,0,1,1,0,0,0,1,0,0,0,Computer Science,0,0,0,0,0,0,0,No,No,No,No,No
True,Maybe,No,No,Yes,Yes,Yes,Man,1,0,1,1,1,0,1,1,Senior,1,0,1,0,0,Man,0,0,0,0,0,0,0,0,0,0,0,0,1,1,1,1,0,1,0,0,0,1,0,0,0,1,0,0,0,Engineering-based,0,0,0,1,0,0,0,No,No,No,No,No
True,Yes,Yes,No,No,Maybe,Maybe,Man,0,1,1,1,1,1,1,0,Junior,0,1,1,1,0,Man,0,0,0,0,0,0,0,1,0,0,0,0,1,1,1,1,1,1,0,0,1,0,0,0,0,0,0,0,1,Engineering-based,0,0,0,1,0,0,0,No,No,No,No,No
True,Yes,No,No,Yes,Yes,Yes,Man,0,1,1,1,1,1,0,0,Senior,1,0,1,0,1,Man,0,0,0,0,0,0,0,0,0,0,0,0,1,1,1,0,0,0,0,0,0,1,0,0,0,1,0,0,0,Engineering-based,0,0,0,1,0,0,0,No,No,No,Prefer not to say,Prefer not to say
True,Yes,No,No,Yes,Yes,Yes,Woman,0,1,1,1,1,0,1,1,Freshman,0,0,1,1,0,Woman,0,1,0,0,0,0,0,0,0,0,0,0,1,1,1,1,1,1,0,0,0,1,0,0,0,1,0,0,0,Computer Science,0,0,0,1,0,0,0,No,No,No,No,No
True,Maybe,No,No,Yes,Yes,Yes,Woman,1,0,1,1,1,0,1,0,Junior,0,1,1,1,0,Woman,0,0,0,0,0,0,0,1,0,0,0,0,1,1,1,1,0,0,0,1,1,1,0,0,0,1,0,0,0,Computer Science,0,0,0,1,0,0,0,No,No,No,No,No
True,Yes,Maybe,Maybe,Yes,Yes,Yes,Man,0,1,1,1,1,1,0,0,Senior,1,0,0,0,1,Man,0,0,0,0,0,0,0,0,0,0,0,0,0,0,0,0,0,0,0,1,0,0,0,0,0,1,0,0,0,Engineering-based,0,0,0,1,0,0,0,No,No,Yes,Yes,No
True,Yes,No,No,Maybe,Yes,Yes,Man,1,1,1,1,1,0,1,1,Junior,1,1,1,0,0,Man,0,0,0,0,0,0,0,0,0,0,0,0,1,1,1,1,0,0,0,0,0,1,0,0,1,0,0,0,1,Engineering-based,0,0,0,1,0,0,0,No,Yes,Yes,No,No
True,Maybe,No,No,No,Yes,Yes,Man,1,0,0,1,1,0,0,0,Freshman,1,0,0,0,0,Man,0,0,0,0,0,0,0,0,0,0,0,0,1,1,1,0,0,0,0,1,0,1,0,0,0,0,0,0,1,Engineering-based,0,0,0,1,0,0,0,No,No,No,No,No
True,Maybe,No,No,Yes,Maybe,Yes,Man,1,0,1,0,0,0,1,0,Sophomore,0,0,1,0,1,Man,0,0,0,0,0,0,0,0,0,0,0,0,1,1,1,1,0,1,0,0,1,1,0,0,0,1,0,0,0,Computer Science,0,0,0,1,0,0,0,No,No,No,No,Yes
True,Yes,Yes,No,No,Yes,Yes,Woman,0,1,1,0,0,1,1,0,Sophomore,1,1,1,1,1,Woman,0,1,0,0,0,0,0,1,0,0,0,0,1,1,1,1,1,1,0,1,1,0,0,0,0,1,0,0,0,Statistics/DS,0,0,0,1,0,0,0,No,No,No,No,No
True,Yes,Yes,No,No,Maybe,Yes,Man,0,1,1,0,0,0,1,0,Junior,0,0,0,1,0,Man,0,0,0,0,0,0,0,0,0,0,0,0,1,1,1,1,1,1,0,0,1,1,0,0,0,1,0,0,0,Mathematics,0,0,0,1,0,0,0,No,No,No,No,No
True,Yes,Yes,No,Maybe,Yes,Yes,Woman,1,1,1,0,0,1,0,1,Sophomore,0,1,1,1,1,Woman,0,1,0,0,0,0,0,1,0,0,0,0,1,1,1,1,1,1,0,0,1,1,0,0,0,1,0,0,0,Computer Science,0,0,0,1,0,0,0,No,No,No,No,No
True,Yes,No,No,No,Yes,Yes,Man,1,0,1,0,0,0,1,1,Sophomore,1,0,1,0,1,Man,0,0,0,0,0,0,0,0,0,0,0,0,1,1,1,1,1,1,0,0,1,1,0,0,0,1,0,0,0,Computer Science,0,0,0,1,0,0,0,No,No,No,No,No
True,Maybe,Maybe,No,No,Maybe,Yes,Woman,0,1,1,0,0,0,0,1,Freshman,0,0,0,0,0,Woman,1,1,1,0,1,0,1,1,1,0,1,0,1,1,1,0,0,1,0,1,1,0,1,0,0,1,0,0,0,Engineering-based,0,0,0,1,0,0,0,No,No,Yes,Yes,No
True,Yes,Yes,No,Yes,Maybe,Maybe,Woman,0,1,1,0,0,0,1,1,Freshman,0,0,1,0,1,Woman,0,0,0,0,0,0,0,0,0,0,0,0,1,1,1,1,1,1,0,0,0,1,0,0,0,0,0,0,1,Mathematics,0,0,0,1,0,0,0,No,No,No,No,No
True,Maybe,No,No,Yes,Yes,Maybe,Man,1,0,1,0,0,0,0,0,Sophomore,0,0,0,0,1,Man,0,0,0,0,0,0,0,0,0,0,0,0,0,0,0,0,0,0,0,1,0,0,0,0,0,1,0,0,0,Mathematics,0,0,0,1,0,0,0,No,No,No,No,No
True,Yes,No,No,Yes,Yes,Yes,Man,1,0,0,0,0,0,1,0,Freshman,1,0,1,0,1,Man,0,0,0,0,0,0,0,0,0,0,0,0,1,1,1,1,1,1,0,0,0,1,0,0,0,1,0,0,0,Computer Science,0,0,0,1,0,0,0,No,No,No,No,No
True,Yes,Yes,No,No,No,Maybe,Woman,1,0,1,0,0,1,0,0,Sophomore,1,0,1,0,1,Woman,0,1,0,0,0,0,0,1,0,0,0,0,1,1,0,0,0,0,0,1,1,1,0,0,0,1,0,0,0,Mathematics,0,0,0,1,0,0,0,No,No,No,No,No
True,Yes,Yes,No,No,No,Maybe,Man,1,1,1,0,0,1,1,1,Sophomore,1,0,1,1,1,Man,0,0,0,0,0,0,1,0,0,0,0,0,0,0,0,0,0,0,0,1,1,1,0,0,0,1,0,0,0,Mathematics,0,0,0,1,0,0,0,No,No,Yes,Yes,Yes
True,No,Yes,No,No,Maybe,Yes,Man,1,0,1,1,0,1,0,0,Junior,0,1,1,0,0,Man,0,0,0,0,0,0,0,0,0,0,0,0,1,1,1,1,1,1,0,1,1,0,1,0,0,0,0,0,0,Computer Science,0,0,1,0,0,0,0,No,No,No,Yes,No
True,No,No,No,Yes,Yes,Yes,Woman,1,1,0,0,0,0,1,0,Sophomore,0,1,1,0,1,Woman,0,1,0,0,0,0,0,1,0,0,0,0,0,1,0,0,0,0,0,0,1,1,0,0,0,1,0,0,0,Computer Science,0,0,0,1,0,0,0,No,No,Prefer not to say,Prefer not to say,No
True,Yes,No,No,Maybe,Yes,Yes,Man,1,0,1,0,0,0,1,1,Sophomore,1,0,1,0,1,Man,0,0,0,0,0,0,0,0,0,0,0,0,1,1,1,1,1,1,0,0,0,1,0,0,0,0,0,0,1,Computer Science,0,0,0,1,0,0,0,No,No,No,No,No
True,Maybe,Maybe,No,Yes,Yes,Yes,Man,1,0,1,0,0,0,1,0,Sophomore,0,0,1,0,1,Man,0,0,0,0,0,0,0,0,0,0,0,0,1,1,1,0,1,1,0,0,0,0,0,0,0,1,0,0,0,Mathematics,0,0,0,1,0,0,0,No,No,No,Yes,Yes
True,Yes,Yes,Yes,Maybe,Maybe,Yes,Woman,0,1,1,0,0,0,0,0,Sophomore,0,0,1,0,0,Woman,0,0,0,0,0,0,0,0,0,0,0,0,1,1,1,1,1,1,0,0,1,0,0,0,0,1,0,0,0,Mathematics,0,0,0,1,0,0,0,No,No,No,No,No
True,Yes,No,No,No,Maybe,Yes,Woman,1,1,1,0,0,1,1,1,Freshman,0,1,1,1,0,Woman,0,1,1,0,0,0,0,0,0,0,0,0,1,1,1,1,1,1,0,1,1,1,0,0,0,1,0,0,0,Mathematics,0,1,0,0,0,0,0,No,No,No,No,No
True,Yes,No,No,No,Yes,Yes,Woman,0,1,1,1,1,1,1,0,Senior,1,0,1,0,1,Woman,1,1,0,0,0,0,1,1,0,0,0,1,1,1,1,1,1,1,0,1,1,1,0,0,0,1,0,0,0,Engineering-based,0,0,0,1,0,0,0,No,No,No,No,No
True,No,Yes,No,Yes,Yes,No,Man,1,0,1,1,0,0,0,0,Sophomore,1,0,0,0,0,Man,0,0,0,0,0,0,0,0,0,0,0,0,0,0,0,0,0,0,0,0,0,0,0,1,0,0,0,0,1,Engineering-based,0,0,0,1,0,0,0,No,No,Yes,No,No
True,Yes,Maybe,No,Maybe,Yes,Yes,Woman,0,1,1,1,1,0,0,0,Sophomore,0,1,0,0,0,Woman,0,1,0,0,0,0,0,1,0,0,0,0,1,1,0,1,0,0,0,0,1,0,0,0,0,1,0,0,0,Computer Science,0,0,0,1,0,0,0,No,No,No,No,No
True,No,Yes,No,Maybe,Maybe,Yes,Man,1,1,1,1,0,0,1,0,Senior,1,0,1,0,0,Man,0,0,0,0,0,0,0,0,0,0,0,0,1,1,1,1,1,1,0,0,0,1,0,0,0,1,0,0,0,Computer Science,0,0,0,1,0,0,0,No,No,No,No,No
True,Yes,Yes,No,Maybe,Yes,Yes,Woman,0,1,1,0,1,1,0,1,Junior,0,1,1,1,1,Woman,0,1,0,0,0,0,0,1,0,0,0,0,1,1,1,1,1,1,0,1,1,0,0,0,0,1,0,0,0,Computer Science,0,0,0,1,0,0,0,No,No,No,No,No
True,Maybe,Yes,No,Maybe,Maybe,Yes,Man,1,0,1,1,0,0,1,1,Junior,1,0,0,0,1,Man,0,0,0,0,0,0,0,0,0,0,0,0,1,1,0,0,0,1,0,0,0,0,0,0,0,1,0,0,0,Computer Science,0,0,0,0,0,0,0,No,No,No,No,No
True,Maybe,Yes,No,No,No,Yes,Man,1,0,1,1,0,0,1,0,Senior,0,0,0,0,0,Man,0,0,0,0,0,1,0,0,0,0,0,0,1,1,0,0,1,1,0,1,1,1,0,0,0,1,0,0,0,Computer Science,0,1,0,0,0,0,0,No,No,No,Yes,No
True,Yes,No,No,Yes,Yes,Yes,Man,1,0,1,1,1,0,1,1,Junior,1,0,1,0,1,Man,0,0,0,0,0,0,0,0,0,0,0,0,1,1,1,1,0,1,0,0,0,1,0,0,0,1,0,0,0,Computer Science,0,0,0,1,0,0,0,No,No,No,Yes,No
True,Yes,Maybe,No,Maybe,Yes,Yes,Man,1,0,1,0,0,1,0,0,Junior,1,1,1,1,1,Man,0,0,0,0,0,0,0,0,0,0,0,0,1,1,1,1,0,0,0,1,1,1,0,0,0,1,0,0,0,Computer Science,0,0,0,1,0,0,0,No,No,No,No,No
True,Maybe,No,No,Yes,Yes,Yes,Woman,1,0,1,1,0,0,1,0,Senior,0,1,1,1,1,Woman,0,0,0,0,0,0,0,0,0,0,0,0,1,1,1,1,1,1,0,0,1,1,0,0,0,1,0,0,1,Informatics,0,0,0,1,0,0,0,No,No,Yes,Yes,No
True,Yes,No,No,Yes,Maybe,Yes,Man,1,1,1,1,1,0,1,1,Sophomore,1,1,1,1,1,Man,0,0,0,0,0,0,0,0,0,0,0,0,1,1,1,1,1,1,0,0,0,1,0,0,0,1,0,0,0,Statistics/DS,0,0,0,1,0,0,0,No,No,No,No,No
True,No,Yes,No,No,Maybe,Yes,Woman,0,1,1,0,0,1,1,0,Sophomore,0,0,0,0,0,Woman,0,0,0,0,0,0,0,0,0,0,0,0,1,1,1,1,0,1,0,0,0,0,1,0,0,0,0,0,0,Mathematics,0,1,0,0,0,0,0,No,No,No,No,No
True,Yes,No,No,No,Yes,Yes,Man,1,1,1,0,0,1,0,0,Senior,1,0,1,0,1,Man,0,0,0,0,0,0,0,0,0,0,0,0,1,1,1,1,1,1,0,1,1,1,0,0,0,1,0,0,1,Computer Science,0,0,0,1,0,0,0,No,No,No,No,No
True,Yes,Yes,No,No,Maybe,Yes,Man,1,0,1,0,0,0,1,0,Senior,0,0,1,0,0,Man,0,0,0,0,0,0,0,0,0,0,0,0,1,1,1,1,1,1,0,0,0,1,0,0,0,0,0,0,1,Mathematics,0,0,0,1,0,0,0,No,No,No,No,No
True,No,No,No,No,No,Yes,Woman,0,0,1,0,0,1,0,0,Senior,0,0,1,0,1,Woman,0,0,0,0,0,0,0,0,0,0,0,0,1,1,1,1,1,1,0,0,1,0,0,0,0,1,0,0,0,Computer Science,0,0,0,1,0,0,0,No,No,No,No,No
True,Yes,No,No,No,Yes,Yes,Man,1,0,0,0,0,0,1,1,Senior,1,0,1,0,1,Man,0,0,0,0,0,0,0,0,0,0,0,0,1,1,1,1,1,1,0,0,0,1,0,0,0,0,0,0,1,Computer Science,0,0,0,1,0,0,0,No,No,No,No,No
True,Maybe,Maybe,No,No,Yes,Yes,Woman,0,1,1,0,1,1,0,1,Junior,0,1,1,0,1,Woman,1,0,0,0,0,0,1,1,0,0,0,0,1,0,1,1,1,1,0,1,1,1,0,1,0,0,0,0,1,Computer Science,0,0,0,1,0,0,0,No,Prefer not to say,No,No,No
True,Yes,Yes,No,Yes,Yes,Yes,Woman,0,1,1,1,0,0,1,0,Senior,0,1,0,1,1,Woman,0,1,0,0,0,0,0,1,0,0,0,0,0,1,0,0,0,0,0,1,1,1,0,0,0,1,0,0,0,Computer Science,0,0,0,1,0,0,0,No,No,Yes,Yes,No
True,Yes,No,No,No,No,Yes,Woman,0,1,1,0,0,1,0,1,Junior,0,1,1,1,1,Woman,0,0,0,0,0,0,0,0,0,0,0,0,1,1,1,1,1,1,0,0,1,0,0,1,0,0,0,0,0,Computer Science,0,0,0,1,0,0,0,No,No,Yes,Yes,No
True,Yes,No,No,No,Yes,Yes,Man,1,1,1,0,0,1,0,0,Senior,0,1,0,1,0,Man,1,0,0,0,0,0,0,0,0,0,0,0,1,1,1,1,0,1,0,1,0,1,1,0,0,0,0,0,1,Computer Science,0,0,0,1,0,0,0,No,No,No,No,No
True,No,Yes,No,No,Maybe,Yes,Man,0,1,1,0,0,1,1,0,Sophomore,1,0,0,0,0,Man,0,0,0,0,0,0,0,0,0,0,0,0,1,1,1,1,1,1,0,0,0,1,0,0,1,1,0,0,1,Computer Science,0,0,0,1,0,0,0,No,No,No,No,No
True,No,No,Maybe,Yes,No,Yes,Woman,0,1,1,0,0,0,0,0,Sophomore,0,0,1,0,0,Woman,0,0,0,0,0,0,0,0,0,0,0,0,1,1,1,1,1,1,0,0,0,0,0,0,0,1,0,0,0,Computer Science,0,0,0,1,0,0,0,No,No,No,No,No
True,Maybe,Yes,No,No,Maybe,Yes,Woman,1,0,1,0,0,0,1,0,Senior,0,0,1,1,0,Woman,0,0,0,0,0,0,0,1,0,0,0,0,1,1,1,1,0,1,0,1,0,0,0,1,0,0,0,0,1,Computer Science,0,1,0,0,0,0,0,No,No,No,No,No
True,Yes,No,No,Maybe,Yes,Yes,Man,1,0,1,0,0,0,1,1,Senior,1,0,1,0,1,Man,0,0,0,0,0,0,0,0,0,0,0,0,1,1,1,1,1,1,0,0,0,1,0,0,0,1,0,0,1,Computer Science,0,0,0,1,0,0,0,No,No,No,No,No
True,Yes,Yes,No,No,No,Yes,Woman,0,1,1,0,1,1,0,0,Sophomore,0,1,0,0,1,Woman,0,1,0,0,0,0,0,0,0,0,0,0,1,1,1,1,1,1,0,1,1,0,0,0,0,0,0,0,1,Computer Science,0,0,0,0,0,0,0,No,No,No,No,No
True,No,Maybe,Yes,No,No,Maybe,Man,0,1,1,0,0,0,1,0,Senior,0,0,1,0,1,Man,0,0,0,0,0,0,0,0,0,0,0,0,1,1,0,1,0,0,0,0,0,0,0,0,0,0,0,0,1,Computer Science,0,0,0,1,0,0,0,No,No,No,No,Yes
True,Yes,Maybe,No,No,Maybe,Yes,Woman,0,1,1,1,1,1,0,0,Freshman,0,0,0,0,1,Woman,0,1,0,0,0,0,0,1,0,0,0,0,1,1,1,1,1,1,0,0,0,0,0,0,0,0,0,0,1,Computer Science,0,0,0,1,0,0,0,No,No,No,No,No
True,Yes,No,No,No,Yes,Yes,Woman,1,0,1,1,1,0,1,0,Junior,0,0,1,0,1,Woman,0,1,0,0,0,0,0,1,0,0,0,0,1,1,1,1,1,1,0,0,1,0,0,0,0,1,0,0,0,Computer Science,0,0,0,1,0,0,0,No,No,No,No,No
True,Maybe,No,No,Yes,Yes,Yes,Man,1,0,1,1,1,0,1,1,Sophomore,1,0,1,0,1,Man,0,0,0,0,0,0,0,0,0,0,0,0,1,1,1,1,1,1,0,0,0,1,0,0,0,0,0,0,1,Engineering-based,0,0,0,1,0,0,0,No,No,No,No,No
True,Yes,No,No,Yes,Yes,Yes,Woman,0,0,1,1,1,0,1,1,Freshman,0,1,1,1,0,Woman,0,0,0,0,0,0,0,1,0,0,0,0,1,1,1,1,0,0,0,1,0,1,0,0,0,1,0,0,0,Computer Science,0,1,0,0,0,0,0,No,Yes,No,No,No
True,Yes,Maybe,No,Yes,Yes,Yes,Woman,0,1,1,1,1,1,0,1,Sophomore,0,1,1,1,1,Woman,0,0,0,0,0,0,0,0,0,0,0,0,1,1,1,1,1,1,0,0,0,1,0,0,0,1,0,0,0,Computer Science,1,0,0,1,0,0,0,No,No,No,No,No
True,Yes,No,No,Yes,Yes,Yes,Woman,1,0,1,1,1,0,1,0,Freshman,1,0,1,0,1,Woman,0,0,0,0,0,0,0,1,1,0,0,0,1,1,1,1,0,1,0,1,1,1,0,0,0,0,0,0,1,Computer Science,0,0,1,0,0,0,0,No,No,No,No,No
True,Maybe,No,No,No,Yes,Yes,Woman,1,0,1,1,1,0,1,0,Sophomore,0,1,1,1,1,Woman,0,0,0,0,0,0,0,1,0,0,0,0,1,1,1,1,0,1,0,0,0,1,0,0,0,1,0,0,0,Computer Science,0,0,0,1,0,0,0,No,No,No,No,Yes
True,Yes,Yes,Yes,Maybe,Yes,Yes,Woman,0,0,1,1,1,0,0,1,Freshman,1,0,1,0,0,Woman,0,0,0,0,0,0,0,1,0,0,0,0,1,1,1,1,1,1,0,0,1,1,0,0,0,1,0,0,0,Computer Science,0,0,0,0,0,0,0,No,No,No,No,Yes
True,Maybe,Yes,No,No,Yes,Maybe,Man,1,0,1,0,0,0,1,1,Sophomore,1,0,1,0,1,Man,0,0,0,0,0,0,0,0,0,0,0,0,1,1,1,1,1,1,0,0,0,1,0,0,1,0,0,0,1,Mathematics,0,0,0,1,0,0,0,No,No,No,No,No
True,No,No,No,No,Maybe,Yes,Woman,0,1,1,1,1,0,0,1,Sophomore,0,1,1,0,1,Woman,0,0,0,0,1,0,0,1,0,0,0,0,1,1,1,1,1,1,0,0,1,1,0,0,0,1,0,0,0,Computer Science,0,0,0,1,0,0,0,No,No,Yes,Yes,No
True,No,Yes,No,Maybe,No,Yes,Woman,0,1,1,1,1,1,0,0,Sophomore,0,1,1,1,0,Woman,0,0,0,0,0,0,0,0,0,0,0,0,1,1,1,1,1,1,0,1,0,1,0,0,0,1,0,0,0,Computer Science,0,0,0,1,0,0,0,No,No,No,No,No
True,Yes,No,No,Yes,Yes,Yes,Man,1,1,1,0,0,1,1,1,Senior,1,0,1,0,1,Man,0,0,0,0,0,0,0,0,0,0,0,0,1,1,1,1,0,1,0,0,1,1,0,0,0,1,0,0,0,Computer Science,0,0,0,1,0,0,0,No,No,No,No,No
True,Yes,Maybe,No,No,Maybe,Yes,Woman,0,1,1,1,1,0,1,0,Sophomore,0,1,1,1,1,Woman,0,0,0,0,0,0,0,0,0,0,0,0,1,1,1,1,0,1,0,1,1,1,0,0,0,1,0,0,0,Computer Science,0,1,0,0,0,0,0,No,Prefer not to say,No,No,No
True,No,No,No,No,Maybe,Yes,Man,1,0,1,0,0,1,1,1,Junior,1,0,1,0,0,Man,0,0,0,0,0,0,0,0,0,0,0,0,1,1,0,1,0,1,0,0,0,0,0,0,0,0,0,0,1,Mathematics,0,0,0,1,0,0,0,No,No,No,No,No
True,No,No,No,Maybe,Maybe,Yes,Woman,1,1,1,1,0,1,0,0,Freshman,0,1,0,0,1,Woman,0,1,0,0,0,0,0,1,0,0,0,0,1,1,1,1,1,1,0,1,1,1,0,0,0,1,0,0,0,Computer Science,0,0,0,0,0,0,0,No,No,No,No,No
True,Yes,Maybe,No,No,No,Yes,Man,1,1,1,0,0,0,1,1,Sophomore,1,0,1,0,1,Man,0,0,0,0,0,0,0,0,0,0,0,0,1,1,1,1,0,1,0,0,0,1,0,0,0,1,0,0,0,Mathematics,0,0,0,1,0,0,0,No,No,No,No,No
True,Yes,Yes,Maybe,Yes,No,Yes,Woman,1,0,1,1,1,1,0,0,Freshman,0,0,1,0,1,Woman,0,0,0,0,0,0,0,0,0,0,0,0,1,1,0,1,0,0,0,1,1,0,0,0,0,1,0,0,0,Engineering-based,0,0,0,1,0,0,0,No,No,No,No,No
True,Maybe,No,No,No,Yes,Yes,Woman,1,0,1,1,1,1,0,0,Freshman,0,1,1,1,0,Woman,0,1,0,0,0,0,0,0,0,0,0,0,1,1,1,0,0,0,0,0,1,0,0,0,0,1,0,0,0,Computer Science,0,0,0,0,0,0,0,No,No,No,No,No
True,Yes,Maybe,No,Yes,Yes,Yes,Man,1,0,1,1,0,0,0,0,Junior,1,1,1,1,1,Man,0,0,0,0,0,0,0,0,0,0,0,0,0,0,0,0,0,0,0,0,0,0,0,0,0,1,0,0,0,Computer Science,0,0,0,1,0,0,0,No,No,No,No,No
True,Maybe,Yes,No,No,Yes,Yes,Woman,0,1,1,1,1,1,0,0,Sophomore,0,1,1,0,1,Woman,0,0,0,0,0,0,0,1,0,0,0,0,1,0,0,1,1,1,0,1,1,1,0,0,0,1,0,0,0,Computer Science,0,0,0,1,0,0,0,No,No,No,Yes,Yes
True,Yes,No,No,No,Yes,Yes,Woman,1,0,1,0,0,0,1,0,Senior,0,1,1,0,1,Woman,1,1,0,0,0,1,1,1,0,0,0,0,1,1,1,1,1,1,0,0,1,1,1,0,0,0,0,0,1,Mathematics,0,0,0,1,0,0,0,No,No,No,No,No
True,No,No,No,No,Maybe,Yes,Woman,0,0,1,0,0,0,1,1,Senior,1,1,1,0,1,Woman,0,0,0,0,0,0,1,1,0,0,0,0,1,1,1,1,1,1,0,0,0,1,0,0,0,1,0,0,0,Computer Science,0,0,0,1,0,0,0,No,No,No,No,Yes
True,No,No,No,No,Maybe,Yes,Woman,0,0,1,0,0,0,1,1,Senior,1,1,1,0,1,Woman,0,0,0,0,0,0,1,1,0,0,0,0,1,1,1,1,1,1,0,0,0,1,0,0,0,1,0,0,0,Computer Science,0,0,0,1,0,0,0,No,No,No,No,Yes
True,No,No,No,No,Maybe,Yes,Woman,0,0,1,0,0,0,1,1,Senior,1,1,1,0,1,Woman,0,0,0,0,0,0,1,1,0,0,0,0,1,1,1,1,1,1,0,0,0,1,0,0,0,1,0,0,0,Computer Science,0,0,0,1,0,0,0,No,No,No,No,Yes
True,No,No,No,No,Maybe,Yes,Woman,0,0,1,0,0,0,1,1,Senior,1,1,1,0,1,Woman,0,0,0,0,0,0,1,1,0,0,0,0,1,1,1,1,1,1,0,0,0,1,0,0,0,1,0,0,0,Computer Science,0,0,0,1,0,0,0,No,No,No,No,Yes
True,No,No,No,No,Maybe,Yes,Woman,0,0,1,0,0,0,1,1,Senior,1,1,1,0,1,Woman,0,0,0,0,0,0,1,1,0,0,0,0,1,1,1,1,1,1,0,0,0,1,0,0,0,1,0,0,0,Computer Science,0,0,0,1,0,0,0,No,No,No,No,Yes
True,Yes,Yes,Maybe,No,No,Yes,Woman,0,1,1,0,0,0,0,0,Senior,0,1,0,1,0,Woman,0,1,0,0,0,0,0,1,0,0,0,0,1,1,0,0,0,1,0,1,1,0,0,0,0,1,0,0,0,Computer Science,0,0,0,1,0,0,0,No,No,No,Yes,No
True,Yes,Yes,No,No,Yes,Yes,Woman,1,1,1,0,0,1,0,0,Freshman,0,1,1,1,1,Woman,1,1,0,0,0,0,1,1,0,0,0,0,1,1,0,0,0,0,0,0,0,0,0,0,0,1,0,0,0,Computer Science,0,0,0,1,0,0,0,No,No,No,No,No
True,Yes,Yes,No,No,Yes,Yes,Woman,1,1,1,0,0,1,0,0,Freshman,0,1,1,1,1,Woman,1,1,0,0,0,0,1,1,0,0,0,0,1,1,0,0,0,0,0,0,0,0,0,0,0,1,0,0,0,Computer Science,0,0,0,1,0,0,0,No,No,No,No,No
True,Yes,Yes,No,Yes,Yes,Yes,Woman,1,1,1,1,1,0,1,1,Junior,1,1,1,0,1,Woman,1,1,0,0,0,0,0,1,0,0,0,0,1,1,1,1,1,1,0,1,0,1,0,0,0,0,0,0,1,Computer Science,0,0,0,0,1,0,0,No,No,No,No,No
True,Maybe,Yes,No,Maybe,Maybe,Yes,Woman,0,1,1,1,1,0,0,0,Junior,0,1,0,0,0,Woman,0,0,0,0,0,0,0,1,0,0,0,0,1,1,0,1,0,1,0,0,1,0,0,0,0,0,0,0,1,Engineering-based,0,1,0,0,0,0,0,No,No,No,No,No
True,No,Yes,No,No,Yes,Yes,Man,0,1,1,0,0,1,0,0,Junior,1,0,0,0,1,Man,0,0,0,0,0,0,0,1,0,0,0,0,1,1,1,1,1,1,0,0,1,0,0,0,0,0,0,0,1,Statistics/DS,0,0,0,1,0,0,0,No,No,No,Yes,Yes
True,No,Yes,No,No,Yes,Yes,Woman,0,1,1,0,0,1,0,0,Sophomore,0,1,1,1,1,Woman,0,1,0,0,0,0,0,1,0,0,0,0,1,1,1,1,1,1,0,1,1,0,0,0,0,0,0,0,1,Computer Science,0,0,0,1,0,0,0,No,No,No,No,No
True,Maybe,Yes,No,No,Maybe,Yes,Woman,0,1,1,0,0,1,1,0,Junior,0,1,0,1,0,Woman,0,0,0,0,0,0,0,0,0,0,0,0,1,1,1,1,1,1,0,1,1,0,0,0,0,1,0,0,0,Mathematics,0,0,0,1,0,0,0,No,No,No,No,No
True,No,No,No,Maybe,No,Yes,Man,0,1,1,0,0,0,0,0,Junior,0,0,0,0,0,Man,0,0,0,0,0,0,0,0,0,0,0,0,1,0,0,0,0,1,0,0,1,1,0,1,0,0,0,0,0,Mathematics,0,0,0,1,0,0,0,No,No,Yes,Yes,Yes
True,Maybe,No,No,No,Yes,Yes,Man,0,0,1,1,1,0,1,1,Senior,0,0,1,0,1,Man,0,0,0,0,0,0,0,0,0,0,0,0,1,1,1,1,1,1,0,0,0,1,0,0,0,1,0,0,0,Computer Science,1,0,0,0,0,0,0,No,No,No,No,No
True,Maybe,No,No,Yes,Maybe,Yes,Man,0,1,1,0,0,1,1,0,Freshman,0,0,1,0,0,Man,0,0,0,0,0,0,0,0,0,0,0,0,0,0,0,0,0,1,0,0,0,1,0,1,0,0,0,0,1,Engineering-based,0,0,0,1,0,0,0,No,No,No,Yes,Yes
True,No,Maybe,No,No,No,Yes,Man,1,0,1,0,0,0,0,0,Junior,0,1,0,1,0,Man,1,0,1,0,0,0,0,0,0,0,0,0,1,1,1,1,1,1,0,0,1,1,0,0,0,1,0,0,1,Statistics/DS,0,1,0,0,0,0,0,No,Yes,No,Yes,No
True,No,No,No,No,Maybe,Yes,Woman,1,0,1,1,1,0,1,0,Senior,0,1,0,1,0,Woman,0,1,1,0,0,0,0,1,0,0,0,0,1,1,1,1,1,1,0,1,1,1,0,0,0,0,0,0,1,Computer Science,0,0,1,0,0,1,0,No,Yes,No,No,No
True,Yes,Yes,No,Yes,Maybe,Yes,Woman,0,0,1,1,1,0,0,0,Freshman,0,1,1,0,0,Woman,0,0,1,0,0,0,0,0,0,0,0,0,1,1,1,1,1,1,0,1,0,1,0,0,0,1,0,0,0,Computer Science,0,1,0,0,0,0,0,No,No,No,No,No
True,Maybe,No,No,Yes,Yes,Maybe,Man,1,0,1,1,1,0,1,0,Freshman,1,0,1,0,0,Man,1,0,0,0,0,1,1,0,0,0,0,1,1,1,1,1,1,1,0,1,1,1,0,0,0,0,0,0,1,Computer Science,0,0,0,1,0,0,0,No,No,No,No,No
True,Yes,No,No,No,Yes,Yes,Woman,1,0,1,1,1,0,1,1,Junior,1,1,1,1,1,Woman,0,1,0,0,0,0,0,1,0,0,0,0,1,1,1,1,1,1,0,0,0,0,0,0,0,1,0,0,0,Computer Science,0,0,0,1,0,0,0,No,No,No,No,No
True,Yes,No,No,Yes,Maybe,Yes,Woman,1,0,1,1,1,1,0,1,Junior,0,1,1,1,1,Woman,0,0,0,0,0,0,0,1,0,0,0,0,1,1,1,1,1,1,0,1,1,0,0,0,0,1,0,0,0,Computer Science,0,0,0,1,0,0,0,No,No,No,No,No
True,Maybe,No,No,Maybe,Yes,Yes,Woman,1,1,1,1,1,0,0,0,Freshman,0,0,1,0,0,Woman,1,1,0,0,0,0,0,0,0,0,0,0,1,1,1,1,1,1,0,0,1,1,0,0,0,0,0,0,1,Computer Science,0,0,0,1,0,0,0,No,No,No,No,No
True,Maybe,Yes,Maybe,No,No,Yes,Woman,1,0,1,0,0,1,0,0,Junior,0,1,1,0,0,Woman,0,1,0,0,0,0,0,1,0,0,0,0,1,1,1,1,1,1,0,1,1,0,0,0,0,1,0,0,0,Computer Science,0,0,0,1,0,0,0,No,No,No,No,No
True,Maybe,Yes,No,No,Maybe,Yes,Woman,0,1,1,1,1,0,1,0,Freshman,0,1,1,1,0,Woman,0,0,0,0,0,0,0,0,0,0,0,0,1,1,1,1,0,1,0,0,1,1,0,0,0,1,0,0,0,Computer Science,0,0,0,1,0,0,0,No,No,No,No,No
True,Yes,Yes,No,Maybe,Yes,Yes,Man,1,0,1,1,1,0,1,0,Senior,1,1,1,1,1,Man,0,0,0,0,0,0,0,0,0,0,0,0,1,1,1,1,0,1,0,1,1,1,0,0,0,1,0,0,0,Engineering-based,0,0,0,1,0,0,0,No,No,No,No,No
True,No,Maybe,No,Maybe,Yes,Yes,Man,1,1,1,1,1,0,1,0,Senior,1,0,0,0,1,Man,0,0,0,0,0,0,0,0,0,0,0,0,1,1,1,1,1,1,0,0,1,0,0,0,0,0,0,0,1,Computer Science,0,1,0,1,0,0,0,No,No,No,No,No
True,Yes,Yes,No,No,Yes,Yes,Woman,1,0,1,1,1,0,1,0,Senior,0,1,1,1,1,Woman,1,0,0,0,1,1,0,0,0,0,0,0,1,0,0,0,0,0,0,0,0,1,0,1,0,0,0,1,0,Engineering-based,0,0,0,1,0,0,0,No,Yes,Yes,Yes,No
True,Maybe,No,Maybe,Yes,No,No,Man,1,0,1,1,1,0,1,0,Freshman,1,1,1,1,1,Man,0,0,0,0,0,0,0,0,0,0,0,0,1,1,1,1,0,1,0,0,0,1,0,0,0,1,0,0,1,Computer Science,0,0,0,1,0,0,0,No,No,No,No,No
True,Maybe,No,No,Yes,Yes,Yes,Man,1,0,1,1,1,0,1,0,Sophomore,1,0,1,0,0,Man,0,0,0,0,0,0,0,0,0,0,0,0,1,0,1,1,0,1,0,0,0,0,0,0,0,0,0,0,1,Statistics/DS,0,0,0,1,0,0,0,No,No,No,No,No
True,Yes,No,No,Yes,Maybe,Yes,Man,1,0,1,1,1,0,1,0,Freshman,1,0,1,0,0,Man,0,0,0,0,0,0,0,0,0,0,0,0,1,1,1,1,0,0,0,0,0,0,0,0,0,1,0,0,1,Computer Science,0,0,0,1,0,0,0,No,No,No,No,No
True,No,Yes,No,No,Yes,Yes,Woman,1,0,0,1,1,0,1,0,Freshman,0,1,0,1,0,Woman,0,0,0,0,0,0,0,0,0,0,0,0,1,1,1,1,1,1,0,1,0,1,0,0,0,1,0,0,0,Engineering-based,0,1,0,0,0,0,0,No,No,No,No,No
True,Yes,No,No,No,No,Maybe,Man,1,1,1,0,1,1,1,0,Freshman,0,0,0,0,0,Man,0,0,0,0,0,0,0,0,0,0,0,0,1,1,1,1,1,1,0,1,1,0,0,0,0,1,0,0,0,Computer Science,0,0,0,1,0,0,0,No,No,No,No,No
True,No,No,No,No,No,Yes,Woman,0,0,1,1,0,1,1,0,Fifth year+,0,0,0,0,0,Woman,0,0,0,0,0,0,0,0,0,0,0,0,1,1,1,1,1,1,0,0,0,1,0,0,0,0,0,0,1,Statistics/DS,0,0,0,1,0,0,0,No,Yes,Yes,Yes,No
True,Yes,Yes,No,Yes,Maybe,No,Woman,0,0,1,1,1,0,1,1,Sophomore,0,0,1,0,1,Woman,0,0,0,0,0,0,0,0,0,0,0,0,1,0,0,0,0,0,0,0,0,1,0,0,0,0,0,0,1,Statistics/DS,0,0,0,1,0,0,0,No,No,No,No,No
True,Maybe,No,No,No,No,Yes,Man,1,1,1,1,1,0,0,0,Senior,1,0,1,1,1,Man,0,0,0,0,0,0,0,0,0,0,0,0,1,1,1,1,1,1,0,0,0,1,0,0,0,0,0,0,1,Statistics/DS,0,0,0,1,0,0,0,No,No,No,No,No
True,Yes,No,No,Yes,Yes,Maybe,Man,1,0,0,1,1,0,1,1,Sophomore,1,0,1,0,1,Man,0,0,0,0,0,0,0,0,0,0,0,0,1,1,1,0,0,0,0,0,0,1,0,0,0,1,0,0,0,Statistics/DS,0,0,0,1,0,0,0,No,No,No,No,Yes
True,Maybe,Yes,No,Yes,Yes,Yes,Woman,0,1,1,0,1,1,0,0,Sophomore,0,0,1,0,0,Woman,1,0,0,0,0,0,1,0,0,0,0,0,1,1,0,0,0,0,0,1,0,0,0,0,0,1,0,0,0,Statistics/DS,0,0,0,1,0,0,0,No,No,No,Prefer not to say,Yes
True,Yes,Yes,No,Yes,No,Yes,Man,0,1,1,1,1,0,0,0,Fifth year+,1,0,1,0,1,Man,0,0,0,0,1,1,0,0,0,0,0,0,0,0,0,0,0,0,0,0,0,1,0,1,1,0,0,0,0,Statistics/DS,0,0,0,1,0,0,0,No,Yes,Yes,Yes,No
True,Yes,No,No,Maybe,Yes,Maybe,Man,1,0,0,1,1,0,0,0,Freshman,1,0,1,0,0,Man,0,0,0,0,0,0,1,1,0,0,0,0,1,1,1,1,0,1,0,0,1,1,0,0,0,0,0,0,1,Computer Science,0,0,0,1,0,0,0,No,No,No,No,No
True,Yes,Yes,No,No,No,Yes,Woman,0,1,1,1,1,1,0,0,Freshman,0,1,0,0,0,Woman,1,1,1,0,0,0,1,1,1,0,0,0,1,1,1,1,1,0,0,1,1,0,0,0,0,1,0,0,0,Computer Science,0,1,0,0,0,0,0,No,No,No,No,No
True,Maybe,No,No,Yes,Maybe,Yes,Man,1,0,1,1,1,0,1,1,Freshman,1,0,1,0,0,Man,1,0,0,0,0,0,0,0,0,0,0,0,1,1,1,1,0,1,0,1,1,1,0,1,0,0,0,0,1,Computer Science,0,0,0,1,0,0,0,No,No,No,No,No
True,Maybe,Yes,Maybe,No,Yes,Maybe,Man,0,1,1,0,1,1,0,0,Freshman,0,1,0,1,0,Man,0,0,0,0,0,0,0,0,0,0,0,0,1,1,1,1,1,1,0,0,1,0,0,0,0,1,0,0,0,Engineering-based,0,0,0,1,0,0,0,No,Yes,No,No,No
True,Yes,No,No,Yes,Yes,Yes,Man,0,1,1,1,1,0,0,0,Freshman,1,1,0,1,0,Man,0,0,0,0,0,0,0,0,0,0,0,0,1,1,1,1,1,1,0,0,1,1,0,0,0,1,0,0,0,Computer Science,0,0,0,1,0,0,0,No,No,No,No,No
True,Yes,No,No,Maybe,Yes,Yes,Man,1,0,1,1,1,0,0,0,Freshman,1,1,0,0,0,Man,0,0,0,0,0,0,0,0,0,0,0,0,1,1,1,0,0,0,0,1,0,1,0,0,0,1,0,0,0,Computer Science,0,0,0,1,0,0,0,No,No,No,Yes,Yes
True,Maybe,No,No,Yes,Yes,Yes,Man,1,1,1,1,1,0,1,1,Freshman,1,0,1,0,0,Man,0,0,0,0,0,0,0,0,0,0,0,0,0,0,0,0,0,0,0,0,0,1,0,0,0,1,0,0,0,Computer Science,0,0,0,1,0,0,0,No,No,Yes,Prefer not to say,No
True,Maybe,Yes,No,Maybe,No,Yes,Woman,0,1,0,1,1,0,1,1,Senior,0,1,0,0,1,Woman,0,0,0,0,0,0,0,1,0,0,0,0,1,1,1,1,1,1,0,0,1,1,0,0,0,0,0,0,1,Computer Science,1,0,0,0,0,0,0,No,No,No,No,No
True,Maybe,Yes,No,No,No,No,Man,1,0,1,1,1,1,1,0,Junior,1,0,1,0,1,Man,0,0,0,0,0,0,1,0,0,0,0,0,1,1,1,1,1,1,0,1,1,1,0,0,0,0,0,0,1,Computer Science,0,0,0,1,0,0,0,No,No,No,Yes,No
True,Maybe,Yes,No,Yes,Yes,No,Prefer not to say,1,0,0,1,1,0,1,0,Junior,1,0,1,0,0,Other,0,0,0,0,0,0,0,0,0,0,0,0,0,0,0,0,0,0,0,0,0,1,0,0,0,0,0,0,0,Computer Science,0,0,0,0,0,0,0,Prefer not to say,Prefer not to say,Prefer not to say,Prefer not to say,Prefer not to say
True,No,Yes,No,Maybe,No,Yes,Man,0,1,1,1,1,0,1,0,Junior,0,0,1,1,1,Man,0,0,0,0,0,0,0,0,0,0,0,0,1,1,1,1,1,1,0,1,1,0,0,0,1,0,0,0,0,Computer Science,0,0,0,1,0,0,0,No,No,No,No,Yes
True,Maybe,No,No,No,No,Maybe,Man,0,1,1,0,1,1,1,1,Sophomore,0,1,1,0,0,Man,0,0,0,0,0,0,1,0,0,0,0,1,0,0,0,0,0,0,0,0,1,1,0,0,0,0,0,0,1,Computer Science,0,0,0,1,0,0,0,No,No,No,No,No
True,Yes,Yes,No,Yes,No,No,Man,0,1,1,1,0,1,0,0,Senior,0,1,1,1,0,Man,1,1,1,0,0,0,0,0,0,0,0,0,1,1,0,1,0,1,0,1,1,1,0,0,0,1,0,0,0,Engineering-based,0,0,0,1,0,0,0,No,No,No,Yes,No
True,Yes,Yes,Maybe,No,No,No,Prefer not to say,0,1,1,0,0,1,1,0,Sophomore,0,0,1,0,1,Other,0,0,0,0,0,0,0,0,0,0,0,0,0,0,0,0,1,0,0,1,1,0,0,0,0,0,0,0,0,Computer Science,0,0,0,0,0,0,0,Prefer not to say,No,No,No,No
True,Yes,No,No,No,Yes,Yes,Woman,1,0,1,0,1,0,0,1,Sophomore,1,0,1,0,1,Woman,0,1,0,0,0,0,0,1,0,0,0,0,1,1,1,1,1,1,0,0,0,0,0,0,0,1,0,0,0,Computer Science,0,0,0,1,0,0,0,No,No,No,No,No
True,Yes,No,No,Maybe,Yes,Maybe,Woman,0,0,1,1,1,0,1,0,Junior,0,0,1,0,1,Woman,0,0,0,0,0,0,0,0,0,0,0,0,1,1,0,0,0,0,0,0,0,1,0,0,0,1,0,0,0,Computer Science,0,0,0,1,0,0,0,No,No,No,Prefer not to say,Yes
True,No,No,No,No,Maybe,Yes,Woman,1,1,1,1,1,1,0,0,Sophomore,0,1,1,0,1,Woman,0,0,0,0,0,0,0,1,0,0,0,0,1,1,1,1,0,1,0,1,1,0,0,0,0,0,0,0,1,Computer Science,0,1,0,0,0,0,0,No,No,No,No,No
True,No,Yes,Maybe,No,No,Yes,Woman,1,1,1,0,0,1,0,1,Junior,0,0,1,0,0,Woman,0,0,0,0,0,0,1,1,0,0,0,0,1,1,0,0,0,0,0,1,1,0,1,0,0,0,0,0,0,Computer Science,0,0,0,1,0,0,0,No,No,No,No,No
True,No,Yes,Maybe,No,No,Yes,Woman,1,1,1,0,0,1,0,1,Junior,0,0,1,0,0,Woman,0,0,0,0,0,0,1,1,0,0,0,0,1,1,0,0,0,0,0,1,1,0,1,0,0,0,0,0,0,Computer Science,0,0,0,1,0,0,0,No,No,No,No,No
True,No,No,No,Maybe,Maybe,Yes,Woman,0,1,1,0,1,1,1,0,Junior,0,1,1,1,0,Woman,0,0,0,0,0,0,0,1,0,0,0,0,1,1,1,1,0,1,0,1,1,0,0,0,0,0,0,0,1,Computer Science,0,1,0,0,0,0,0,No,Yes,No,No,No
True,Yes,Maybe,No,No,Yes,Yes,Woman,0,1,1,0,0,1,0,0,Junior,0,1,1,1,1,Woman,0,0,0,0,0,0,0,1,0,0,0,0,1,1,1,1,0,1,0,1,1,1,0,0,0,1,0,0,0,Statistics/DS,0,0,0,1,0,0,0,No,No,No,No,No
True,Yes,Maybe,No,No,Yes,Yes,Woman,0,1,1,0,0,1,0,0,Junior,0,1,1,1,1,Woman,0,0,0,0,0,0,0,1,0,0,0,0,1,1,1,1,0,1,0,1,1,1,0,0,0,1,0,0,0,Statistics/DS,0,0,0,1,0,0,0,No,No,No,No,No
True,Maybe,No,Yes,No,No,Maybe,Woman,0,1,1,0,1,1,1,1,Senior,0,1,1,1,0,Woman,1,1,0,0,0,0,1,1,0,0,0,0,1,1,0,1,0,1,0,1,1,1,0,0,0,1,0,0,0,Engineering-based,0,1,0,0,0,0,0,No,No,Yes,No,No
True,Maybe,Yes,No,No,No,Yes,Woman,0,1,1,0,0,1,1,0,Junior,0,1,1,1,1,Woman,0,1,0,0,0,0,0,1,0,0,0,0,1,1,1,1,1,1,0,1,1,1,0,0,0,1,0,0,0,Computer Science,0,0,0,1,0,0,0,No,No,Yes,No,Yes
True,Yes,Yes,No,Yes,Yes,Yes,Woman,0,1,1,1,1,1,0,0,Senior,0,1,1,1,0,Woman,0,0,0,0,0,0,0,1,0,0,0,0,1,1,0,0,0,1,0,0,1,0,0,0,0,1,0,0,0,Computer Science,0,0,0,1,0,0,0,No,No,No,No,No
True,Yes,No,No,Yes,Yes,Yes,Man,1,0,1,1,1,0,1,1,Freshman,1,0,1,0,0,Man,0,0,0,0,0,0,0,0,0,0,0,0,1,1,1,1,1,1,0,0,0,0,0,0,0,0,0,0,1,Computer Science,0,0,0,1,0,0,0,No,No,No,No,No
True,Yes,No,No,Yes,Yes,Yes,Man,1,0,1,1,1,0,1,1,Freshman,1,0,1,0,0,Man,0,0,0,0,0,0,0,0,0,0,0,0,1,1,1,1,1,1,0,0,0,0,0,0,0,0,0,0,1,Computer Science,0,0,0,1,0,0,0,No,No,No,No,No
True,Yes,No,Maybe,No,No,Yes,Woman,0,1,1,1,1,1,1,0,Senior,0,1,0,0,0,Woman,0,1,0,0,0,0,0,1,0,0,0,0,1,1,1,1,1,1,0,0,0,1,0,0,0,1,0,0,0,Computer Science,0,0,0,1,0,0,0,No,No,No,No,No
True,Yes,Yes,No,Maybe,No,Yes,Man,0,1,1,1,0,1,0,0,Sophomore,1,1,0,1,1,Man,0,0,0,0,0,1,0,0,0,0,0,1,1,1,1,1,1,1,0,0,0,1,0,0,0,0,0,0,1,Computer Science,0,1,0,0,0,0,0,No,Yes,No,No,No
True,Maybe,Yes,Maybe,Yes,Maybe,Yes,Woman,1,1,1,0,0,1,0,0,Senior,1,1,0,0,1,Woman,0,1,0,0,0,0,0,1,0,0,0,0,1,1,1,1,0,1,0,1,1,0,0,0,0,1,0,0,0,Computer Science,0,0,0,0,0,0,0,No,No,Prefer not to say,Prefer not to say,No
False,No,Yes,Yes,No,Maybe,Maybe,Man,0,1,1,0,0,1,0,0,Senior,0,1,0,0,0,Man,1,1,1,1,1,1,1,1,1,1,1,1,1,1,1,1,1,1,0,1,1,0,0,0,0,0,0,0,1,Computer Science,0,0,0,1,0,0,0,Prefer not to say,Prefer not to say,Yes,Yes,Yes
False,No,Yes,No,Yes,Yes,Maybe,Man,1,0,1,1,1,1,1,0,Fifth year+,0,0,1,0,0,Man,0,0,0,0,0,0,0,0,0,0,0,0,1,1,1,1,1,1,0,0,0,1,0,0,0,1,0,0,0,Computer Science,0,0,0,1,0,0,0,No,No,No,No,Yes
False,Yes,No,No,No,Maybe,Yes,Woman,0,1,1,1,0,1,0,0,Sophomore,0,1,1,1,1,Woman,0,0,0,0,0,0,0,0,0,0,0,0,1,1,0,0,0,1,0,1,1,1,0,0,0,1,0,0,0,Computer Science,0,0,0,1,0,0,0,No,No,No,No,No
False,Maybe,Yes,No,Yes,No,Yes,Man,0,1,1,1,1,0,1,1,Junior,1,0,1,0,1,Man,0,0,0,0,0,0,0,0,0,0,0,0,1,0,0,0,0,0,0,0,0,1,0,0,0,1,0,0,0,Computer Science,0,0,0,1,0,0,0,No,No,No,No,No
False,Yes,No,No,No,Yes,Yes,Woman,1,0,1,1,1,0,1,0,Sophomore,1,1,0,1,1,Woman,0,0,0,0,0,0,0,1,0,0,0,0,1,1,1,1,1,1,0,1,1,1,0,0,0,1,0,0,0,Computer Science,0,0,0,1,0,0,0,No,No,No,No,No
False,Maybe,Yes,No,Yes,No,No,Man,0,1,1,1,1,0,1,0,Junior,0,0,1,0,1,Man,0,0,0,0,0,0,0,0,0,0,0,0,1,1,1,1,1,1,0,0,0,0,0,0,0,0,0,0,1,Computer Science,0,0,0,1,0,0,0,No,No,No,Yes,No
False,Yes,Yes,No,Yes,Yes,Yes,Woman,1,1,1,1,1,0,1,0,Senior,1,0,1,0,1,Woman,0,1,0,0,0,0,0,1,0,0,0,0,1,1,1,1,1,1,0,1,1,1,0,0,0,0,0,0,1,Computer Science,0,1,0,0,0,0,0,No,No,No,No,No
False,Yes,No,No,Yes,Yes,Yes,Woman,1,0,0,1,1,0,0,0,Senior,1,0,1,0,1,Woman,1,0,0,0,0,0,0,1,0,0,0,0,1,1,1,1,1,1,0,0,1,1,0,0,0,1,0,0,0,Computer Science,0,0,0,1,0,0,0,No,No,No,No,Yes
False,Maybe,Yes,No,No,No,Yes,Woman,0,1,1,1,1,1,1,0,Sophomore,0,1,1,1,1,Woman,0,0,0,0,0,0,0,0,0,0,0,0,1,1,1,1,1,1,0,1,1,0,0,0,1,0,0,0,0,Computer Science,0,0,0,1,0,0,0,No,No,No,Prefer not to say,No
False,Yes,Yes,No,No,Yes,Yes,Man,1,0,1,1,1,1,1,0,Junior,1,0,1,0,1,Man,1,0,0,0,0,0,0,0,0,0,0,0,1,1,1,0,1,1,0,1,1,1,0,0,0,0,0,0,1,Computer Science,0,0,0,1,0,0,0,No,No,No,No,Yes
False,Maybe,Yes,No,No,Maybe,Yes,Man,1,1,1,1,1,1,1,0,Senior,0,0,0,0,1,Man,0,0,0,0,0,0,0,0,0,0,0,0,1,1,1,1,1,1,0,0,1,1,0,0,0,1,0,0,0,Computer Science,0,0,0,1,0,0,0,No,No,No,No,No
False,Maybe,No,No,Yes,Yes,Maybe,Man,1,0,0,1,1,0,1,1,Junior,0,0,1,0,1,Man,1,0,0,0,0,0,0,0,0,0,0,0,1,0,0,0,0,0,0,0,0,1,0,0,0,1,0,0,0,Engineering-based,0,0,0,1,0,0,0,No,No,No,No,No
False,Yes,Yes,No,No,Yes,Yes,Man,1,0,1,1,1,0,1,1,Junior,1,0,1,0,1,Man,0,0,0,0,0,0,0,0,0,0,0,0,1,1,1,0,0,1,0,0,0,1,0,0,0,1,0,0,0,Computer Science,0,0,0,1,0,0,0,No,No,No,No,No
False,Yes,No,No,No,Yes,Yes,Woman,0,1,1,1,1,0,0,0,Senior,0,1,1,1,1,Woman,0,0,0,0,0,0,0,0,0,0,0,0,1,1,1,1,1,1,0,0,0,1,0,0,0,1,0,0,0,Computer Science,0,1,0,0,0,0,0,No,No,No,No,No
False,Yes,Yes,No,Maybe,Yes,Yes,Man,1,1,0,1,1,0,1,0,Senior,0,1,1,1,1,Man,0,0,1,0,0,0,0,0,0,0,0,0,1,1,1,1,1,1,0,1,1,1,0,0,0,1,0,0,0,Computer Science,0,0,1,0,0,0,0,No,No,No,Yes,Yes
False,Maybe,Yes,No,No,No,Yes,Woman,0,1,1,1,0,1,0,0,Sophomore,0,1,1,0,1,Woman,0,0,0,0,0,0,0,0,0,0,0,0,1,1,1,1,1,1,0,0,1,1,0,0,0,0,0,0,1,Computer Science,0,0,0,1,0,0,0,No,No,No,No,No
True,Yes,No,No,Maybe,Maybe,Yes,Man,0,0,1,1,1,0,1,0,Freshman,0,1,1,1,0,Man,1,0,0,0,0,0,1,0,0,0,0,0,1,1,1,1,1,1,0,0,1,1,0,0,0,1,0,0,0,Computer Science,0,0,0,1,0,0,0,No,No,No,No,No
True,Yes,No,No,Yes,Maybe,Yes,Woman,1,0,1,1,0,0,1,0,Junior,0,1,0,0,0,Woman,0,0,0,0,0,0,0,1,1,0,0,0,1,1,1,1,1,1,0,0,0,1,0,0,0,0,0,0,1,Computer Science,0,1,0,0,0,0,0,No,No,No,No,No
True,Maybe,No,No,Yes,Yes,Yes,Woman,1,0,1,1,1,1,1,1,Sophomore,0,1,0,1,0,Woman,1,0,0,0,1,1,1,1,0,0,0,0,1,1,1,1,1,1,0,1,0,1,0,0,0,1,0,0,0,Computer Science,0,0,0,1,0,0,0,No,No,No,No,Yes
True,No,Yes,No,Yes,Yes,Yes,Woman,0,1,1,1,1,1,0,0,Junior,1,1,1,1,0,Woman,0,1,0,0,0,0,0,1,0,1,0,0,1,1,1,1,1,1,0,1,1,1,0,0,0,1,0,0,1,Computer Science,0,0,0,1,0,0,0,No,Yes,No,No,No
True,Maybe,Yes,No,No,Yes,Yes,Woman,0,1,1,0,1,0,1,0,Junior,0,1,1,0,1,Woman,0,1,0,0,0,0,0,1,1,0,0,0,1,1,1,1,1,1,0,1,1,0,0,0,0,1,0,0,0,Engineering-based,0,1,0,0,0,0,0,No,No,No,No,No
True,Maybe,Maybe,Maybe,No,Yes,Yes,Woman,1,1,1,1,1,1,1,1,Freshman,0,1,1,1,0,Woman,0,0,0,0,0,0,0,0,0,0,0,0,1,1,1,1,1,1,0,1,1,1,0,0,0,1,0,0,0,Computer Science,0,0,0,1,0,0,0,No,No,No,No,No
True,No,No,No,Maybe,Yes,Yes,Man,0,1,1,1,1,0,0,0,Senior,1,0,1,0,1,Man,0,0,0,0,0,0,0,0,0,0,0,0,1,1,1,1,0,0,0,0,0,1,0,1,0,0,0,0,1,Computer Science,0,0,0,1,0,0,0,No,No,Yes,Yes,No
True,Yes,No,No,No,No,Yes,Man,1,0,1,1,0,1,0,0,Senior,0,0,0,0,1,Man,0,0,0,0,0,0,0,0,0,0,0,0,0,1,1,1,0,0,0,0,1,1,0,0,0,1,0,0,1,Computer Science,0,0,0,1,0,0,0,No,No,No,No,No
True,Yes,No,No,Maybe,Yes,Yes,Woman,1,0,0,1,1,0,1,0,Freshman,1,1,1,1,0,Woman,0,0,0,0,0,0,0,0,0,0,0,0,1,1,1,1,0,1,0,0,0,1,0,0,0,0,0,0,1,Undecided,0,0,0,1,0,0,0,No,No,No,No,No
True,No,No,No,No,Maybe,Yes,Woman,1,0,1,1,0,1,1,0,Sophomore,1,1,0,0,0,Woman,0,1,0,0,0,0,0,1,0,0,0,0,1,1,1,1,1,1,0,1,1,0,0,0,0,1,0,0,0,Computer Science,0,0,0,0,0,0,0,No,No,No,No,No
True,Yes,Yes,No,Maybe,Maybe,Yes,Woman,1,1,1,1,0,1,0,1,Senior,0,0,0,0,1,Woman,0,0,0,0,0,0,0,0,0,0,0,0,0,0,1,0,0,0,0,1,1,1,0,0,0,1,0,0,0,Computer Science,0,0,0,1,0,0,0,No,No,No,No,No
True,Yes,Maybe,No,Yes,Yes,Yes,Man,1,0,1,1,1,1,1,1,Senior,1,0,1,0,1,Man,0,0,0,0,0,0,0,0,0,0,0,0,1,1,1,1,1,1,0,0,0,1,0,0,0,1,0,0,0,Computer Science,0,0,0,1,0,0,0,No,No,No,No,No
True,Maybe,Maybe,No,Maybe,Yes,Maybe,Man,0,1,1,1,1,0,0,0,Senior,0,0,1,0,1,Man,0,0,0,0,0,0,0,0,0,0,0,0,1,0,0,0,0,0,0,0,1,0,0,0,0,1,0,0,0,Computer Science,0,0,0,1,0,0,0,No,No,No,Yes,No
True,Maybe,Maybe,Maybe,Maybe,Maybe,Maybe,Man,0,0,1,0,0,0,0,0,Senior,1,0,0,0,0,Man,1,0,0,0,0,0,0,0,0,0,0,0,1,1,0,0,0,0,0,0,0,0,0,0,0,1,0,0,0,Computer Science,0,0,0,0,0,0,0,No,Prefer not to say,Prefer not to say,Prefer not to say,Prefer not to say
True,Maybe,Yes,No,Yes,Maybe,Maybe,Man,0,1,1,1,1,1,0,0,Junior,0,0,0,0,1,Man,0,0,0,0,0,0,0,0,0,0,0,0,1,1,1,1,0,0,0,0,0,0,0,0,0,1,0,0,0,Computer Science,0,0,0,1,0,0,0,No,No,No,No,No
True,Yes,Maybe,No,Yes,No,Maybe,Woman,0,1,1,1,1,1,1,1,Freshman,1,0,1,0,1,Woman,1,0,0,0,1,0,1,1,0,0,0,0,1,1,1,1,1,1,0,0,1,0,0,1,0,0,0,0,1,Computer Science,0,0,0,1,0,0,0,No,No,Yes,No,No
False,Yes,Yes,No,No,Yes,Yes,Woman,1,1,1,1,0,0,0,0,Senior,0,1,1,1,0,Woman,0,1,0,0,0,0,0,1,0,0,0,0,1,1,1,1,0,1,0,1,1,1,0,0,0,0,0,0,1,Computer Science,0,0,0,1,0,0,0,No,No,No,No,No
True,Yes,Yes,No,Maybe,Maybe,Maybe,Woman,1,0,0,1,1,0,1,0,Senior,1,1,1,0,0,Woman,1,1,0,0,0,0,1,1,0,0,0,0,0,0,0,1,0,1,0,0,1,0,0,0,0,1,0,0,0,Computer Science,0,0,0,1,0,0,0,No,No,No,Yes,No
True,Maybe,No,No,Yes,Maybe,Yes,Transmale,0,0,1,0,0,0,0,0,Senior,1,0,1,0,1,Other,0,0,0,0,0,0,0,0,0,0,0,0,1,1,1,1,0,0,0,0,0,1,0,0,0,1,0,0,1,Computer Science,1,0,0,0,0,0,0,Yes,Yes,No,No,No
True,Maybe,Yes,No,No,Yes,Yes,Woman,0,1,1,1,1,1,0,0,Junior,0,1,0,1,0,Woman,0,0,0,0,0,1,1,1,0,0,0,0,1,1,1,1,1,1,0,1,1,1,0,0,0,1,0,0,0,Computer Science,0,0,0,1,0,0,0,No,No,No,No,No
True,Yes,Yes,Yes,Yes,Yes,Yes,Man,1,0,1,1,1,0,0,1,Fifth year+,1,1,1,0,1,Man,0,0,0,0,0,0,0,0,0,0,0,0,1,1,1,0,0,1,0,0,0,1,0,0,0,1,0,0,0,Computer Science,0,0,0,1,0,0,0,No,No,Yes,Yes,No
True,No,Yes,No,No,Yes,Yes,Non-binary,0,1,1,1,1,1,1,1,Junior,1,1,1,1,1,Other,0,0,0,0,0,0,1,1,1,0,0,0,1,1,1,1,1,1,0,1,1,1,0,0,0,1,0,0,0,Computer Science,0,0,0,0,0,0,0,No,No,No,No,No
True,No,No,No,Yes,Maybe,Yes,Man,1,0,1,0,1,0,0,0,Junior,1,0,1,0,1,Man,0,0,0,0,0,0,0,0,0,0,0,0,0,0,0,0,0,0,0,0,0,1,0,0,0,0,0,0,1,Undecided,0,0,0,1,0,0,0,No,No,Yes,Yes,No
True,No,Maybe,No,Yes,Yes,Yes,Man,0,1,1,1,1,0,1,0,Senior,0,0,1,0,1,Man,0,0,0,0,0,0,0,0,0,0,0,0,1,1,1,0,0,1,0,1,0,1,1,0,0,1,0,0,0,Computer Science,0,0,0,1,0,0,0,No,No,No,Prefer not to say,No
True,Yes,No,No,Maybe,Yes,Yes,Man,0,1,1,1,1,0,0,0,Senior,1,1,0,1,1,Man,1,0,0,0,1,0,0,0,0,0,0,0,1,1,1,1,1,1,0,0,0,1,0,1,0,1,0,0,0,Engineering-based,0,0,1,0,0,0,0,No,No,Yes,No,No
True,Yes,No,No,Maybe,Yes,Yes,Man,1,0,1,1,1,0,1,0,Senior,1,0,0,0,0,Man,0,0,0,0,0,0,0,0,0,0,0,0,1,1,1,1,0,1,0,1,0,1,0,0,0,1,0,0,1,Computer Science,0,0,0,1,0,0,0,No,No,No,No,No
True,Yes,No,No,Yes,Yes,Yes,Woman,1,1,0,1,1,0,1,1,Sophomore,1,0,0,0,0,Woman,0,0,0,0,0,0,0,0,0,0,0,0,1,1,1,1,1,1,0,0,0,1,0,0,0,1,0,0,0,Computer Science,0,0,0,1,0,0,0,No,No,No,No,No
True,Maybe,No,No,Yes,Yes,Yes,Man,1,0,1,1,1,0,0,1,Senior,0,0,1,0,0,Man,0,0,0,0,0,0,0,0,0,0,0,0,1,1,1,1,1,1,0,0,1,1,0,0,0,0,0,0,1,Computer Science,0,1,0,1,0,0,0,No,No,No,No,No
True,Yes,Yes,Maybe,No,Yes,Yes,Woman,0,1,1,0,1,0,1,1,Senior,0,1,0,1,0,Woman,0,0,0,0,0,0,0,1,0,0,0,0,1,1,0,0,1,0,0,0,0,1,0,0,0,1,0,0,0,Computer Science,0,0,0,1,0,0,0,No,Yes,No,No,No
True,Yes,Maybe,No,Maybe,Maybe,Yes,Woman,0,0,1,1,1,1,1,0,Junior,1,0,1,0,0,Woman,0,0,0,0,0,0,0,0,0,0,0,0,1,1,1,1,1,1,0,0,0,0,0,0,0,0,0,0,1,Computer Science,0,1,0,0,0,0,0,No,No,No,No,Yes
True,Maybe,Maybe,Yes,Maybe,Maybe,Maybe,Man,0,1,1,0,0,1,1,0,Junior,0,1,1,1,0,Man,1,0,0,0,1,0,0,0,0,0,1,0,1,1,1,1,0,0,0,1,1,1,0,0,0,1,0,0,1,Mathematics,0,0,0,1,0,0,0,No,Yes,Yes,No,No
True,Yes,Maybe,No,No,Maybe,Yes,Man,1,1,1,1,1,0,1,0,Senior,0,0,1,0,1,Man,0,0,0,0,0,1,0,0,0,0,0,1,1,1,1,1,1,1,0,0,0,1,0,0,0,0,0,0,1,Computer Science,0,0,0,1,0,0,0,No,No,No,No,No
True,Yes,Maybe,No,No,Maybe,Yes,Woman,0,1,1,1,1,0,0,0,Senior,0,0,1,0,0,Woman,0,0,0,0,0,0,0,0,0,0,0,0,1,1,1,1,1,1,0,1,1,0,0,0,0,1,0,0,0,Undecided,0,0,0,0,0,0,0,No,No,No,No,No
True,Maybe,Yes,No,No,Maybe,Yes,Woman,1,0,0,0,0,1,1,1,Graduate Student,1,0,1,1,1,Woman,0,1,0,0,0,0,0,1,0,0,0,0,1,1,1,1,0,1,0,0,1,0,0,0,0,0,0,0,1,Computer Science,0,0,0,1,0,0,0,No,No,No,No,No
True,Maybe,Yes,No,Yes,Yes,Yes,Man,1,0,1,1,1,1,0,0,Junior,0,0,1,0,1,Man,0,0,0,0,0,0,0,0,0,0,0,0,1,1,1,1,1,1,0,0,1,1,0,0,0,0,0,0,1,Engineering-based,0,0,0,0,0,0,0,No,No,No,No,No
True,Yes,No,No,Maybe,Yes,Yes,Woman,1,0,1,1,1,0,0,0,Senior,1,0,1,0,1,Woman,0,0,0,0,0,0,0,0,0,0,0,0,1,1,1,1,0,1,0,1,1,1,0,0,0,0,0,0,1,Computer Science,0,0,0,1,0,0,0,No,No,No,No,No
True,No,Yes,No,No,No,Yes,Woman,0,1,1,1,0,0,0,1,Senior,0,1,0,0,0,Woman,1,1,0,0,0,0,0,1,0,0,0,0,1,1,1,1,1,1,0,1,1,1,0,0,0,1,0,0,0,Computer Science,0,0,0,0,0,0,1,No,No,No,No,Yes
True,Yes,Maybe,No,Yes,Yes,Maybe,Man,1,0,0,1,1,0,0,0,Graduate Student,1,0,1,0,1,Man,0,0,0,0,0,0,0,0,0,0,0,0,0,0,0,0,0,0,0,0,0,0,0,0,0,1,0,0,0,Computer Science,0,0,0,1,0,0,0,No,No,No,No,Yes
True,Yes,No,No,Maybe,Yes,Yes,Man,1,0,1,1,1,0,1,1,Sophomore,1,0,1,0,1,Man,0,0,0,0,0,0,0,0,0,0,0,0,1,1,1,1,1,1,0,0,0,1,0,0,0,0,0,0,1,Computer Science,0,0,0,1,0,0,0,No,No,No,No,No
True,Maybe,Yes,No,No,Maybe,Yes,Woman,0,1,1,0,0,1,1,0,Junior,0,1,1,1,1,Woman,0,1,0,0,0,0,0,0,0,0,0,0,1,1,0,0,1,1,0,0,0,1,0,0,0,1,0,0,0,Computer Science,0,0,0,1,0,0,0,No,No,No,No,No
True,Maybe,Yes,No,Yes,Maybe,Yes,Woman,1,0,0,1,1,0,1,1,Senior,0,0,1,0,1,Woman,0,0,0,0,0,0,0,1,0,0,0,0,1,1,0,1,0,1,0,0,1,1,0,0,0,1,0,0,0,Computer Science,0,0,0,1,0,0,0,No,No,No,No,No
True,No,Yes,No,No,Maybe,Yes,Woman,1,1,1,1,1,0,1,1,Freshman,0,1,1,1,0,Woman,0,0,0,0,0,0,0,0,0,0,0,0,1,1,1,1,1,1,0,1,1,1,0,0,0,1,0,0,0,Computer Science,0,0,0,1,0,0,0,No,No,No,No,No
True,Yes,No,No,Yes,Yes,Yes,Man,1,0,1,1,1,0,1,1,Senior,1,0,1,0,1,Man,0,0,0,0,0,0,0,0,0,1,0,0,1,1,1,1,1,1,0,1,0,1,0,0,0,1,0,0,0,Computer Science,0,0,0,1,0,0,0,No,Yes,No,No,No
True,Yes,Yes,No,Yes,Yes,Yes,Man,1,0,1,1,1,1,1,1,Junior,1,1,1,1,1,Man,0,0,0,0,0,0,0,0,0,0,0,0,1,1,1,1,0,0,0,0,1,0,0,0,0,1,0,0,0,Computer Science,0,0,0,1,0,0,0,No,No,No,No,Yes
True,Yes,No,No,Yes,Yes,Yes,Non-binary,1,0,1,1,1,0,1,1,Senior,0,0,0,1,1,Other,0,0,0,0,0,0,1,1,0,0,0,0,1,1,1,1,0,1,0,1,0,1,0,0,0,0,0,0,1,Computer Science,0,1,0,0,0,1,0,No,No,No,No,No
True,Yes,No,No,Maybe,Maybe,Yes,Man,1,0,1,1,1,0,1,0,Senior,1,0,1,0,1,Man,0,0,0,0,0,0,0,0,0,0,0,0,1,1,1,1,1,1,0,1,0,1,0,0,0,1,0,0,0,Engineering-based,0,0,0,1,0,0,0,No,No,No,No,No
True,Yes,Maybe,No,Yes,Maybe,Yes,Man,1,0,1,1,1,0,1,1,Senior,1,0,1,0,1,Man,0,0,0,0,0,0,0,0,0,0,0,0,1,1,1,1,1,1,0,0,1,1,0,0,0,1,0,0,0,Engineering-based,0,0,0,1,0,0,0,No,No,No,No,No
True,No,Yes,Maybe,No,Yes,Yes,Man,1,0,0,0,0,0,1,1,Fifth year+,0,1,0,1,1,Man,1,0,0,0,0,0,1,0,0,0,0,0,1,1,1,1,1,1,0,1,0,1,0,0,0,0,0,0,0,Engineering-based,0,0,0,1,0,0,0,No,No,No,No,No
True,Maybe,No,No,No,Yes,Maybe,Man,1,0,1,1,1,0,1,0,Senior,1,1,1,0,0,Man,0,0,0,0,0,0,0,0,0,0,0,0,1,1,1,1,1,1,0,0,0,1,0,0,0,0,0,0,1,Engineering-based,0,0,0,1,0,0,0,No,No,No,Yes,No
True,Yes,No,No,Yes,Yes,Yes,Man,1,0,1,1,1,0,0,0,Senior,0,0,1,0,0,Man,0,0,0,0,0,0,0,0,0,0,0,0,1,1,1,1,1,1,0,1,0,1,0,0,0,1,0,0,1,Engineering-based,0,0,0,1,0,0,0,No,No,No,No,No
True,Yes,Yes,Yes,No,No,Yes,Woman,1,0,1,1,1,0,0,0,Senior,0,1,1,1,1,Woman,0,1,0,0,0,0,0,1,0,0,0,0,1,1,1,1,0,1,0,1,1,1,0,0,0,0,0,0,1,Engineering-based,0,0,0,1,0,0,0,No,No,No,No,No
True,Yes,Yes,No,No,No,Yes,Non-binary,0,1,1,1,1,1,1,1,Senior,0,1,1,1,1,Other,0,0,0,0,0,0,0,0,1,0,0,0,1,1,1,1,1,1,0,1,1,1,0,0,0,1,0,0,0,Engineering-based,0,0,1,0,0,1,0,No,No,No,Yes,No
True,Yes,Yes,No,Maybe,Yes,Yes,Man,1,0,1,1,1,0,1,1,Fifth year+,1,0,1,0,1,Man,0,0,0,0,0,0,0,0,0,0,0,0,1,1,1,1,1,1,0,0,0,1,0,0,0,0,0,0,1,Engineering-based,0,0,0,1,0,0,0,No,No,No,No,No
True,Yes,No,No,No,Yes,Yes,Man,1,0,1,1,1,0,1,0,Senior,1,0,1,0,1,Man,0,0,0,0,0,0,0,1,0,0,0,0,1,1,1,1,1,1,0,1,1,1,0,0,0,1,0,0,0,Engineering-based,0,0,0,1,0,0,0,No,No,Yes,Yes,No
True,No,No,No,Yes,Yes,Yes,Man,1,0,0,1,1,0,1,0,Senior,1,0,1,0,1,Man,0,0,0,0,0,0,0,0,0,0,0,0,1,0,1,0,0,0,0,1,1,1,0,0,0,0,0,0,1,Engineering-based,0,0,0,1,0,0,0,No,No,No,No,No
True,No,Yes,No,Yes,Yes,No,Man,1,0,1,1,1,1,1,1,Senior,1,0,1,0,1,Man,1,0,0,0,0,0,0,0,0,0,0,0,1,1,1,1,1,1,0,0,1,1,0,0,0,0,0,0,1,Engineering-based,0,0,0,1,0,0,0,No,No,No,No,No
True,Maybe,No,No,Yes,Yes,Yes,Man,0,1,1,1,1,1,1,0,Senior,0,0,1,0,1,Man,0,0,0,0,0,0,0,0,0,0,0,0,1,1,1,1,1,1,0,1,1,1,0,0,0,0,0,0,1,Engineering-based,0,0,0,1,0,0,0,No,No,Yes,Yes,No
True,Yes,No,No,Maybe,Yes,Yes,Man,1,0,1,1,1,0,1,0,Senior,0,0,0,0,0,Man,0,0,0,0,0,0,0,0,0,0,0,0,1,1,1,1,0,1,0,1,0,1,0,0,0,0,0,0,1,Engineering-based,0,0,0,1,0,0,0,No,No,No,Prefer not to say,No
True,Maybe,Yes,No,Yes,Yes,Yes,Woman,1,1,1,1,1,1,1,1,Senior,0,0,1,0,1,Woman,1,1,0,0,0,0,0,1,0,0,0,0,1,1,1,1,1,1,0,1,0,0,0,0,0,1,0,0,0,Engineering-based,0,0,0,1,0,0,0,No,No,No,No,No
True,No,No,No,No,Yes,Yes,Man,1,0,1,1,1,0,1,0,Senior,1,0,1,0,1,Man,0,0,0,0,0,0,0,0,0,0,0,0,1,1,1,1,1,1,0,1,0,1,0,1,0,0,0,0,0,Engineering-based,0,0,0,1,0,0,0,No,No,Yes,No,No
True,Maybe,Yes,No,Yes,Yes,No,Non-binary,0,0,0,0,1,0,0,0,Senior,0,0,1,0,1,Other,0,0,0,0,0,0,0,0,0,0,0,0,0,0,0,0,0,1,0,0,0,1,1,0,0,0,0,0,0,Computer Science,0,0,0,0,1,0,0,Yes,No,Yes,Yes,No
True,Yes,Maybe,No,Maybe,Maybe,Maybe,Man,1,1,1,1,1,0,1,0,Sophomore,1,0,1,0,1,Man,0,0,0,0,0,0,0,0,0,0,0,0,1,1,1,1,1,1,0,0,0,1,0,0,0,0,0,0,1,Computer Science,0,0,0,1,0,0,0,No,No,No,No,No
True,Maybe,No,No,Yes,Yes,Yes,Man,0,1,1,1,0,0,0,0,Senior,0,0,1,0,0,Man,0,0,0,0,0,0,0,0,0,0,0,0,0,0,0,0,0,0,0,0,0,1,0,0,0,0,0,0,1,Engineering-based,1,0,0,0,0,0,0,No,Yes,Yes,Yes,No
True,Maybe,No,No,Yes,Yes,Yes,Woman,1,1,1,1,1,1,0,0,Senior,0,1,1,0,1,Woman,0,1,0,0,1,0,1,1,0,0,0,0,1,1,1,1,0,1,0,1,1,0,0,0,0,0,0,0,1,Computer Science,0,0,0,1,0,0,0,No,No,Yes,No,No
True,Yes,Yes,No,Yes,Yes,Yes,Woman,1,1,1,1,1,1,1,0,Senior,0,1,1,0,1,Woman,0,1,0,0,0,0,0,1,0,0,0,0,1,1,1,1,1,1,0,1,1,0,0,0,0,0,0,0,1,Engineering-based,0,0,0,1,0,0,0,No,No,No,No,No
True,Maybe,No,No,Maybe,Maybe,Yes,Woman,1,0,1,1,0,0,1,0,Junior,0,1,1,0,0,Woman,1,0,0,0,0,0,0,0,0,0,0,0,1,1,1,1,0,1,0,1,0,1,0,0,0,1,0,0,0,Undecided,0,0,0,1,0,0,0,No,No,No,No,No
True,Yes,No,No,Yes,Yes,Yes,Man,1,0,1,1,1,0,1,0,Junior,1,0,0,0,0,Man,0,0,0,0,0,0,0,0,0,0,0,0,1,1,1,1,0,1,0,0,0,1,0,0,0,0,0,0,1,Engineering-based,0,1,0,0,0,0,0,No,No,No,No,No
True,Yes,Maybe,No,No,No,Yes,Man,1,0,1,1,0,1,0,0,Junior,1,1,1,0,1,Man,0,0,0,0,0,0,0,0,0,0,0,0,1,1,1,1,0,0,0,1,0,0,0,0,0,1,0,0,0,Computer Science,0,0,0,1,0,0,0,No,No,No,No,Yes
True,Yes,Maybe,No,No,Maybe,Yes,Woman,0,1,1,1,1,1,0,0,Junior,0,1,0,0,1,Woman,0,1,0,0,0,0,0,0,0,0,0,0,1,1,1,1,1,1,0,1,1,0,0,0,0,1,0,0,1,Engineering-based,0,0,0,1,0,0,0,No,No,Yes,No,No
True,Maybe,Yes,No,No,No,Yes,Woman,0,1,1,0,0,1,1,0,Freshman,0,1,1,0,0,Woman,1,1,0,0,0,0,0,1,0,0,0,0,1,1,1,1,1,1,0,1,1,0,0,0,0,0,0,0,0,Computer Science,0,0,0,0,0,1,0,No,Prefer not to say,No,No,No
True,Maybe,Yes,No,Yes,Maybe,Yes,Woman,0,1,1,1,0,0,0,0,Junior,0,1,0,1,1,Woman,0,0,0,0,0,0,0,0,0,0,0,0,1,1,1,1,1,1,0,0,1,0,0,0,0,0,0,0,1,Computer Science,0,0,0,1,0,0,0,No,No,No,No,No
True,Yes,No,No,Maybe,Yes,Yes,Man,1,1,1,1,1,0,1,0,Freshman,1,0,1,0,1,Man,0,0,0,0,0,0,0,0,0,0,0,0,1,1,1,1,0,1,0,0,0,1,0,0,0,1,0,0,0,Computer Science,1,0,0,0,0,0,0,No,No,No,No,No
True,Yes,No,No,Yes,Yes,Yes,Woman,0,0,1,1,0,0,1,0,Senior,1,0,1,0,1,Woman,0,0,0,0,0,0,0,0,0,0,0,0,1,1,1,1,1,1,0,0,0,1,0,1,0,0,0,0,1,Computer Science,0,0,0,0,0,0,0,No,No,No,No,No
True,Yes,No,No,No,Yes,Yes,Man,1,0,1,1,1,0,1,0,Sophomore,1,0,1,0,1,Man,0,0,0,0,0,0,0,0,0,0,0,0,1,1,1,1,1,1,0,0,1,1,0,0,0,1,0,0,0,Computer Science,0,0,0,1,0,0,0,No,No,No,No,No
True,No,No,No,Yes,Yes,Maybe,Man,1,0,1,1,1,0,0,0,Sophomore,0,0,0,0,1,Man,0,0,0,0,0,0,0,0,0,0,0,0,1,1,1,1,0,0,0,0,0,1,0,0,0,1,0,0,0,Computer Science,0,0,0,1,0,0,0,No,No,No,No,No
True,Yes,No,No,Yes,Yes,Yes,Woman,1,1,1,1,1,0,0,0,Sophomore,1,0,1,0,1,Woman,0,0,0,0,0,0,0,0,0,0,0,0,1,1,0,1,0,1,0,1,1,1,0,0,0,1,0,0,0,Engineering-based,0,1,0,1,0,0,0,No,No,No,No,No
True,Yes,No,No,Maybe,Yes,Yes,Man,1,0,0,0,0,0,1,0,Senior,0,0,0,0,1,Man,0,0,0,0,0,0,0,0,0,0,0,0,1,1,1,1,1,1,0,1,1,1,0,0,0,1,0,0,0,Computer Science,0,1,0,0,0,0,0,No,No,No,No,No
True,Yes,No,No,Maybe,Yes,Yes,Woman,1,0,1,1,1,0,0,0,Sophomore,0,0,1,0,0,Woman,0,0,0,0,0,0,0,1,0,0,0,0,1,1,1,1,1,1,0,1,1,0,0,0,0,0,0,0,1,Computer Science,0,1,0,0,0,0,0,No,No,No,No,No
True,Yes,No,No,No,Yes,Yes,Woman,1,1,1,1,1,1,1,0,Senior,1,1,0,0,1,Woman,0,1,0,0,0,1,0,1,0,0,0,1,1,1,1,1,1,1,0,0,0,1,0,0,0,1,0,0,0,Computer Science,0,0,0,1,0,0,0,No,No,No,No,No
True,Yes,Yes,No,No,No,Yes,Woman,1,1,1,1,1,1,0,0,Junior,0,1,1,1,1,Woman,0,1,0,0,0,0,0,1,0,0,0,0,1,1,1,1,1,1,0,0,1,0,0,0,0,0,0,0,1,Computer Science,0,0,0,1,0,0,0,No,No,No,No,No
True,Yes,No,No,Yes,Yes,No,Man,0,0,1,1,1,1,1,0,Junior,1,1,1,1,1,Man,0,0,0,0,0,0,0,0,0,0,0,0,1,1,1,1,1,1,0,1,1,1,0,0,0,1,0,0,0,Computer Science,0,0,0,1,0,0,0,No,No,Yes,Prefer not to say,No
True,Yes,Yes,No,Yes,Yes,Yes,Woman,1,0,1,1,1,1,0,0,Fifth year+,0,1,1,0,0,Woman,1,1,0,0,1,0,0,0,0,0,0,0,1,1,0,0,0,0,0,1,0,1,0,1,0,0,0,0,0,Computer Science,0,0,0,1,0,0,0,No,Yes,Yes,Yes,No
True,Yes,Yes,No,Yes,No,Yes,Man,0,1,1,0,1,1,1,1,Senior,1,0,1,0,1,Man,1,0,0,0,1,1,1,0,0,1,1,1,1,1,1,1,1,1,0,1,1,0,0,0,0,1,0,0,0,Computer Science,0,0,0,1,0,0,0,No,Yes,Yes,Yes,No
True,Maybe,No,No,Yes,Yes,Yes,Man,1,0,1,1,0,0,0,0,Freshman,0,1,1,0,1,Man,0,0,0,0,0,0,0,0,0,0,0,0,0,0,0,0,0,0,0,0,0,1,0,0,0,1,0,0,0,Computer Science,0,0,1,0,0,0,0,No,No,Yes,No,No
True,Maybe,Yes,No,Yes,Maybe,Yes,Man,0,1,1,1,1,0,1,0,Sophomore,1,1,1,0,1,Man,0,0,0,0,0,0,0,0,0,0,0,0,1,1,1,1,1,1,0,0,0,1,0,0,0,1,0,0,1,Computer Science,0,0,0,0,0,0,1,No,No,No,No,No
True,Yes,Yes,No,No,Yes,No,Man,0,0,1,1,1,0,0,0,Senior,1,0,1,0,1,Man,0,0,0,0,0,0,0,0,0,0,0,0,0,0,0,0,0,0,0,0,0,1,0,0,0,1,0,0,0,Computer Science,0,0,0,1,0,0,0,No,No,Yes,Yes,No
True,Yes,Yes,No,No,Yes,No,Man,0,0,1,1,1,0,0,0,Senior,1,0,1,0,1,Man,0,0,0,0,0,0,0,0,0,0,0,0,0,0,0,0,0,0,0,0,0,1,0,0,0,1,0,0,0,Computer Science,0,0,0,1,0,0,0,No,No,Yes,Yes,No
True,Maybe,No,No,No,Maybe,Yes,Woman,0,0,1,1,0,0,0,0,Junior,0,1,0,0,0,Woman,0,0,0,0,0,0,0,1,0,0,0,0,1,1,1,1,1,1,0,0,1,1,0,0,0,1,0,0,0,Computer Science,1,0,0,0,0,0,0,No,No,No,No,No
False,Maybe,Yes,No,Maybe,Yes,Yes,Man,1,1,1,1,1,1,1,0,Sophomore,1,1,0,1,1,Man,1,0,0,0,0,1,1,0,0,0,0,0,1,1,1,1,1,1,0,1,1,1,1,0,0,0,0,0,0,Computer Science,0,0,0,1,0,0,0,No,No,No,Yes,No
True,Maybe,Maybe,Maybe,Maybe,Maybe,Maybe,Man,0,0,1,1,0,0,0,0,Senior,0,0,0,0,1,Man,0,0,0,0,0,0,0,0,0,0,0,0,0,0,0,0,0,0,0,0,0,1,0,0,0,1,0,0,0,Computer Science,0,0,0,1,0,0,0,No,No,Yes,Yes,No
True,Yes,Maybe,Maybe,Yes,Yes,Yes,Man,0,0,1,0,0,0,0,0,Senior,0,0,1,0,0,Man,0,0,0,0,0,0,0,0,0,0,0,0,0,0,0,0,0,0,0,0,1,0,0,0,0,1,0,0,0,Computer Science,0,0,0,0,0,0,0,No,No,Yes,Prefer not to say,Yes
True,Yes,Yes,No,No,Yes,Yes,Woman,0,1,0,1,1,0,1,1,Junior,1,0,1,0,1,Woman,0,0,0,0,0,0,0,0,0,0,0,0,1,1,0,0,1,0,0,0,0,1,0,0,0,1,0,0,0,Computer Science,1,0,0,1,0,0,0,No,No,No,No,No
False,Yes,Yes,No,No,No,Yes,Man,0,1,1,0,1,0,1,1,Sophomore,1,0,1,0,1,Man,0,0,0,0,0,0,0,0,0,0,0,0,1,1,1,0,1,1,0,1,1,0,0,0,0,1,0,0,0,Computer Science,0,0,0,1,0,0,0,No,No,No,No,No
True,No,Maybe,No,Maybe,Yes,Yes,Man,1,1,1,1,0,0,1,0,Junior,0,1,1,0,1,Man,0,0,0,0,0,0,0,0,0,0,0,0,1,1,1,1,1,1,0,0,0,1,0,0,0,0,0,0,1,Computer Science,0,0,0,1,0,0,0,No,No,No,No,No
True,Maybe,Maybe,No,Yes,Maybe,Yes,Woman,0,1,1,1,1,1,1,1,Freshman,0,1,0,0,0,Woman,0,0,0,0,0,0,0,0,0,0,0,0,1,1,1,1,1,1,0,0,0,0,0,0,0,1,0,0,0,Computer Science,0,0,0,1,0,0,0,No,No,No,No,No
True,Maybe,No,No,Yes,Yes,Maybe,Man,1,0,1,1,1,0,0,0,Senior,0,0,0,0,1,Man,0,0,0,0,0,0,0,0,0,0,0,0,0,0,0,0,0,0,0,0,0,1,0,0,0,1,0,0,0,Computer Science,0,0,0,1,0,0,0,No,No,No,Yes,No
True,Maybe,No,No,Yes,Yes,Maybe,Man,1,0,1,1,1,0,0,0,Senior,0,0,0,0,1,Man,0,0,0,0,0,0,0,0,0,0,0,0,0,0,0,0,0,0,0,0,0,1,0,0,0,1,0,0,0,Computer Science,0,0,0,1,0,0,0,No,No,No,Yes,No
True,Yes,Yes,No,Maybe,Maybe,No,Woman,0,1,1,1,1,0,1,0,Junior,0,1,0,0,1,Woman,0,0,0,0,0,0,0,0,0,0,0,0,1,1,1,1,1,1,0,0,0,1,0,0,0,1,0,0,0,Informatics,0,0,0,1,0,0,0,No,No,No,No,Yes
True,Yes,Yes,No,Maybe,Maybe,No,Woman,0,1,1,1,1,0,1,0,Junior,0,1,0,0,1,Woman,0,0,0,0,0,0,0,0,0,0,0,0,1,1,1,1,1,1,0,0,0,1,0,0,0,1,0,0,0,Informatics,0,0,0,1,0,0,0,No,No,No,No,Yes
True,Yes,Yes,No,Maybe,Maybe,No,Woman,0,1,1,1,1,0,1,0,Junior,0,1,0,0,1,Woman,0,0,0,0,0,0,0,0,0,0,0,0,1,1,1,1,1,1,0,0,0,1,0,0,0,1,0,0,0,Informatics,0,0,0,1,0,0,0,No,No,No,No,Yes
True,Maybe,No,No,Yes,Yes,Yes,Man,0,1,1,1,1,0,1,1,Sophomore,1,1,1,0,1,Man,0,0,0,0,0,0,0,0,0,0,0,0,1,1,1,1,0,1,0,0,0,1,0,0,0,1,0,0,0,Engineering-based,0,0,0,1,0,0,0,No,No,No,No,No
True,Yes,No,No,Yes,Yes,Yes,Man,1,1,1,1,1,1,0,0,Junior,1,0,1,0,0,Man,0,0,0,0,0,0,0,0,0,0,0,0,1,1,1,1,1,1,0,0,0,1,0,0,0,0,0,0,1,Computer Science,0,0,0,1,0,0,0,No,No,No,No,No
True,No,No,No,Maybe,Yes,Yes,Man,1,0,0,1,1,0,1,0,Senior,1,0,1,0,0,Man,0,0,0,0,0,0,0,0,0,0,0,0,1,1,1,1,1,1,0,0,0,1,0,0,0,0,0,0,1,Engineering-based,1,0,0,0,0,0,0,No,No,No,No,No
True,Maybe,Yes,No,Yes,Yes,Yes,Woman,0,1,1,1,1,0,1,0,Sophomore,0,1,0,1,1,Woman,0,0,0,0,0,0,0,0,0,0,0,0,1,1,1,1,1,1,0,0,1,1,0,0,0,1,0,0,0,Computer Science,0,1,0,0,0,0,0,No,No,No,No,No
True,Yes,No,No,Yes,Yes,Yes,Woman,1,0,0,0,1,1,1,0,Freshman,0,0,1,0,0,Woman,0,0,0,0,0,0,0,1,0,0,0,0,1,1,1,1,0,1,0,0,1,0,0,0,0,1,0,0,0,Computer Science,0,1,0,0,0,0,0,No,No,No,No,No
True,Maybe,No,No,Maybe,Yes,Yes,Woman,0,1,1,1,1,0,0,0,Freshman,1,0,1,0,1,Woman,0,1,0,0,0,0,0,1,0,0,0,0,1,1,0,0,0,0,0,1,1,0,0,0,0,1,0,0,0,Computer Science,0,0,0,1,0,0,0,No,No,No,No,No
True,No,No,No,Yes,No,Yes,Woman,1,0,1,0,1,1,1,0,Freshman,1,1,0,0,0,Woman,0,1,0,0,0,0,0,1,0,0,0,0,1,1,1,1,1,1,0,0,1,1,0,0,0,1,0,0,0,Computer Science,0,0,0,1,0,0,0,No,No,No,No,Yes
True,Maybe,No,No,No,Maybe,Yes,Man,1,0,0,1,1,0,1,0,Freshman,1,0,0,0,0,Man,1,0,0,0,1,0,0,0,0,0,0,0,1,1,1,1,0,0,0,0,0,0,0,1,0,0,0,0,0,Computer Science,0,0,0,1,0,0,0,No,No,Yes,Yes,No
True,No,Maybe,Yes,Yes,Maybe,Yes,Woman,0,0,1,0,1,1,0,0,Freshman,0,1,1,0,0,Woman,0,0,0,0,0,0,1,0,0,0,0,1,1,1,1,1,1,1,0,0,1,0,0,0,0,1,0,0,0,Undecided,0,0,0,1,0,0,0,No,No,No,No,No
True,Maybe,Yes,Maybe,Maybe,Yes,Yes,Woman,0,1,0,0,1,1,1,0,Freshman,0,1,1,0,0,Woman,0,0,0,0,0,0,0,0,0,0,0,0,1,1,1,1,1,1,0,0,1,0,0,0,0,1,0,0,0,Computer Science,0,0,0,1,0,0,0,No,No,No,No,No
True,Yes,No,No,Yes,Yes,Yes,Man,1,0,0,1,1,0,1,0,Freshman,1,0,0,0,1,Man,0,0,0,0,0,0,0,0,0,0,0,0,1,1,1,1,1,1,0,0,1,1,0,0,0,1,0,0,0,Computer Science,0,0,0,1,0,0,0,No,No,No,No,No
True,Maybe,No,No,Yes,Yes,Yes,Man,1,1,1,1,1,0,0,0,Sophomore,0,0,1,0,0,Man,0,0,0,0,0,0,0,0,0,0,0,0,1,1,1,1,1,1,0,0,0,0,0,0,0,1,0,0,0,Engineering-based,0,0,0,1,0,0,0,No,Yes,Yes,No,No
True,Maybe,Maybe,No,Yes,Yes,Maybe,Man,1,0,1,1,1,0,1,0,Freshman,1,0,1,0,0,Man,0,0,0,0,0,0,0,0,0,0,0,0,1,1,1,1,1,1,0,0,0,0,0,0,0,1,0,0,0,Computer Science,0,0,0,1,0,0,0,No,No,Yes,Prefer not to say,No
True,Yes,No,No,Yes,Yes,Yes,Man,1,0,1,1,1,0,1,1,Junior,1,0,0,0,0,Man,0,0,0,0,0,0,1,0,0,0,0,0,1,1,0,0,0,0,0,0,0,1,1,0,0,0,0,0,0,Mathematics,0,0,0,1,0,0,0,No,No,Yes,No,No
True,Maybe,Yes,No,Maybe,Yes,Yes,Woman,1,0,1,1,1,1,1,0,Freshman,0,0,1,1,0,Woman,0,0,0,0,0,0,1,1,0,0,1,0,1,1,1,1,1,1,0,1,1,1,0,0,0,1,0,0,0,Computer Science,0,0,0,1,0,0,0,No,No,Yes,No,No
True,Yes,Maybe,No,No,Maybe,Yes,Woman,1,0,1,1,1,1,0,0,Junior,1,0,1,0,0,Woman,1,0,0,0,0,0,1,1,0,0,0,0,1,1,1,1,1,1,0,0,1,1,0,0,0,1,0,0,1,Engineering-based,0,0,0,1,0,0,0,No,No,No,No,No
True,No,Yes,No,Maybe,Maybe,No,Woman,0,0,1,1,1,0,1,1,Junior,0,0,1,0,0,Woman,0,0,0,0,0,0,0,0,0,0,0,0,1,1,1,0,0,0,0,0,0,1,0,0,0,1,0,0,0,Engineering-based,0,0,0,1,0,0,0,No,No,No,Yes,Yes
True,No,Maybe,No,No,Maybe,Yes,Man,0,1,1,1,0,0,0,0,Sophomore,1,0,1,0,0,Man,0,0,0,0,0,0,0,0,0,0,0,0,1,0,1,0,0,1,0,1,0,0,0,0,0,1,0,0,0,Engineering-based,0,0,0,1,0,0,0,No,No,Yes,Yes,No
True,Yes,Yes,No,Yes,Maybe,Yes,Woman,0,0,1,1,1,1,1,1,Senior,1,0,1,0,1,Woman,0,0,0,0,0,0,0,1,0,0,0,0,1,1,1,1,1,1,0,0,1,1,0,0,0,1,0,0,0,Undecided,0,0,0,1,0,0,0,No,No,No,No,No
True,Yes,No,No,Yes,Yes,Maybe,Man,0,0,1,1,1,1,1,0,Senior,0,1,1,0,0,Man,0,0,0,0,0,0,0,0,0,0,0,0,0,0,0,0,0,0,0,0,1,0,0,0,0,1,0,0,0,Computer Science,0,0,0,1,0,0,0,No,No,No,Yes,No
False,Yes,Yes,No,Maybe,Yes,Yes,Man,1,0,1,1,1,0,1,1,Sophomore,1,1,1,1,1,Man,0,0,0,0,0,0,0,0,0,0,0,0,1,1,1,1,0,1,0,0,1,1,0,0,0,1,0,0,0,Computer Science,0,0,0,1,0,0,0,No,No,No,No,Yes
True,Maybe,No,No,Yes,Yes,Maybe,Man,1,1,1,1,1,1,1,1,Junior,1,1,1,0,0,Man,1,1,0,0,0,0,1,1,0,0,0,0,1,1,1,1,1,1,0,0,1,0,0,0,0,0,0,0,1,Engineering-based,0,0,0,1,0,0,0,No,No,No,Yes,No
False,Maybe,No,No,No,Yes,Yes,Man,1,0,1,1,1,0,1,1,Junior,1,1,1,1,1,Man,0,0,0,0,0,0,0,0,0,0,0,0,1,1,1,1,0,1,0,0,1,1,0,0,0,1,0,0,0,Computer Science,0,0,0,1,0,0,0,No,No,No,No,No
True,Maybe,No,No,Yes,Maybe,Yes,Woman,0,0,0,0,1,0,1,1,Freshman,1,0,1,0,0,Woman,0,0,0,0,0,0,0,0,0,0,0,0,1,1,1,1,1,1,0,0,1,1,0,0,0,1,0,0,0,Computer Science,0,0,0,1,0,0,0,No,No,No,No,No
True,Yes,No,No,Yes,Yes,Yes,Man,1,0,1,1,1,0,1,1,Junior,1,0,1,0,1,Man,0,0,0,0,0,0,0,0,0,0,0,0,1,1,1,0,0,0,0,0,0,1,0,1,0,0,0,0,1,Computer Science,0,0,0,1,0,0,0,No,No,Yes,No,No
True,Yes,Yes,Yes,Yes,Yes,Yes,Man,0,0,1,1,0,0,0,0,Graduate Student,1,0,0,0,0,Man,1,0,0,0,0,0,1,0,0,0,0,0,1,0,0,0,0,0,0,0,0,1,0,0,0,1,0,0,0,Computer Science,0,0,0,1,0,0,0,No,No,Yes,Prefer not to say,Yes
True,Maybe,No,No,No,Yes,Yes,Man,1,1,1,1,1,1,1,1,Junior,1,0,0,0,0,Man,0,0,0,0,0,0,0,0,0,0,0,0,1,1,1,1,1,1,0,0,0,1,0,0,1,0,0,0,0,Computer Science,0,0,0,1,0,0,0,No,No,Yes,No,No
True,Maybe,No,No,Maybe,Yes,Yes,Woman,1,0,1,1,1,1,1,0,Junior,0,1,0,1,1,Woman,1,1,0,0,1,1,1,1,0,0,0,0,1,1,1,1,1,1,0,1,1,1,0,1,0,0,0,0,0,Computer Science,0,1,0,0,0,0,0,No,Yes,Yes,Yes,No
True,No,Yes,No,Yes,No,Yes,Prefer not to say,1,0,1,1,1,0,1,1,Senior,1,0,1,0,1,Other,0,0,0,0,0,0,1,1,1,0,0,0,1,1,1,1,1,1,0,0,0,1,0,0,0,0,0,0,0,Computer Science,0,0,0,0,0,0,0,Prefer not to say,Prefer not to say,Prefer not to say,Prefer not to say,Prefer not to say
True,Yes,Maybe,No,No,Maybe,Yes,Woman,0,0,1,1,1,0,0,0,Junior,0,1,0,1,0,Woman,0,0,0,0,0,0,1,1,0,0,0,0,1,1,1,1,1,1,0,1,1,0,0,0,0,1,0,0,0,Undecided,0,1,0,0,0,0,0,No,No,No,No,No
True,Maybe,Maybe,No,Maybe,Yes,Yes,Man,0,1,1,1,1,0,1,1,Freshman,0,1,1,1,1,Man,0,0,0,0,0,0,0,0,1,0,0,0,1,1,1,1,1,1,0,0,1,0,0,0,0,1,0,0,0,Computer Science,0,0,1,0,0,0,0,No,No,Yes,No,No
True,Yes,No,No,No,Maybe,Yes,Woman,0,1,1,0,1,0,0,0,Freshman,0,1,0,0,1,Woman,0,0,0,0,0,0,0,1,0,0,0,0,1,1,1,1,0,1,0,0,1,0,0,0,0,1,0,0,0,Computer Science,0,1,0,0,0,0,0,No,No,No,No,No
True,Yes,No,No,Yes,Maybe,Yes,Man,1,0,1,1,0,0,1,1,Sophomore,0,0,1,0,0,Man,0,0,0,0,0,0,0,0,0,0,0,0,1,1,0,1,0,0,0,0,0,1,0,1,0,0,0,0,1,Engineering-based,0,0,0,1,0,0,0,No,No,No,No,No
True,Yes,Yes,No,No,No,Yes,Woman,0,1,1,0,1,1,0,0,Junior,0,0,1,1,0,Woman,0,1,0,0,0,0,0,1,0,0,0,0,1,1,0,0,0,0,0,1,1,0,0,0,0,1,0,0,0,Computer Science,0,0,0,1,0,0,0,No,No,No,No,No
True,Maybe,Yes,No,Yes,Yes,Yes,Woman,1,0,1,1,1,0,1,1,Freshman,1,1,1,1,1,Woman,0,0,0,0,0,0,0,0,0,0,0,0,1,1,0,1,0,0,0,1,1,1,0,0,0,1,0,0,0,Computer Science,0,0,0,1,0,0,0,No,No,No,No,No
True,Yes,Maybe,No,Yes,Yes,Maybe,Man,1,0,0,1,1,0,1,0,Sophomore,1,0,1,0,1,Man,0,0,0,0,0,0,0,0,0,0,0,0,1,1,1,1,1,1,0,0,0,1,0,0,0,1,0,0,0,Computer Science,0,0,0,1,0,0,0,No,No,No,No,Yes
True,Yes,No,No,Yes,Yes,Yes,Woman,1,0,1,1,1,0,0,1,Junior,0,1,0,1,1,Woman,0,0,0,0,0,0,0,0,0,0,0,0,1,1,1,1,1,1,0,0,1,1,0,0,0,1,0,0,0,Engineering-based,0,0,0,1,0,0,0,No,No,No,No,No
True,No,No,No,Maybe,Yes,Yes,Woman,0,1,1,1,1,1,0,0,Freshman,0,1,1,1,1,Woman,0,0,0,0,0,0,0,0,0,0,0,0,1,1,1,1,1,1,0,1,1,0,0,0,0,0,0,0,1,Engineering-based,0,0,1,0,0,0,0,No,Yes,No,No,No
True,Maybe,No,No,Yes,Yes,Yes,Woman,1,0,1,1,1,1,1,1,Freshman,0,0,1,0,1,Woman,0,0,0,0,0,0,0,0,0,0,0,0,1,1,1,1,0,0,0,0,0,1,0,0,0,1,0,0,0,Computer Science,0,0,0,1,0,0,0,No,No,No,No,No
True,Maybe,No,No,No,No,Yes,Woman,0,1,1,0,1,0,1,0,Junior,0,1,1,0,0,Woman,1,0,0,0,0,0,1,1,0,0,0,0,1,1,1,1,1,1,0,1,1,0,0,0,0,1,0,0,1,Computer Science,0,0,0,0,0,1,0,No,No,No,No,No
True,Yes,Maybe,No,Maybe,No,Yes,Woman,0,1,1,0,0,1,0,1,Sophomore,0,1,0,1,0,Woman,1,1,0,0,0,0,0,0,0,0,0,0,1,1,1,1,1,1,0,1,1,0,0,0,0,1,0,0,1,Computer Science,0,0,0,1,0,0,0,No,No,No,No,No
True,Yes,Yes,No,No,Yes,Yes,Man,1,1,1,1,1,0,1,0,Junior,0,0,1,0,1,Man,1,0,0,0,0,1,1,0,0,0,0,1,1,1,1,1,1,1,0,1,1,1,0,0,0,0,0,0,1,Engineering-based,0,0,0,1,0,0,0,No,No,No,No,No
True,Yes,Yes,No,Yes,Yes,Yes,Woman,0,1,1,1,1,1,0,0,Senior,1,1,1,1,1,Woman,0,0,0,0,0,0,0,1,0,0,0,0,1,1,1,1,0,1,0,1,1,1,0,0,0,0,0,0,0,Computer Science,0,0,0,1,0,0,0,No,No,No,No,No
True,Yes,No,No,Yes,Maybe,Maybe,Man,1,0,1,1,0,1,1,1,Junior,1,0,1,0,1,Man,0,0,0,0,0,1,0,0,0,0,0,0,0,1,0,1,0,1,0,0,1,1,0,0,0,0,0,0,0,Computer Science,0,0,0,0,0,0,0,No,No,No,No,No
True,Yes,No,No,Maybe,Yes,Yes,Man,1,1,0,0,1,0,1,0,Senior,1,0,1,0,1,Man,0,0,0,0,0,0,0,0,0,0,0,0,1,1,1,1,0,0,0,0,0,1,0,0,0,1,0,0,0,Computer Science,0,0,0,1,0,0,0,No,No,No,No,No
True,Yes,No,No,Yes,Maybe,Yes,Man,1,0,1,1,1,0,0,0,Sophomore,1,0,1,0,1,Man,0,0,0,0,0,0,1,0,0,0,0,1,1,0,1,1,0,1,0,1,1,0,0,0,0,0,0,0,1,Computer Science,0,1,0,0,0,0,0,No,No,No,No,No
True,Yes,Yes,No,No,No,Yes,Woman,0,1,0,1,1,0,1,1,Freshman,0,1,1,0,1,Woman,1,1,0,0,0,0,0,0,0,0,0,0,1,1,1,1,0,0,0,0,0,1,0,0,0,1,0,0,0,Computer Science,0,0,0,1,0,0,0,No,No,No,No,Yes
True,No,Yes,Yes,No,No,Maybe,Man,0,1,1,0,0,1,0,0,Sophomore,0,0,0,0,1,Man,1,0,0,0,1,0,1,0,0,0,1,0,1,0,0,0,0,0,0,1,0,0,0,0,0,1,0,0,0,Computer Science,0,0,0,1,0,0,0,No,No,Yes,Yes,No
True,Yes,No,No,Yes,Yes,Yes,Man,1,0,1,1,1,1,1,1,Sophomore,1,0,1,0,0,Man,0,0,0,0,0,0,0,0,0,0,0,0,1,1,1,1,0,1,0,0,0,0,0,0,0,0,0,0,1,Computer Science,0,0,0,1,0,0,0,No,No,No,No,No
True,No,No,No,Maybe,Yes,Yes,Man,1,0,1,1,1,0,1,1,Freshman,0,0,0,0,0,Man,0,0,0,0,0,0,0,0,0,0,0,0,1,1,1,1,1,1,0,0,0,1,0,0,0,0,0,0,1,Computer Science,0,0,0,1,0,0,0,No,No,No,No,No
True,Yes,No,No,No,Yes,Yes,Woman,1,0,0,0,1,1,0,0,Junior,1,0,1,0,0,Woman,0,0,0,0,0,0,0,0,0,0,0,0,1,1,1,1,1,1,0,1,1,0,0,0,0,1,0,0,0,Computer Science,0,0,0,1,0,0,0,No,No,No,No,No
True,Maybe,No,No,Yes,Yes,Maybe,Man,1,0,1,1,1,0,1,0,Senior,1,0,0,0,1,Man,0,0,0,0,0,0,0,0,0,0,0,0,0,0,0,0,0,0,0,0,0,1,0,0,0,0,0,0,1,Computer Science,0,0,0,1,0,0,0,No,No,No,No,No
True,No,Yes,No,No,No,Yes,Woman,0,1,1,0,0,1,0,0,Senior,0,1,0,1,0,Woman,0,0,0,0,0,0,0,1,0,0,0,0,1,1,1,1,1,1,0,1,1,1,0,0,0,0,0,0,1,Computer Science,0,1,0,0,0,0,0,No,Yes,No,No,No
True,Yes,No,Yes,No,No,Yes,Woman,0,1,0,0,0,1,0,0,Junior,0,1,0,1,0,Woman,0,0,0,0,0,0,0,0,0,0,0,0,1,1,1,1,0,1,0,1,1,0,0,0,0,0,0,0,1,Computer Science,0,0,1,0,0,1,0,No,Yes,Yes,Yes,No
True,Yes,No,No,No,No,No,Man,1,1,1,1,1,1,0,0,Freshman,1,0,1,0,1,Man,0,0,0,0,0,0,0,0,0,0,0,0,1,1,0,0,0,0,0,1,1,1,0,0,0,0,0,0,1,Computer Science,0,0,0,1,0,0,0,No,No,No,No,No
True,Yes,Yes,No,No,Yes,Yes,Woman,1,1,1,1,1,1,0,0,Junior,0,1,1,1,1,Woman,0,1,0,0,0,0,0,1,0,0,0,0,1,1,1,1,1,1,0,0,1,1,0,0,0,0,0,0,1,Computer Science,0,0,0,1,0,0,0,No,No,No,No,No
True,Maybe,Yes,Maybe,No,No,Yes,Woman,0,1,1,1,1,1,1,1,Junior,0,1,0,1,0,Woman,1,1,0,0,1,1,1,1,0,0,1,0,1,1,1,1,1,1,0,1,1,1,0,1,0,0,0,0,0,Statistics/DS,0,0,0,1,0,0,0,No,No,Yes,Yes,No
True,Maybe,No,No,No,Yes,Yes,Man,0,1,0,1,1,0,1,0,Sophomore,1,1,1,0,1,Man,0,0,0,0,0,0,0,0,0,0,0,0,1,1,1,1,0,1,0,0,0,0,1,0,0,0,0,0,0,Computer Science,0,0,1,0,0,0,0,No,No,No,No,No
True,Maybe,Yes,No,No,Maybe,Yes,Woman,0,1,1,1,1,1,0,0,Senior,1,1,1,1,1,Woman,0,0,0,0,0,0,0,1,0,0,0,0,1,1,1,1,1,1,0,1,1,1,0,0,0,0,0,0,1,Computer Science,0,1,0,0,0,0,0,Yes,No,No,No,No
True,Maybe,No,No,Yes,Yes,Yes,Man,1,0,1,1,1,0,1,0,Junior,0,0,0,0,0,Man,0,0,0,0,0,0,0,0,0,0,0,0,1,1,0,1,0,1,0,0,0,1,0,0,0,1,0,0,0,Computer Science,0,0,0,0,0,0,0,Prefer not to say,Prefer not to say,No,No,No
True,No,No,No,Yes,Yes,No,Man,0,1,1,1,1,1,0,0,Freshman,1,0,1,0,1,Man,0,0,0,0,0,0,0,0,0,0,0,0,0,1,1,0,0,0,0,0,0,1,0,0,0,1,0,0,1,Computer Science,0,0,0,1,0,0,0,No,No,No,No,No
True,No,No,No,Yes,Yes,No,Man,0,1,1,1,1,1,0,0,Freshman,1,0,1,0,1,Man,0,0,0,0,0,0,0,0,0,0,0,0,0,1,1,0,0,0,0,0,0,1,0,0,0,1,0,0,1,Computer Science,0,0,0,1,0,0,0,No,No,No,No,No
True,No,No,No,Maybe,No,Yes,Man,1,0,1,1,1,0,1,0,Sophomore,0,0,1,0,1,Man,0,0,0,0,0,0,0,0,0,0,0,0,1,1,1,1,1,1,0,0,1,1,0,0,0,0,0,0,1,Computer Science,0,0,0,1,0,0,0,No,No,No,No,No
True,Yes,Yes,No,Maybe,No,Yes,Woman,0,1,1,0,1,1,1,1,Sophomore,0,0,1,0,1,Woman,1,0,0,0,0,1,1,0,0,0,0,1,1,1,1,1,0,1,0,1,1,0,0,0,0,0,0,0,1,Computer Science,0,0,0,1,0,0,0,No,No,No,No,No
True,Yes,Yes,No,Yes,No,Yes,Woman,1,1,1,1,1,0,1,1,Junior,1,0,1,0,1,Woman,0,0,0,0,0,0,0,0,0,0,0,0,1,1,1,1,1,1,0,0,0,1,0,0,0,0,0,0,1,Computer Science,0,1,0,1,0,0,0,No,Yes,Yes,No,No
True,Yes,Yes,No,Yes,Maybe,Yes,Woman,0,1,1,0,1,1,0,1,Sophomore,0,0,1,1,1,Woman,0,1,0,0,0,0,0,1,0,1,0,0,1,1,1,1,0,1,0,1,1,0,0,0,0,0,0,0,1,Computer Science,0,0,0,1,0,0,0,No,Yes,No,No,No
True,Maybe,Yes,No,No,Yes,Yes,Woman,0,1,1,1,1,0,1,0,Sophomore,1,0,1,1,1,Woman,1,0,0,0,0,1,0,1,0,0,0,0,1,1,1,1,0,1,0,0,1,1,0,0,0,1,0,0,0,Computer Science,0,0,0,1,0,0,0,No,No,No,No,No
True,Yes,Yes,No,Yes,Maybe,Yes,Woman,0,1,1,1,1,0,1,1,Sophomore,0,0,0,0,1,Woman,0,0,0,0,0,0,1,0,0,0,0,0,1,1,1,1,1,1,0,0,1,1,1,0,0,1,0,0,0,Computer Science,0,0,0,1,0,0,0,No,No,Yes,No,No
True,Maybe,Yes,No,Maybe,No,Yes,Woman,0,1,1,1,1,0,1,0,Junior,0,0,0,1,1,Woman,0,0,0,0,0,0,0,0,0,0,0,0,1,1,1,1,1,1,0,0,1,1,0,0,0,1,0,0,0,Computer Science,0,0,0,1,0,0,0,No,No,No,No,No
True,No,Yes,No,Yes,Maybe,Yes,Woman,0,0,1,1,1,0,0,0,Sophomore,0,1,0,1,1,Woman,0,1,0,0,0,0,0,1,0,0,0,0,1,1,1,1,1,1,0,1,0,0,0,0,0,1,0,0,0,Computer Science,0,0,0,1,0,0,0,No,No,No,No,No
True,Maybe,Yes,No,Maybe,No,Yes,Woman,0,1,1,1,1,1,0,0,Sophomore,0,1,0,1,1,Woman,0,0,0,0,0,0,0,0,0,0,0,0,1,1,1,1,1,1,0,1,1,0,0,0,0,1,0,0,0,Computer Science,0,0,0,0,0,0,0,No,Prefer not to say,No,No,No
True,Maybe,Maybe,Yes,No,Maybe,Yes,Woman,0,1,1,1,1,1,0,0,Freshman,1,0,1,0,1,Woman,0,0,0,0,0,0,0,0,0,0,0,0,1,1,1,1,1,1,0,1,1,0,0,0,0,1,0,0,0,Engineering-based,0,0,0,1,0,0,0,No,No,Yes,Yes,No
True,No,Yes,No,Maybe,Maybe,Yes,Woman,1,1,1,1,1,0,1,0,Junior,0,1,0,1,0,Woman,0,0,0,0,0,0,0,1,1,0,0,0,1,1,1,1,1,1,0,0,0,1,0,0,0,0,0,0,1,Computer Science,0,0,1,0,0,1,0,No,No,No,No,No
True,Maybe,Maybe,No,Yes,Maybe,Yes,Woman,0,1,1,0,1,1,1,0,Sophomore,0,1,1,1,0,Woman,0,0,0,0,0,0,0,1,0,0,0,0,1,1,1,1,1,1,0,1,1,1,0,0,0,1,0,0,0,Computer Science,0,1,0,0,0,0,0,No,No,No,No,No
True,No,Yes,No,Yes,No,Yes,Woman,1,0,1,1,1,0,1,0,Sophomore,1,1,1,1,0,Woman,0,1,0,0,0,0,0,1,0,0,0,0,1,1,1,1,1,1,0,1,1,1,0,0,0,1,0,0,0,Computer Science,0,1,0,0,0,0,0,No,No,No,No,No
True,No,Yes,Maybe,No,No,Yes,Woman,0,1,1,1,0,0,0,0,Senior,0,0,0,0,0,Woman,0,0,0,0,0,0,1,0,1,0,0,0,1,1,1,1,0,1,0,1,0,1,0,0,0,1,0,0,0,Computer Science,0,1,0,0,0,0,0,No,No,Yes,Yes,No
True,No,Maybe,No,Yes,Maybe,Yes,Woman,0,1,1,1,1,1,1,1,Sophomore,0,1,0,1,0,Woman,0,0,0,1,0,0,0,0,0,0,0,0,1,1,0,1,0,0,0,0,0,0,0,0,0,1,0,0,0,Computer Science,0,0,0,1,0,0,0,No,Yes,Yes,No,No
True,Maybe,No,No,Yes,Yes,Yes,Woman,0,1,0,1,1,0,0,0,Freshman,1,0,1,0,0,Woman,0,0,0,0,0,0,0,0,0,0,0,0,1,1,1,1,0,1,0,0,1,0,0,0,0,1,0,0,0,Computer Science,0,0,0,1,0,0,0,No,No,No,No,No
True,Yes,Maybe,No,Yes,Yes,Yes,Man,1,1,1,1,1,1,1,1,Junior,1,1,1,1,1,Man,0,0,0,0,0,0,0,0,0,0,0,0,0,0,0,0,0,0,0,0,0,1,0,0,0,1,0,0,0,Computer Science,0,0,0,0,0,0,0,No,No,Yes,No,No
True,No,Yes,Maybe,No,No,Yes,Woman,0,1,1,0,0,1,0,0,Sophomore,0,1,0,1,1,Woman,0,0,0,0,0,0,1,1,1,0,0,0,1,1,1,1,1,1,0,1,1,0,0,0,0,1,0,0,0,Computer Science,0,0,0,1,0,0,0,No,No,No,No,No
True,No,Yes,No,No,No,Yes,Woman,1,1,1,0,0,0,0,0,Senior,1,0,1,0,0,Woman,0,1,0,0,0,0,0,1,0,0,0,0,1,1,0,1,0,1,0,1,1,1,0,0,0,0,0,0,1,Computer Science,0,0,0,1,0,0,0,No,No,No,No,No
True,Yes,Yes,No,Maybe,Maybe,Yes,Woman,1,0,0,1,0,0,0,0,Sophomore,0,1,1,0,0,Woman,0,0,0,0,0,0,1,1,0,0,0,0,1,1,1,1,1,1,0,0,0,0,0,0,0,1,0,0,1,Computer Science,0,1,0,0,0,0,0,No,No,No,No,No
True,Yes,No,No,Yes,No,Yes,Man,1,0,0,1,1,0,0,0,Junior,0,0,1,1,1,Man,0,0,0,0,0,0,0,0,0,0,0,0,1,1,1,1,1,1,0,0,0,1,0,0,0,0,0,0,1,Statistics/DS,0,0,0,1,0,0,0,No,No,No,No,No
True,No,Yes,Yes,Yes,No,Yes,Woman,0,1,1,0,0,1,0,0,Freshman,0,1,0,1,0,Woman,1,0,0,0,0,0,1,0,0,0,0,0,1,1,1,0,0,0,0,1,1,0,1,0,0,0,0,0,0,Computer Science,0,1,0,0,0,0,0,No,No,No,No,No
True,No,Yes,No,No,No,Yes,Woman,0,1,1,1,1,0,0,0,Sophomore,0,1,0,1,0,Woman,0,0,0,0,0,0,0,0,0,0,0,0,1,1,1,1,1,1,0,1,0,0,0,1,0,0,0,0,0,Computer Science,0,0,0,1,0,0,0,No,No,Yes,Yes,No
True,Yes,Yes,No,Yes,Yes,Yes,Woman,0,1,1,1,1,0,1,0,Sophomore,0,0,1,1,1,Woman,0,0,0,0,0,0,0,0,0,0,0,0,1,1,1,1,0,1,0,0,0,1,0,1,0,0,0,0,1,Computer Science,0,0,0,1,0,0,0,No,No,No,No,No
True,No,Maybe,No,Yes,Maybe,Yes,Woman,1,1,1,1,1,0,0,0,Freshman,0,0,1,0,1,Woman,1,0,0,0,1,0,0,0,0,0,0,0,1,1,1,1,0,1,0,0,0,1,0,0,0,1,0,0,0,Life Sciences,0,0,0,1,0,0,0,No,No,Yes,No,No
True,Yes,Yes,No,Yes,Yes,Yes,Woman,0,1,1,0,1,1,0,0,Freshman,0,1,1,1,0,Woman,0,0,0,0,0,1,0,1,0,0,0,0,0,1,0,1,1,1,0,1,1,0,0,0,0,1,0,0,0,Computer Science,0,0,0,1,0,0,0,No,No,No,No,Yes
True,Maybe,Maybe,Maybe,No,No,Yes,Woman,0,1,1,1,1,0,0,0,Sophomore,0,1,1,0,1,Woman,0,0,0,0,0,0,0,0,0,0,0,0,1,1,1,1,0,1,0,1,1,0,0,0,0,1,0,0,0,Computer Science,0,1,0,0,0,0,0,No,No,No,Yes,No
True,Maybe,Yes,No,Maybe,Yes,Yes,Woman,1,0,1,1,1,1,1,0,Freshman,0,1,1,0,1,Woman,1,0,0,0,0,0,0,0,0,0,0,0,1,1,1,1,1,1,0,1,1,0,0,0,1,0,0,0,0,Computer Science,0,0,0,0,0,1,0,No,No,No,No,No
True,Yes,No,No,No,Yes,Yes,Non-binary,1,0,1,1,1,0,1,0,Senior,0,1,1,1,1,Other,0,0,0,0,0,0,0,0,0,0,0,0,1,1,1,1,1,1,0,1,1,1,0,0,0,0,0,0,1,Computer Science,0,0,1,0,0,0,0,Yes,No,No,Yes,No
True,Yes,No,No,Yes,Yes,Yes,Woman,0,0,1,1,1,0,0,0,Freshman,1,0,1,0,0,Woman,0,0,0,0,0,0,0,0,0,0,0,0,1,1,1,1,1,1,0,0,1,0,0,0,0,1,0,0,0,Computer Science,0,0,0,1,0,0,0,No,No,No,No,No
True,Yes,No,No,Yes,Yes,Yes,Woman,0,1,1,1,1,0,1,1,Sophomore,0,1,1,1,1,Woman,0,0,0,0,0,0,0,1,0,0,0,0,1,1,1,1,1,1,0,0,0,1,0,0,0,1,0,0,0,Computer Science,1,0,0,1,0,0,0,No,No,No,No,No
True,Yes,Maybe,No,No,Maybe,Yes,Woman,0,1,1,1,1,0,1,1,Sophomore,1,0,1,0,1,Woman,0,0,0,0,0,0,0,0,0,0,0,0,1,1,1,1,1,1,0,0,1,1,0,0,0,0,0,0,1,Computer Science,0,0,0,1,0,0,0,No,No,No,Yes,Yes
True,No,No,No,No,No,Yes,Man,0,0,1,1,1,1,0,0,Sophomore,0,1,1,0,0,Man,1,0,0,0,0,1,1,0,0,0,0,1,1,1,1,1,1,1,0,1,1,0,1,1,0,0,0,0,0,Computer Science,0,0,0,1,0,0,0,No,No,No,Yes,No
True,No,Yes,No,Maybe,Maybe,Maybe,Woman,0,1,1,0,1,0,0,0,Freshman,0,1,0,1,0,Woman,0,0,0,0,0,0,0,0,0,0,0,0,1,1,0,0,0,0,0,1,1,0,0,0,0,1,0,0,0,Computer Science,1,0,0,1,0,0,0,No,No,No,No,No
True,Yes,Yes,No,Yes,Yes,Yes,Woman,0,1,1,1,1,1,0,0,Freshman,0,0,1,0,1,Woman,1,0,0,0,0,0,1,0,0,0,0,0,1,1,1,1,0,1,0,0,0,1,1,0,0,0,0,0,1,Computer Science,0,0,0,1,0,0,0,No,No,No,No,No
True,Maybe,No,No,No,Yes,Yes,Woman,1,0,1,1,1,0,1,1,Freshman,1,0,1,0,1,Woman,1,0,0,0,1,1,0,0,0,0,0,0,1,1,1,1,1,1,0,0,0,1,0,0,0,1,0,0,0,Computer Science,0,0,0,1,0,0,0,No,No,Yes,Yes,No
True,Maybe,Yes,No,Yes,Yes,Yes,Woman,1,0,1,1,1,0,1,1,Senior,0,1,0,1,1,Woman,0,0,0,0,0,0,1,1,1,1,1,1,1,1,1,1,1,1,0,1,1,0,0,1,0,0,0,0,0,Computer Science,0,0,1,0,0,0,0,No,Yes,Yes,Prefer not to say,No
True,No,Yes,No,No,No,Yes,Woman,0,1,0,1,1,0,1,1,Freshman,0,0,1,0,0,Woman,1,0,0,0,0,0,1,0,0,0,0,0,1,1,1,1,1,1,0,0,0,1,1,0,0,0,0,0,0,Computer Science,0,0,0,1,0,0,0,No,No,Yes,Yes,No
True,Yes,Yes,No,Maybe,Maybe,Yes,Man,1,0,1,1,1,1,1,1,Freshman,1,1,1,1,1,Man,0,0,0,0,0,0,0,0,0,0,0,0,1,1,1,1,1,1,0,1,1,1,0,0,0,1,0,0,0,Computer Science,0,0,0,1,0,0,0,No,No,No,No,No
True,Maybe,Maybe,Maybe,Maybe,Yes,No,Woman,1,0,0,0,0,0,0,0,Junior,0,0,0,0,0,Woman,0,0,0,0,0,0,0,0,0,0,0,0,1,1,1,1,0,1,0,0,0,1,0,0,0,1,0,0,0,Computer Science,0,0,0,0,0,0,0,No,Prefer not to say,Prefer not to say,No,No
True,Maybe,Maybe,Maybe,Maybe,Yes,No,Woman,1,0,0,0,0,0,0,0,Junior,0,0,0,0,0,Woman,0,0,0,0,0,0,0,0,0,0,0,0,1,1,1,1,0,1,0,0,0,1,0,0,0,1,0,0,0,Computer Science,0,0,0,0,0,0,0,No,Prefer not to say,Prefer not to say,No,No
True,Maybe,Maybe,Maybe,Maybe,Yes,No,Woman,1,0,0,0,0,0,0,0,Junior,0,0,0,0,0,Woman,0,0,0,0,0,0,0,0,0,0,0,0,1,1,1,1,0,1,0,0,0,1,0,0,0,1,0,0,0,Computer Science,0,0,0,0,0,0,0,No,Prefer not to say,Prefer not to say,No,No
True,Maybe,Maybe,Maybe,Maybe,Yes,No,Woman,1,0,0,0,0,0,0,0,Junior,0,0,0,0,0,Woman,0,0,0,0,0,0,0,0,0,0,0,0,1,1,1,1,0,1,0,0,0,1,0,0,0,1,0,0,0,Computer Science,0,0,0,0,0,0,0,No,Prefer not to say,Prefer not to say,No,No
True,Maybe,Maybe,Maybe,Maybe,Yes,No,Woman,1,0,0,0,0,0,0,0,Junior,0,0,0,0,0,Woman,0,0,0,0,0,0,0,0,0,0,0,0,1,1,1,1,0,1,0,0,0,1,0,0,0,1,0,0,0,Computer Science,0,0,0,0,0,0,0,No,Prefer not to say,Prefer not to say,No,No
True,Maybe,Maybe,Maybe,Maybe,Yes,No,Woman,1,0,0,0,0,0,0,0,Junior,0,0,0,0,0,Woman,0,0,0,0,0,0,0,0,0,0,0,0,1,1,1,1,0,1,0,0,0,1,0,0,0,1,0,0,0,Computer Science,0,0,0,0,0,0,0,No,Prefer not to say,Prefer not to say,No,No
True,Maybe,Maybe,Maybe,Maybe,Yes,No,Woman,1,0,0,0,0,0,0,0,Junior,0,0,0,0,0,Woman,0,0,0,0,0,0,0,0,0,0,0,0,1,1,1,1,0,1,0,0,0,1,0,0,0,1,0,0,0,Computer Science,0,0,0,0,0,0,0,No,Prefer not to say,Prefer not to say,No,No
True,Maybe,Maybe,Maybe,Maybe,Yes,No,Woman,1,0,0,0,0,0,0,0,Junior,0,0,0,0,0,Woman,0,0,0,0,0,0,0,0,0,0,0,0,1,1,1,1,0,1,0,0,0,1,0,0,0,1,0,0,0,Computer Science,0,0,0,0,0,0,0,No,Prefer not to say,Prefer not to say,No,No
True,Maybe,Maybe,Maybe,Maybe,Yes,No,Woman,1,0,0,0,0,0,0,0,Junior,0,0,0,0,0,Woman,0,0,0,0,0,0,0,0,0,0,0,0,1,1,1,1,0,1,0,0,0,1,0,0,0,1,0,0,0,Computer Science,0,0,0,0,0,0,0,No,Prefer not to say,Prefer not to say,No,No
True,Maybe,Maybe,Maybe,Maybe,Yes,No,Woman,1,0,0,0,0,0,0,0,Junior,0,0,0,0,0,Woman,0,0,0,0,0,0,0,0,0,0,0,0,1,1,1,1,0,1,0,0,0,1,0,0,0,1,0,0,0,Computer Science,0,0,0,0,0,0,0,No,Prefer not to say,Prefer not to say,No,No
True,Maybe,Maybe,Maybe,Maybe,Yes,No,Woman,1,0,0,0,0,0,0,0,Junior,0,0,0,0,0,Woman,0,0,0,0,0,0,0,0,0,0,0,0,1,1,1,1,0,1,0,0,0,1,0,0,0,1,0,0,0,Computer Science,0,0,0,0,0,0,0,No,Prefer not to say,Prefer not to say,No,No
True,Maybe,Maybe,Maybe,Maybe,Yes,No,Woman,1,0,0,0,0,0,0,0,Junior,0,0,0,0,0,Woman,0,0,0,0,0,0,0,0,0,0,0,0,1,1,1,1,0,1,0,0,0,1,0,0,0,1,0,0,0,Computer Science,0,0,0,0,0,0,0,No,Prefer not to say,Prefer not to say,No,No
True,Maybe,Maybe,Maybe,Maybe,Yes,No,Woman,1,0,0,0,0,0,0,0,Junior,0,0,0,0,0,Woman,0,0,0,0,0,0,0,0,0,0,0,0,1,1,1,1,0,1,0,0,0,1,0,0,0,1,0,0,0,Computer Science,0,0,0,0,0,0,0,No,Prefer not to say,Prefer not to say,No,No
True,Maybe,Maybe,Maybe,Maybe,Yes,No,Woman,1,0,0,0,0,0,0,0,Junior,0,0,0,0,0,Woman,0,0,0,0,0,0,0,0,0,0,0,0,1,1,1,1,0,1,0,0,0,1,0,0,0,1,0,0,0,Computer Science,0,0,0,0,0,0,0,No,Prefer not to say,Prefer not to say,No,No
True,Maybe,Maybe,Maybe,Maybe,Yes,No,Woman,1,0,0,0,0,0,0,0,Junior,0,0,0,0,0,Woman,0,0,0,0,0,0,0,0,0,0,0,0,1,1,1,1,0,1,0,0,0,1,0,0,0,1,0,0,0,Computer Science,0,0,0,0,0,0,0,No,Prefer not to say,Prefer not to say,No,No
True,Maybe,Maybe,Maybe,Maybe,Yes,No,Woman,1,0,0,0,0,0,0,0,Junior,0,0,0,0,0,Woman,0,0,0,0,0,0,0,0,0,0,0,0,1,1,1,1,0,1,0,0,0,1,0,0,0,1,0,0,0,Computer Science,0,0,0,0,0,0,0,No,Prefer not to say,Prefer not to say,No,No
True,Maybe,Maybe,Maybe,Maybe,Yes,No,Woman,1,0,0,0,0,0,0,0,Junior,0,0,0,0,0,Woman,0,0,0,0,0,0,0,0,0,0,0,0,1,1,1,1,0,1,0,0,0,1,0,0,0,1,0,0,0,Computer Science,0,0,0,0,0,0,0,No,Prefer not to say,Prefer not to say,No,No
True,Maybe,Maybe,Maybe,Maybe,Yes,No,Woman,1,0,0,0,0,0,0,0,Junior,0,0,0,0,0,Woman,0,0,0,0,0,0,0,0,0,0,0,0,1,1,1,1,0,1,0,0,0,1,0,0,0,1,0,0,0,Computer Science,0,0,0,0,0,0,0,No,Prefer not to say,Prefer not to say,No,No
True,Maybe,Maybe,Maybe,Maybe,Yes,No,Woman,1,0,0,0,0,0,0,0,Junior,0,0,0,0,0,Woman,0,0,0,0,0,0,0,0,0,0,0,0,1,1,1,1,0,1,0,0,0,1,0,0,0,1,0,0,0,Computer Science,0,0,0,0,0,0,0,No,Prefer not to say,Prefer not to say,No,No
True,Maybe,Maybe,Maybe,Maybe,Yes,No,Woman,1,0,0,0,0,0,0,0,Junior,0,0,0,0,0,Woman,0,0,0,0,0,0,0,0,0,0,0,0,1,1,1,1,0,1,0,0,0,1,0,0,0,1,0,0,0,Computer Science,0,0,0,0,0,0,0,No,Prefer not to say,Prefer not to say,No,No
True,Maybe,Maybe,Maybe,Maybe,Yes,No,Woman,1,0,0,0,0,0,0,0,Junior,0,0,0,0,0,Woman,0,0,0,0,0,0,0,0,0,0,0,0,1,1,1,1,0,1,0,0,0,1,0,0,0,1,0,0,0,Computer Science,0,0,0,0,0,0,0,No,Prefer not to say,Prefer not to say,No,No
True,Maybe,Maybe,Maybe,Maybe,Yes,No,Woman,1,0,0,0,0,0,0,0,Junior,0,0,0,0,0,Woman,0,0,0,0,0,0,0,0,0,0,0,0,1,1,1,1,0,1,0,0,0,1,0,0,0,1,0,0,0,Computer Science,0,0,0,0,0,0,0,No,Prefer not to say,Prefer not to say,No,No
True,Maybe,Maybe,Maybe,Maybe,Yes,No,Woman,1,0,0,0,0,0,0,0,Junior,0,0,0,0,0,Woman,0,0,0,0,0,0,0,0,0,0,0,0,1,1,1,1,0,1,0,0,0,1,0,0,0,1,0,0,0,Computer Science,0,0,0,0,0,0,0,No,Prefer not to say,Prefer not to say,No,No
True,Maybe,Maybe,Maybe,Maybe,Yes,No,Woman,1,0,0,0,0,0,0,0,Junior,0,0,0,0,0,Woman,0,0,0,0,0,0,0,0,0,0,0,0,1,1,1,1,0,1,0,0,0,1,0,0,0,1,0,0,0,Computer Science,0,0,0,0,0,0,0,No,Prefer not to say,Prefer not to say,No,No
True,Maybe,Maybe,Maybe,Maybe,Yes,No,Woman,1,0,0,0,0,0,0,0,Junior,0,0,0,0,0,Woman,0,0,0,0,0,0,0,0,0,0,0,0,1,1,1,1,0,1,0,0,0,1,0,0,0,1,0,0,0,Computer Science,0,0,0,0,0,0,0,No,Prefer not to say,Prefer not to say,No,No
True,Maybe,Maybe,Maybe,Maybe,Yes,No,Woman,1,0,0,0,0,0,0,0,Junior,0,0,0,0,0,Woman,0,0,0,0,0,0,0,0,0,0,0,0,1,1,1,1,0,1,0,0,0,1,0,0,0,1,0,0,0,Computer Science,0,0,0,0,0,0,0,No,Prefer not to say,Prefer not to say,No,No
True,Yes,No,No,Yes,Yes,No,Woman,1,0,1,1,1,0,1,0,Senior,0,0,0,0,1,Woman,0,0,0,0,0,0,1,0,0,0,0,0,1,1,1,1,1,1,0,0,1,1,0,0,0,1,0,0,0,Computer Science,0,0,0,1,0,0,0,No,Yes,Yes,No,No
True,Maybe,Maybe,Maybe,Yes,Yes,Yes,Woman,0,0,1,0,1,0,0,1,Freshman,1,1,1,1,0,Woman,1,0,0,0,0,0,0,0,0,0,0,0,1,0,1,0,1,0,0,0,1,0,0,1,0,0,0,1,0,Undecided,1,1,0,0,0,0,0,No,No,No,Yes,No
True,No,No,Maybe,No,Maybe,Yes,Man,1,0,1,1,1,1,0,1,Sophomore,1,1,1,1,0,Man,1,0,0,0,0,1,0,0,0,0,0,0,1,1,1,1,1,1,0,1,1,1,1,0,0,0,0,0,0,Computer Science,0,0,0,1,0,0,0,No,No,No,Yes,No
True,Maybe,Yes,No,No,No,Yes,Man,0,0,1,1,0,1,0,0,Junior,1,0,1,0,1,Man,0,0,0,0,0,0,0,0,0,0,0,0,1,1,0,0,1,1,0,0,1,1,0,0,1,0,0,0,0,Computer Science,0,0,0,1,0,0,0,No,No,No,Yes,No
True,No,No,No,No,Maybe,Yes,Man,1,1,1,1,1,0,1,0,Freshman,1,0,1,0,1,Man,0,0,0,0,0,0,0,0,0,0,0,0,1,1,1,1,1,1,0,0,0,1,0,1,0,1,0,0,0,Computer Science,0,0,0,1,0,0,0,No,No,No,No,No
True,Maybe,Yes,No,Maybe,Yes,Yes,Man,1,1,0,0,0,0,0,1,Sophomore,1,0,0,0,1,Man,0,0,0,0,0,0,0,0,0,0,0,0,1,1,1,1,0,0,0,0,0,0,0,0,0,1,0,0,0,Computer Science,1,0,0,1,0,0,0,No,No,No,Yes,Yes
True,Maybe,Yes,Maybe,Yes,Yes,Maybe,Woman,0,1,1,1,1,0,0,0,Sophomore,0,0,1,0,1,Woman,0,0,0,0,0,0,0,0,0,0,0,0,1,0,0,0,0,0,0,0,0,1,0,0,0,1,0,0,0,Computer Science,0,0,0,1,0,0,0,No,No,No,No,No
True,Maybe,No,No,Maybe,Maybe,Yes,Woman,0,0,1,1,1,0,1,1,Senior,1,1,1,0,0,Woman,0,0,0,0,0,0,0,0,0,0,0,0,1,1,0,0,0,0,0,0,0,0,0,0,0,1,0,0,0,Computer Science,0,0,0,1,0,0,0,No,No,No,No,Yes
True,No,Maybe,No,Yes,Yes,Yes,Man,1,0,1,1,1,0,1,0,Freshman,0,0,1,0,1,Man,0,0,0,0,0,0,0,0,0,0,0,1,1,1,1,1,1,1,0,0,1,0,0,1,0,0,0,0,1,Computer Science,0,0,0,1,0,0,0,No,No,No,No,Yes
True,Yes,Maybe,No,Yes,Yes,Yes,Man,1,0,1,1,1,0,1,1,Freshman,1,0,1,0,1,Man,0,0,0,0,0,1,0,0,0,0,0,0,1,1,1,1,1,1,0,0,0,1,0,0,0,0,0,0,1,Computer Science,0,0,0,1,0,0,0,No,No,No,No,No
True,Maybe,No,No,Maybe,Yes,Yes,Man,1,0,0,1,1,0,1,0,Junior,1,0,1,0,1,Man,0,0,0,0,0,0,0,0,0,0,0,0,1,1,1,1,1,1,0,0,0,1,0,0,0,0,0,0,1,Computer Science,0,0,1,0,0,0,0,No,No,Yes,No,No
True,Yes,Yes,No,Yes,Yes,Yes,Woman,1,0,1,1,1,0,1,1,Sophomore,1,0,1,0,1,Woman,0,0,0,0,0,0,0,0,0,0,0,0,1,1,1,1,1,1,0,1,1,1,0,0,0,0,0,0,1,Mathematics,0,0,0,1,0,0,0,No,No,No,No,No
True,Yes,Yes,No,Yes,Yes,Yes,Man,1,0,0,1,1,0,1,0,Freshman,1,0,1,0,1,Man,0,0,0,0,0,0,0,0,0,0,0,0,1,1,1,1,0,0,0,0,1,1,0,0,0,0,0,0,1,Computer Science,0,0,0,1,0,0,0,No,No,No,No,Yes
True,No,Yes,No,No,No,Yes,Woman,0,1,0,0,0,1,0,0,Junior,0,1,0,1,0,Woman,0,1,1,0,0,0,0,1,1,0,0,0,1,1,1,1,1,1,0,1,0,0,0,0,0,0,0,0,1,Computer Science,0,0,1,0,0,0,0,Yes,No,No,Yes,No
True,Maybe,Yes,Yes,Maybe,Yes,No,Woman,0,1,1,0,1,1,1,0,Freshman,0,1,0,1,0,Woman,1,0,0,0,0,0,0,0,0,0,0,0,1,1,0,1,0,1,0,1,1,1,0,0,0,1,0,0,0,Undecided,0,0,0,1,0,0,0,No,No,No,No,No
True,Yes,No,No,Yes,Yes,Yes,Man,0,1,1,1,0,0,1,1,Graduate Student,1,0,0,0,0,Man,0,0,0,0,0,0,0,0,0,0,0,0,1,1,1,1,1,1,0,0,0,1,0,0,0,0,0,0,1,Engineering-based,0,1,0,0,0,0,0,No,No,No,No,No
True,Maybe,Yes,No,No,No,Yes,Woman,0,0,1,0,0,1,1,0,Junior,0,1,1,1,0,Woman,0,1,0,0,0,0,0,1,0,0,0,0,1,1,1,1,1,1,0,1,1,0,0,0,0,1,0,0,0,Engineering-based,0,0,0,1,0,0,0,No,No,No,No,No
True,No,No,Yes,No,No,No,Woman,1,0,1,1,0,1,0,0,Graduate Student,1,1,0,0,0,Woman,0,0,0,0,0,0,0,0,0,0,0,0,1,1,0,0,0,0,0,1,1,1,0,0,1,0,0,0,0,Engineering-based,0,0,0,1,0,0,0,No,No,Yes,Yes,Yes
True,Yes,Yes,No,Maybe,Maybe,Maybe,Woman,0,1,1,1,1,1,1,1,Graduate Student,0,0,1,1,1,Woman,0,1,0,0,0,0,1,1,0,0,0,0,1,1,1,1,0,1,0,0,1,1,0,0,0,1,0,0,0,Computer Science,0,0,0,0,0,0,0,No,Prefer not to say,No,Yes,No
True,Maybe,Yes,No,No,Yes,Yes,Non-binary,0,1,0,1,1,0,1,0,Senior,0,1,0,1,0,Other,1,0,0,0,0,0,0,0,0,0,0,0,1,1,1,1,1,1,0,1,1,1,0,0,0,1,0,0,0,Computer Science,0,0,0,0,0,1,0,Yes,Yes,No,No,No
True,Yes,Maybe,No,Yes,Maybe,Yes,Woman,0,0,1,1,1,0,0,0,Junior,0,0,0,0,1,Woman,0,0,0,0,0,0,0,0,0,0,0,0,1,1,1,1,0,0,0,0,0,1,0,0,0,1,0,0,0,Engineering-based,0,0,0,1,0,0,0,No,No,No,No,No
True,Maybe,No,No,Yes,Maybe,Yes,Woman,1,1,1,1,0,0,1,0,Graduate Student,1,1,0,0,1,Woman,0,0,0,0,0,0,0,0,0,0,0,0,1,1,1,1,0,1,0,0,0,1,0,0,0,1,0,0,0,Engineering-based,0,0,0,0,0,0,0,No,No,No,No,No
True,Maybe,Yes,No,Yes,Yes,Maybe,Man,1,0,1,1,1,0,0,0,Sophomore,1,0,0,0,0,Man,0,0,0,0,0,0,0,0,0,0,0,0,0,0,0,0,0,0,0,0,0,1,0,0,0,1,0,0,0,Engineering-based,0,0,0,1,0,0,0,No,Yes,No,No,No
True,Yes,Yes,Yes,No,Yes,Yes,Woman,0,0,1,1,0,1,0,1,Graduate Student,0,1,0,1,0,Woman,0,0,0,0,0,0,1,1,0,0,0,0,1,1,1,1,1,1,0,1,1,1,1,0,0,0,0,0,0,Engineering-based,1,0,0,1,0,0,0,No,No,No,No,No
True,Yes,No,No,Yes,Maybe,Yes,Man,1,0,0,1,0,0,1,0,Senior,0,0,1,0,0,Man,0,0,0,0,0,0,0,0,0,0,0,0,1,1,1,1,1,1,0,0,1,1,0,0,0,0,0,0,1,Engineering-based,0,0,0,0,0,0,0,No,Prefer not to say,No,No,No
True,Yes,Maybe,No,Yes,Yes,Maybe,Man,1,0,0,0,1,0,0,1,Sophomore,1,1,0,0,0,Man,0,0,0,0,0,0,0,0,0,0,0,0,1,1,0,1,0,0,0,0,0,0,0,0,0,1,0,0,0,Computer Science,0,0,0,1,0,0,0,No,No,No,No,Yes
True,Yes,Yes,Maybe,No,Maybe,Yes,Woman,0,1,1,0,1,1,0,1,Sophomore,0,1,1,1,0,Woman,0,0,0,0,0,0,0,0,0,0,0,0,1,1,1,1,1,0,0,0,0,1,0,1,0,0,0,0,0,Computer Science,1,0,0,1,0,0,0,No,No,Yes,No,No
True,Yes,No,No,Yes,Yes,Yes,Man,1,0,1,1,1,1,1,1,Freshman,0,1,1,0,0,Man,0,0,0,0,0,0,0,0,0,0,0,0,1,1,1,1,1,1,0,0,1,1,0,0,0,1,0,0,0,Statistics/DS,0,0,0,1,0,0,0,No,No,No,No,No
True,Yes,Yes,Maybe,No,Yes,Yes,Woman,0,1,1,0,1,0,0,0,Junior,0,1,0,1,0,Woman,0,0,0,0,0,0,0,1,0,0,0,0,1,1,1,1,1,1,0,1,1,0,0,0,0,1,0,0,0,Computer Science,0,0,0,1,0,0,0,No,No,No,Yes,No
True,Maybe,No,No,Maybe,Yes,Maybe,Man,0,0,1,1,1,0,0,0,Graduate Student,1,0,1,0,0,Man,0,0,0,0,0,0,0,0,0,0,0,0,0,0,0,0,0,1,0,0,0,1,0,0,0,1,0,0,0,Engineering-based,0,0,0,1,0,0,0,No,No,No,Yes,Yes
True,Yes,Yes,No,Yes,Yes,Yes,Woman,0,1,1,1,1,1,0,0,Freshman,0,0,1,0,0,Woman,0,0,0,0,0,0,0,1,0,0,0,0,1,1,1,1,1,1,0,0,0,1,0,0,0,1,0,0,0,Undecided,0,1,0,0,0,0,0,No,No,No,Prefer not to say,Prefer not to say
True,Yes,Yes,No,Maybe,Maybe,Yes,Woman,1,1,1,1,1,1,1,0,Freshman,0,1,1,0,1,Woman,0,1,0,0,0,0,0,1,0,0,0,0,0,1,0,0,0,0,0,0,1,1,0,0,0,0,0,0,1,Computer Science,0,0,1,0,0,0,0,No,No,No,No,No
True,No,Yes,No,Maybe,Maybe,Yes,Man,0,0,0,1,1,0,1,1,Sophomore,1,1,1,1,0,Man,0,0,0,0,0,1,0,0,0,0,0,0,1,1,1,1,0,1,0,1,1,1,0,0,0,1,0,0,0,Computer Science,0,0,0,1,0,0,0,No,No,No,No,Yes
True,Yes,Yes,No,No,No,Yes,Woman,0,1,1,1,0,1,1,0,Sophomore,0,1,0,1,0,Woman,0,1,0,0,0,0,1,1,0,0,0,0,1,1,1,1,1,1,0,0,0,0,0,0,0,1,0,0,0,Computer Science,0,0,0,1,0,0,0,No,No,No,No,No
True,Yes,Maybe,No,No,No,Yes,Man,0,0,0,1,1,0,1,0,Senior,0,0,0,0,0,Man,0,0,0,0,0,0,0,0,0,0,0,0,1,1,1,1,1,1,0,1,0,1,0,1,0,1,0,0,0,Engineering-based,0,0,0,1,0,0,0,No,No,Yes,No,No
True,Maybe,Yes,No,No,Maybe,Yes,Prefer not to say,0,1,1,1,0,1,1,0,Junior,0,1,0,1,1,Other,0,0,0,0,0,0,0,0,0,0,0,1,1,1,1,1,1,1,0,1,1,0,0,0,0,1,0,0,0,Engineering-based,0,0,0,0,1,0,0,No,No,No,No,No
True,Maybe,Maybe,No,Yes,No,Yes,Woman,1,1,1,1,1,1,1,1,Sophomore,1,1,0,0,1,Woman,0,1,0,0,0,0,0,1,0,0,0,0,1,1,1,1,0,1,0,0,0,1,0,0,0,0,0,0,1,Engineering-based,0,1,0,0,0,0,0,No,No,No,No,No
True,Maybe,No,No,Maybe,Yes,Yes,Man,1,0,1,1,1,0,1,0,Sophomore,1,0,1,0,1,Man,0,0,0,0,0,0,0,0,0,0,0,1,1,1,0,0,0,1,0,0,0,0,0,0,0,0,0,0,1,Engineering-based,0,0,0,1,0,0,0,No,No,Yes,No,No
True,Yes,Yes,No,Yes,No,No,Woman,1,1,1,1,0,0,1,0,Senior,1,0,0,0,0,Woman,0,1,0,0,0,0,0,1,0,0,0,0,0,0,0,0,0,0,0,0,0,1,0,0,0,0,0,0,0,Engineering-based,0,0,0,0,0,0,0,No,Yes,Prefer not to say,Prefer not to say,Prefer not to say
False,No,Maybe,No,Maybe,Yes,Yes,Woman,1,1,1,1,1,1,0,0,Senior,1,1,1,1,1,Woman,0,1,0,0,0,0,0,1,0,0,0,0,1,1,1,1,1,1,0,1,1,1,0,0,0,0,0,0,1,Computer Science,0,0,0,1,0,0,0,No,No,No,No,No
True,No,Yes,No,Yes,Yes,Yes,Woman,1,1,1,1,1,0,1,1,Freshman,1,1,1,1,0,Woman,0,0,0,0,0,0,0,1,0,0,0,0,1,1,1,1,1,1,0,0,0,1,0,0,0,1,0,0,0,Computer Science,0,0,0,1,0,0,0,No,No,No,No,No
True,Maybe,Yes,No,Yes,Maybe,Yes,Man,0,1,1,1,1,0,0,0,Junior,1,1,1,1,0,Man,0,0,0,0,0,0,0,0,0,0,0,0,1,1,1,1,1,1,0,0,0,1,0,0,0,1,0,0,0,Engineering-based,0,0,0,1,0,0,0,No,No,No,No,No
True,No,No,No,Yes,Yes,Yes,Man,1,0,0,1,1,0,1,0,Freshman,0,0,1,0,1,Man,0,0,0,0,0,0,0,0,0,0,0,0,1,0,0,0,0,0,0,0,0,1,0,1,0,0,0,0,0,Engineering-based,0,0,0,1,0,0,0,No,No,Yes,Yes,No
True,No,Yes,No,No,No,Yes,Man,0,1,1,1,0,1,0,0,Sophomore,0,0,0,0,0,Man,0,0,0,0,0,0,1,1,0,0,0,0,1,1,0,1,1,1,0,0,0,0,1,1,0,0,0,0,0,Engineering-based,0,0,0,1,0,0,0,No,No,Yes,Yes,No
False,No,No,No,No,Maybe,Yes,Man,1,0,1,1,1,0,1,0,Senior,0,0,1,0,1,Man,0,0,0,0,0,0,0,0,0,0,0,0,1,1,1,1,0,1,0,0,0,1,0,0,0,1,0,0,0,Computer Science,0,0,0,1,0,0,0,No,No,No,Prefer not to say,Yes
False,Yes,Yes,No,No,Yes,Yes,Woman,1,1,1,1,1,1,1,1,Senior,0,1,1,1,0,Woman,0,1,0,0,0,0,0,1,0,0,0,0,1,1,1,1,1,1,0,1,1,0,0,0,0,0,0,0,1,Computer Science,0,0,0,1,0,0,0,No,No,No,No,No
False,Yes,No,No,Maybe,Yes,Yes,Woman,0,1,1,1,1,0,0,1,Senior,1,0,1,0,1,Woman,0,0,0,0,0,0,0,0,0,0,0,0,1,1,1,1,1,1,0,0,0,0,0,0,0,1,0,0,0,Computer Science,0,0,0,0,0,1,0,No,No,No,No,No
False,Maybe,Yes,No,No,Yes,Maybe,Man,1,0,1,0,0,1,0,0,Graduate Student,1,0,1,0,1,Man,0,0,0,0,0,0,0,0,0,0,0,0,1,1,1,1,0,1,0,0,0,1,0,0,0,1,0,0,0,Computer Science,0,0,0,1,0,0,0,No,No,No,No,No
False,No,Yes,No,No,Maybe,Yes,Woman,0,1,1,0,1,0,0,1,Graduate Student,0,0,1,0,1,Woman,0,0,0,0,0,0,0,0,0,0,0,0,1,1,1,1,1,1,0,0,0,0,0,0,0,1,0,0,0,Computer Science,0,0,0,0,0,0,0,No,No,No,No,Yes
False,Yes,Yes,No,No,Yes,Yes,Man,0,0,1,1,1,0,1,1,Senior,1,0,1,0,1,Man,0,0,0,0,0,0,0,0,0,0,0,0,1,1,1,1,1,1,0,0,1,1,0,0,0,1,0,0,1,Computer Science,0,0,0,1,0,0,0,No,No,No,No,No
False,No,No,No,Yes,Maybe,Yes,Man,1,0,1,0,1,0,1,1,Senior,1,0,1,0,1,Man,0,0,0,0,0,0,0,0,0,0,0,0,1,1,1,1,1,1,0,0,1,1,0,0,0,0,0,0,1,Computer Science,0,0,0,1,0,0,0,No,No,No,No,No
False,Maybe,Yes,No,Yes,Maybe,Yes,Man,1,0,1,1,1,0,0,0,Senior,1,0,0,0,1,Man,0,1,0,0,0,1,0,0,0,0,0,0,1,1,1,1,0,1,0,0,1,1,0,0,0,0,0,0,1,Engineering-based,0,0,0,1,0,0,0,No,No,No,No,No
False,Yes,Maybe,No,Yes,Yes,Yes,Woman,0,0,1,1,1,1,1,1,Junior,0,0,1,0,1,Woman,0,0,0,0,0,0,0,0,0,0,0,0,1,1,1,1,1,1,0,0,0,1,0,0,0,1,0,0,0,Computer Science,0,0,0,1,0,0,0,No,No,No,No,No
False,Maybe,No,No,Yes,Yes,Yes,Man,1,1,1,0,1,0,1,1,Senior,1,0,1,0,1,Man,0,0,0,0,0,0,0,0,0,0,0,0,1,1,1,1,1,1,0,1,1,1,0,0,0,1,0,0,0,Engineering-based,0,0,0,1,0,0,0,No,Yes,No,No,No
False,Yes,No,Maybe,No,No,Yes,Woman,1,1,1,1,0,1,0,0,Sophomore,0,1,0,1,0,Woman,0,1,0,0,0,0,0,0,0,0,0,0,1,1,1,1,1,1,0,1,1,0,0,0,0,0,0,0,1,Computer Science,0,1,0,0,0,0,0,No,Yes,No,No,No
False,Yes,No,No,Maybe,Yes,No,Man,1,0,1,1,1,0,0,0,Sophomore,0,0,0,0,0,Man,0,0,0,0,0,0,0,0,0,0,0,0,1,1,1,1,1,1,0,0,1,0,0,0,0,0,0,0,1,Computer Science,0,0,1,0,0,0,0,No,No,Yes,Yes,Yes
False,No,Yes,No,No,Yes,Yes,Woman,1,0,1,1,1,1,1,1,Junior,0,1,1,1,1,Woman,1,1,0,0,0,0,0,1,0,0,0,0,1,1,1,1,0,1,0,1,1,1,0,0,0,1,0,0,0,Computer Science,0,0,0,1,0,0,0,No,No,No,Yes,No
False,Maybe,Maybe,No,No,Yes,Yes,Woman,0,0,1,0,1,1,0,0,Senior,0,0,0,1,1,Woman,0,0,0,0,0,0,0,0,0,0,0,0,1,1,1,1,1,1,0,1,1,1,0,0,0,1,0,0,0,Computer Science,0,1,0,0,0,0,0,No,No,Yes,No,Yes
False,Yes,No,No,No,Yes,Yes,Man,1,0,1,1,1,0,1,0,Graduate Student,1,0,1,0,1,Man,0,0,0,0,0,0,0,0,0,0,0,0,1,1,0,1,0,1,0,0,0,1,0,0,0,1,0,0,0,Computer Science,0,0,0,1,0,0,0,No,No,No,No,Yes
False,Yes,Yes,No,Maybe,Yes,Yes,Woman,0,1,1,1,1,1,0,0,Graduate Student,0,1,1,1,1,Woman,0,1,0,0,0,0,0,1,0,0,0,0,1,1,1,1,0,1,0,1,1,1,0,0,0,1,0,0,0,Computer Science,0,0,0,1,0,0,0,No,No,No,No,Yes
False,Maybe,Yes,No,Maybe,Maybe,Yes,Man,0,1,1,0,1,1,1,0,Senior,0,1,1,0,0,Man,0,0,0,0,0,0,0,0,0,0,0,0,1,0,1,0,0,0,0,0,0,1,0,0,0,0,0,0,1,Computer Science,0,0,0,1,0,0,0,No,No,No,No,No
True,No,No,No,No,No,Yes,Woman,1,0,1,0,1,1,0,0,Junior,0,0,1,0,0,Woman,0,0,0,0,1,1,0,0,0,0,1,1,0,0,0,0,1,1,0,0,1,0,0,0,0,1,0,0,0,Undecided,0,1,0,0,0,0,0,No,No,Yes,Yes,No
True,Maybe,Yes,Yes,No,No,Yes,Woman,0,1,1,0,0,1,0,0,Junior,0,1,0,1,0,Woman,0,0,0,0,1,1,0,0,0,0,0,0,1,1,1,1,1,1,0,1,1,0,0,0,0,1,0,0,0,Informatics,0,1,0,1,0,0,0,No,No,Yes,Yes,No
False,No,Yes,No,No,No,Yes,Man,1,0,1,0,0,1,0,0,Senior,0,0,0,0,1,Man,0,0,0,0,0,0,0,0,0,0,0,0,1,1,1,1,0,1,0,0,1,1,0,0,0,1,0,0,0,Engineering-based,0,0,0,1,0,0,0,No,No,No,No,No
False,No,No,No,No,Yes,Yes,Woman,1,1,1,1,1,1,1,0,Junior,0,1,1,0,0,Woman,1,1,0,0,0,0,0,1,0,0,0,0,1,1,1,1,1,1,0,1,1,1,0,0,0,1,0,0,0,Computer Science,0,0,0,1,0,0,0,No,No,No,No,No
True,Maybe,No,No,No,Yes,Yes,Man,0,0,1,0,1,0,0,0,Freshman,1,1,0,0,0,Man,0,0,0,0,0,0,0,0,0,0,0,0,1,1,1,1,0,1,0,0,0,1,0,0,0,1,0,0,0,Computer Science,0,0,0,1,0,0,0,No,No,Yes,Yes,No
False,Yes,No,No,Maybe,Yes,Yes,Woman,1,0,1,1,1,0,1,1,Junior,1,0,1,0,1,Woman,0,0,0,0,0,0,0,1,0,0,0,0,1,1,1,1,1,1,0,0,1,1,0,0,0,1,0,0,0,Computer Science,0,0,0,1,0,0,0,No,No,No,No,No
False,No,Yes,No,Yes,No,Maybe,Man,1,0,1,1,1,1,1,0,Senior,1,0,1,0,1,Man,0,0,0,0,0,0,0,0,0,0,0,0,1,0,0,1,0,0,0,1,1,1,0,0,0,1,0,0,0,Computer Science,0,0,0,1,0,0,0,No,No,No,No,No
False,Maybe,Yes,No,No,Maybe,Yes,Woman,0,0,1,1,1,0,1,1,Sophomore,0,1,1,0,1,Woman,0,1,0,0,0,0,0,1,0,0,0,0,1,1,1,1,1,1,0,1,1,1,0,0,0,1,0,0,0,Computer Science,0,0,0,1,0,0,0,No,No,No,No,No
False,Maybe,No,No,No,Yes,Yes,Woman,0,1,1,1,1,1,0,0,Junior,0,0,0,0,1,Woman,0,0,0,0,0,0,1,1,0,0,0,0,1,1,1,1,0,1,0,1,1,0,0,0,0,1,0,0,0,Computer Science,0,0,0,1,0,0,0,No,No,No,No,No
False,Yes,No,No,Yes,Yes,Yes,Woman,1,0,1,1,1,0,1,1,Senior,1,0,1,0,1,Woman,0,0,0,0,0,0,0,0,0,0,0,0,1,0,0,0,0,0,0,0,0,1,0,0,0,1,0,0,0,Computer Science,0,0,0,1,0,0,0,No,No,No,No,No
False,Yes,No,No,No,Yes,Yes,Man,1,0,1,1,1,0,1,0,Junior,1,0,1,0,0,Man,0,0,0,0,0,0,0,0,1,0,0,0,1,1,1,1,0,1,0,0,1,1,0,0,0,1,0,0,0,Computer Science,0,1,0,0,1,0,0,No,No,No,No,No
True,Maybe,Yes,Maybe,No,No,Yes,Woman,0,1,1,1,1,1,1,1,Junior,0,1,1,1,0,Woman,1,1,0,0,1,0,0,1,0,0,0,0,1,1,1,1,1,1,0,1,1,0,0,0,0,1,0,0,0,Computer Science,0,0,0,1,0,0,0,No,No,Yes,No,Yes
False,No,No,No,Yes,Yes,Yes,Woman,1,0,1,0,1,1,0,1,Junior,1,0,1,0,1,Woman,0,1,0,0,0,0,0,1,0,0,0,0,1,1,1,1,0,0,0,1,1,1,0,0,0,0,0,0,1,Computer Science,0,0,0,1,0,0,0,No,No,No,No,No
False,Yes,No,No,No,Yes,Yes,Man,1,0,1,1,1,0,0,1,Senior,0,0,1,0,1,Man,0,0,0,0,0,1,0,0,0,0,0,0,1,1,1,1,0,0,0,1,1,1,0,0,0,1,0,0,0,Computer Science,0,0,0,1,0,0,0,No,No,No,No,No
False,Yes,No,No,Yes,Yes,Maybe,Man,1,0,1,1,1,0,1,0,Sophomore,1,0,1,0,1,Man,0,0,0,0,0,0,0,0,0,0,0,0,1,1,1,0,0,1,0,0,0,1,0,0,0,0,0,0,1,Computer Science,0,0,0,1,0,0,0,No,No,No,No,No
False,Maybe,Yes,Maybe,No,No,Yes,Man,1,1,1,1,1,1,1,1,Junior,0,0,0,0,1,Man,0,0,0,0,0,0,1,1,0,0,0,1,1,1,1,1,1,1,0,1,1,0,0,0,0,1,0,0,0,Computer Science,0,0,0,1,0,0,0,No,No,No,No,No
False,Maybe,Yes,No,Maybe,No,Yes,Woman,1,0,1,1,1,0,1,0,Senior,0,1,0,0,0,Woman,0,1,0,0,0,0,0,1,0,0,0,0,1,1,1,1,1,1,0,1,1,0,0,0,0,0,0,0,1,Computer Science,0,1,0,0,1,0,0,No,No,No,No,No
False,No,Maybe,No,No,Maybe,Yes,Woman,0,0,0,1,1,0,1,1,Junior,1,1,0,0,1,Woman,0,0,0,0,0,0,0,0,0,0,0,0,1,1,1,1,1,1,0,0,0,1,0,0,0,1,0,0,0,Computer Science,0,0,0,0,0,0,0,No,No,No,No,Yes
False,Maybe,Yes,Yes,Yes,No,Yes,Man,0,1,1,1,0,1,1,1,Junior,0,0,1,0,1,Man,0,0,0,0,0,0,0,0,0,0,0,0,1,1,1,1,1,1,0,0,0,1,0,1,0,0,0,0,1,Computer Science,0,0,0,1,0,0,0,No,No,No,No,No
False,No,No,No,Yes,Yes,Yes,Man,0,1,1,1,1,1,1,1,Fifth year+,1,0,1,0,1,Man,0,0,0,0,0,0,0,0,0,0,0,0,1,1,1,1,1,1,0,0,1,1,0,0,0,0,0,0,1,Computer Science,0,0,0,1,0,0,0,No,No,No,No,No
True,Yes,No,No,Yes,Yes,Yes,Man,1,0,0,1,1,0,0,0,Senior,1,0,1,0,1,Man,1,1,0,0,0,0,0,0,0,0,0,0,1,0,0,0,0,0,0,0,0,1,0,0,0,1,0,0,0,Computer Science,0,0,0,1,0,0,0,No,No,No,No,Yes
True,Yes,No,No,No,No,Yes,Woman,0,0,0,0,0,0,0,0,Senior,1,0,0,0,0,Woman,0,1,0,0,0,0,0,1,0,0,0,0,1,1,1,1,1,1,0,1,0,0,0,0,0,1,0,0,0,Computer Science,0,0,0,1,0,0,0,No,No,No,No,Yes
True,Yes,No,No,Yes,Yes,No,Man,1,0,1,1,1,0,1,0,Senior,1,0,0,0,1,Man,0,0,0,0,0,0,0,0,0,0,0,0,1,0,0,0,0,0,0,0,0,1,0,0,0,1,0,0,0,Computer Science,0,0,0,0,0,0,0,No,No,No,No,Yes
False,No,Yes,No,Maybe,Maybe,Yes,Woman,0,1,1,1,1,1,0,0,Fifth year+,0,1,0,1,1,Woman,1,1,0,0,1,1,0,1,0,0,1,1,1,1,0,0,1,1,0,1,1,0,0,0,0,1,0,0,0,Computer Science,0,0,0,1,0,0,0,No,No,Yes,Yes,No
False,Maybe,Yes,No,Yes,Maybe,Yes,Woman,0,1,0,0,0,1,0,0,Junior,0,0,0,0,0,Woman,0,1,0,0,0,0,0,1,0,0,0,0,0,0,0,0,0,0,0,0,0,0,0,0,0,0,0,0,1,Computer Science,0,0,0,1,0,0,0,No,No,No,No,Yes
False,Yes,Yes,No,Yes,No,Yes,Woman,0,1,1,1,0,1,1,0,Fifth year+,0,1,0,0,0,Woman,1,0,0,0,0,0,0,1,0,0,0,0,1,1,0,0,0,1,0,1,1,0,0,0,0,1,0,0,0,Computer Science,0,0,0,1,0,0,0,No,No,No,No,Yes
True,No,Yes,No,Yes,Yes,Yes,Man,0,1,0,1,1,0,1,1,Freshman,0,0,1,1,1,Man,0,0,0,0,0,0,0,0,0,0,0,0,1,1,1,1,1,1,0,0,0,1,0,1,0,0,0,0,1,Undecided,0,1,0,0,0,0,0,No,No,No,No,No
False,Maybe,No,No,No,Maybe,Yes,Man,1,1,1,1,1,1,1,0,Junior,1,0,0,0,0,Man,0,0,0,0,0,0,0,0,0,0,0,0,1,1,1,1,1,1,0,0,0,1,0,0,0,0,0,0,1,Computer Science,0,0,0,1,0,0,0,No,No,No,No,No
True,Yes,Yes,No,Yes,Maybe,Yes,Man,1,0,1,1,0,0,1,0,Junior,0,0,0,0,1,Man,0,0,0,0,0,0,0,0,0,0,0,0,1,0,0,1,0,0,0,0,0,0,0,0,0,1,0,0,0,Engineering-based,0,0,0,1,0,0,0,No,No,No,No,No
True,Maybe,Yes,No,Yes,Maybe,Yes,Woman,0,1,1,1,1,0,0,0,Junior,0,1,0,1,0,Woman,0,1,0,0,0,0,0,1,0,0,0,0,1,1,1,1,1,1,0,1,1,1,0,0,0,1,0,0,0,Computer Science,0,0,0,1,0,0,0,No,No,No,No,No
False,Maybe,Maybe,No,Maybe,Maybe,Yes,Woman,0,1,1,1,0,0,0,0,Senior,0,1,1,1,0,Woman,0,1,0,0,0,0,1,1,0,0,0,0,1,1,1,1,1,1,0,1,1,1,0,0,0,1,0,0,0,Computer Science,0,0,0,1,0,0,0,No,No,No,No,No
True,Yes,No,No,Yes,Yes,Yes,Woman,0,1,1,1,1,0,0,0,Senior,0,1,0,0,1,Woman,1,0,0,0,0,0,1,0,0,0,0,0,1,1,1,1,0,0,0,0,1,0,0,0,0,1,0,0,0,Computer Science,0,0,0,1,0,0,0,No,No,No,No,Yes
True,Yes,No,No,Yes,Yes,Maybe,Man,1,1,0,1,1,0,1,0,Sophomore,1,0,1,0,1,Man,0,0,0,0,0,0,0,0,0,0,0,0,1,1,1,1,0,1,0,0,0,1,0,0,0,0,0,0,1,Computer Science,0,0,0,1,0,0,0,No,No,No,No,No
False,No,Yes,No,No,Yes,Yes,Woman,1,0,1,1,1,0,1,0,Senior,0,1,1,1,0,Woman,0,1,0,0,0,0,0,0,0,0,0,0,1,1,1,1,1,1,0,0,1,1,0,0,0,1,0,0,0,Computer Science,0,0,0,1,0,0,0,No,No,Yes,No,Yes
False,Maybe,Yes,No,No,Yes,Yes,Man,0,1,1,1,1,0,1,1,Junior,0,0,1,0,1,Man,1,0,0,0,0,1,1,0,0,0,0,0,1,1,1,1,1,1,0,0,0,1,0,1,0,0,0,0,1,Computer Science,0,0,0,1,0,0,0,No,No,No,No,Yes
